run	bioproject	biosample	continent	acidic_soil_type	ecosystem	location	latitude	longitude	pH	pH_status	selection_reason	project_dedup_group	site_dedup_group	selection_rank	coordinate_status	metadata_quality_flag	include_in_global_balanced_pilot	source_type	soil_only	acidic_soil	soil_source_evidence
SRR39138955	PRJNA1478117	SAMN60832194	Asia	China red/acid soil	Red/acid soil	China:Beijing	39.906217	116.3912766		needs_metadata_or_OpenLandMap_confirmation	Asia representative; China red/acid soil	PRJNA1478117	China:Beijing		confirmed_lat_lon	not_selected_after_project_dedup:candidate	no	external_acidic_soil_project_reads	yes	yes	Metagenome or environmental sample from soil metagenome; Experimental sample; China:Beijing; 39.906217 N 116.3912766 E
SRR39138956	PRJNA1478117	SAMN60832193	Asia	China red/acid soil	Red/acid soil	China:Beijing	39.906217	116.3912765		needs_metadata_or_OpenLandMap_confirmation	Asia representative; China red/acid soil	PRJNA1478117	China:Beijing		confirmed_lat_lon	not_selected_after_project_dedup:candidate	no	external_acidic_soil_project_reads	yes	yes	Metagenome or environmental sample from soil metagenome; Experimental sample; China:Beijing; 39.906217 N 116.3912765 E
SRR39138957	PRJNA1478117	SAMN60832192	Asia	China red/acid soil	Red/acid soil	China:Beijing	39.906217	116.3912764		needs_metadata_or_OpenLandMap_confirmation	Asia representative; China red/acid soil	PRJNA1478117	China:Beijing		confirmed_lat_lon	not_selected_after_project_dedup:candidate	no	external_acidic_soil_project_reads	yes	yes	Metagenome or environmental sample from soil metagenome; Experimental sample; China:Beijing; 39.906217 N 116.3912764 E
SRR39138958	PRJNA1478117	SAMN60832191	Asia	China red/acid soil	Red/acid soil	China:Beijing	39.906217	116.3912763		needs_metadata_or_OpenLandMap_confirmation	Asia representative; China red/acid soil	PRJNA1478117	China:Beijing		confirmed_lat_lon	not_selected_after_project_dedup:candidate	no	external_acidic_soil_project_reads	yes	yes	Metagenome or environmental sample from soil metagenome; Experimental sample; China:Beijing; 39.906217 N 116.3912763 E
SRR39138959	PRJNA1478117	SAMN60832190	Asia	China red/acid soil	Red/acid soil	China:Beijing	39.906217	116.3912762		needs_metadata_or_OpenLandMap_confirmation	Asia representative; China red/acid soil	PRJNA1478117	China:Beijing		confirmed_lat_lon	not_selected_after_project_dedup:candidate	no	external_acidic_soil_project_reads	yes	yes	Metagenome or environmental sample from soil metagenome; Experimental sample; China:Beijing; 39.906217 N 116.3912762 E
SRR39138960	PRJNA1478117	SAMN60832189	Asia	China red/acid soil	Red/acid soil	China:Beijing	39.906217	116.3912761		needs_metadata_or_OpenLandMap_confirmation	Asia representative; China red/acid soil	PRJNA1478117	China:Beijing		confirmed_lat_lon	not_selected_after_project_dedup:candidate	no	external_acidic_soil_project_reads	yes	yes	Metagenome or environmental sample from soil metagenome; Experimental sample; China:Beijing; 39.906217 N 116.3912761 E
SRR39138961	PRJNA1478117	SAMN60832188	Asia	China red/acid soil	Red/acid soil	China:Beijing	39.906217	116.391276		needs_metadata_or_OpenLandMap_confirmation	Asia representative; China red/acid soil	PRJNA1478117	China:Beijing		confirmed_lat_lon	not_selected_after_project_dedup:candidate	no	external_acidic_soil_project_reads	yes	yes	Metagenome or environmental sample from soil metagenome; Experimental sample; China:Beijing; 39.906217 N 116.3912760 E
SRR39138962	PRJNA1478117	SAMN60832187	Asia	China red/acid soil	Red/acid soil	China:Beijing	39.906217	116.3912759		needs_metadata_or_OpenLandMap_confirmation	Asia representative; China red/acid soil	PRJNA1478117	China:Beijing		confirmed_lat_lon	not_selected_after_project_dedup:candidate	no	external_acidic_soil_project_reads	yes	yes	Metagenome or environmental sample from soil metagenome; Experimental sample; China:Beijing; 39.906217 N 116.3912759 E
SRR39138963	PRJNA1478117	SAMN60832204	Asia	China red/acid soil	Red/acid soil	China:Beijing	39.906217	116.3912776		needs_metadata_or_OpenLandMap_confirmation	Asia representative; China red/acid soil	PRJNA1478117	China:Beijing		confirmed_lat_lon	not_selected_after_project_dedup:candidate	no	external_acidic_soil_project_reads	yes	yes	Metagenome or environmental sample from soil metagenome; Experimental sample; China:Beijing; 39.906217 N 116.3912776 E
SRR39138964	PRJNA1478117	SAMN60832203	Asia	China red/acid soil	Red/acid soil	China:Beijing	39.906217	116.3912775		needs_metadata_or_OpenLandMap_confirmation	Asia representative; China red/acid soil	PRJNA1478117	China:Beijing		confirmed_lat_lon	not_selected_after_project_dedup:candidate	no	external_acidic_soil_project_reads	yes	yes	Metagenome or environmental sample from soil metagenome; Experimental sample; China:Beijing; 39.906217 N 116.3912775 E
SRR39138965	PRJNA1478117	SAMN60832202	Asia	China red/acid soil	Red/acid soil	China:Beijing	39.906217	116.3912774		needs_metadata_or_OpenLandMap_confirmation	Asia representative; China red/acid soil	PRJNA1478117	China:Beijing		confirmed_lat_lon	not_selected_after_project_dedup:candidate	no	external_acidic_soil_project_reads	yes	yes	Metagenome or environmental sample from soil metagenome; Experimental sample; China:Beijing; 39.906217 N 116.3912774 E
SRR39138966	PRJNA1478117	SAMN60832201	Asia	China red/acid soil	Red/acid soil	China:Beijing	39.906217	116.3912773		needs_metadata_or_OpenLandMap_confirmation	Asia representative; China red/acid soil	PRJNA1478117	China:Beijing		confirmed_lat_lon	not_selected_after_project_dedup:candidate	no	external_acidic_soil_project_reads	yes	yes	Metagenome or environmental sample from soil metagenome; Experimental sample; China:Beijing; 39.906217 N 116.3912773 E
SRR39138967	PRJNA1478117	SAMN60832200	Asia	China red/acid soil	Red/acid soil	China:Beijing	39.906217	116.3912772		needs_metadata_or_OpenLandMap_confirmation	Asia representative; China red/acid soil	PRJNA1478117	China:Beijing		confirmed_lat_lon	not_selected_after_project_dedup:candidate	no	external_acidic_soil_project_reads	yes	yes	Metagenome or environmental sample from soil metagenome; Experimental sample; China:Beijing; 39.906217 N 116.3912772 E
SRR39138968	PRJNA1478117	SAMN60832199	Asia	China red/acid soil	Red/acid soil	China:Beijing	39.906217	116.3912771		needs_metadata_or_OpenLandMap_confirmation	Asia representative; China red/acid soil	PRJNA1478117	China:Beijing		confirmed_lat_lon	not_selected_after_project_dedup:candidate	no	external_acidic_soil_project_reads	yes	yes	Metagenome or environmental sample from soil metagenome; Experimental sample; China:Beijing; 39.906217 N 116.3912771 E
SRR39138969	PRJNA1478117	SAMN60832198	Asia	China red/acid soil	Red/acid soil	China:Beijing	39.906217	116.391277		needs_metadata_or_OpenLandMap_confirmation	Asia representative; China red/acid soil	PRJNA1478117	China:Beijing		confirmed_lat_lon	not_selected_after_project_dedup:candidate	no	external_acidic_soil_project_reads	yes	yes	Metagenome or environmental sample from soil metagenome; Experimental sample; China:Beijing; 39.906217 N 116.3912770 E
SRR39138970	PRJNA1478117	SAMN60832197	Asia	China red/acid soil	Red/acid soil	China:Beijing	39.906217	116.3912769		needs_metadata_or_OpenLandMap_confirmation	Asia representative; China red/acid soil	PRJNA1478117	China:Beijing		confirmed_lat_lon	not_selected_after_project_dedup:candidate	no	external_acidic_soil_project_reads	yes	yes	Metagenome or environmental sample from soil metagenome; Experimental sample; China:Beijing; 39.906217 N 116.3912769 E
SRR39138971	PRJNA1478117	SAMN60832196	Asia	China red/acid soil	Red/acid soil	China:Beijing	39.906217	116.3912768		needs_metadata_or_OpenLandMap_confirmation	Asia representative; China red/acid soil	PRJNA1478117	China:Beijing		confirmed_lat_lon	not_selected_after_project_dedup:candidate	no	external_acidic_soil_project_reads	yes	yes	Metagenome or environmental sample from soil metagenome; Experimental sample; China:Beijing; 39.906217 N 116.3912768 E
SRR39138972	PRJNA1478117	SAMN60832195	Asia	China red/acid soil	Red/acid soil	China:Beijing	39.906217	116.3912767		needs_metadata_or_OpenLandMap_confirmation	Asia representative; China red/acid soil	PRJNA1478117	China:Beijing		confirmed_lat_lon	not_selected_after_project_dedup:candidate	no	external_acidic_soil_project_reads	yes	yes	Metagenome or environmental sample from soil metagenome; Experimental sample; China:Beijing; 39.906217 N 116.3912767 E
SRR39138973	PRJNA1478117	SAMN60832186	Asia	China red/acid soil	Red/acid soil	China:Beijing	39.906217	116.3912758		needs_metadata_or_OpenLandMap_confirmation	Asia representative; China red/acid soil	PRJNA1478117	China:Beijing		confirmed_lat_lon	not_selected_after_project_dedup:candidate	no	external_acidic_soil_project_reads	yes	yes	Metagenome or environmental sample from soil metagenome; Experimental sample; China:Beijing; 39.906217 N 116.3912758 E
SRR39138974	PRJNA1478117	SAMN60832185	Asia	China red/acid soil	Red/acid soil	China:Beijing	39.906217	116.3912757		needs_metadata_or_OpenLandMap_confirmation	Asia representative; China red/acid soil	PRJNA1478117	China:Beijing		confirmed_lat_lon	not_selected_after_project_dedup:candidate	no	external_acidic_soil_project_reads	yes	yes	Metagenome or environmental sample from soil metagenome; Experimental sample; China:Beijing; 39.906217 N 116.3912757 E
SRR39138883	PRJNA1478114	SAMN60832137	Asia	China red/acid soil	Red/acid soil	China:Beijing	39.906217	116.3912766		needs_metadata_or_OpenLandMap_confirmation	Asia representative; China red/acid soil	PRJNA1478114	China:Beijing		confirmed_lat_lon	not_selected_after_project_dedup:candidate	no	external_acidic_soil_project_reads	yes	yes	Metagenome or environmental sample from soil metagenome; Experimental sample; China:Beijing; 39.906217 N 116.3912766 E
SRR39138884	PRJNA1478114	SAMN60832136	Asia	China red/acid soil	Red/acid soil	China:Beijing	39.906217	116.3912765		needs_metadata_or_OpenLandMap_confirmation	Asia representative; China red/acid soil	PRJNA1478114	China:Beijing		confirmed_lat_lon	not_selected_after_project_dedup:candidate	no	external_acidic_soil_project_reads	yes	yes	Metagenome or environmental sample from soil metagenome; Experimental sample; China:Beijing; 39.906217 N 116.3912765 E
SRR39138885	PRJNA1478114	SAMN60832135	Asia	China red/acid soil	Red/acid soil	China:Beijing	39.906217	116.3912764		needs_metadata_or_OpenLandMap_confirmation	Asia representative; China red/acid soil	PRJNA1478114	China:Beijing		confirmed_lat_lon	not_selected_after_project_dedup:candidate	no	external_acidic_soil_project_reads	yes	yes	Metagenome or environmental sample from soil metagenome; Experimental sample; China:Beijing; 39.906217 N 116.3912764 E
SRR39138886	PRJNA1478114	SAMN60832134	Asia	China red/acid soil	Red/acid soil	China:Beijing	39.906217	116.3912763		needs_metadata_or_OpenLandMap_confirmation	Asia representative; China red/acid soil	PRJNA1478114	China:Beijing		confirmed_lat_lon	not_selected_after_project_dedup:candidate	no	external_acidic_soil_project_reads	yes	yes	Metagenome or environmental sample from soil metagenome; Experimental sample; China:Beijing; 39.906217 N 116.3912763 E
SRR39138887	PRJNA1478114	SAMN60832133	Asia	China red/acid soil	Red/acid soil	China:Beijing	39.906217	116.3912762		needs_metadata_or_OpenLandMap_confirmation	Asia representative; China red/acid soil	PRJNA1478114	China:Beijing		confirmed_lat_lon	not_selected_after_project_dedup:candidate	no	external_acidic_soil_project_reads	yes	yes	Metagenome or environmental sample from soil metagenome; Experimental sample; China:Beijing; 39.906217 N 116.3912762 E
SRR39138888	PRJNA1478114	SAMN60832132	Asia	China red/acid soil	Red/acid soil	China:Beijing	39.906217	116.3912761		needs_metadata_or_OpenLandMap_confirmation	Asia representative; China red/acid soil	PRJNA1478114	China:Beijing		confirmed_lat_lon	not_selected_after_project_dedup:candidate	no	external_acidic_soil_project_reads	yes	yes	Metagenome or environmental sample from soil metagenome; Experimental sample; China:Beijing; 39.906217 N 116.3912761 E
SRR39138889	PRJNA1478114	SAMN60832131	Asia	China red/acid soil	Red/acid soil	China:Beijing	39.906217	116.391276		needs_metadata_or_OpenLandMap_confirmation	Asia representative; China red/acid soil	PRJNA1478114	China:Beijing		confirmed_lat_lon	not_selected_after_project_dedup:candidate	no	external_acidic_soil_project_reads	yes	yes	Metagenome or environmental sample from soil metagenome; Experimental sample; China:Beijing; 39.906217 N 116.3912760 E
SRR39138890	PRJNA1478114	SAMN60832130	Asia	China red/acid soil	Red/acid soil	China:Beijing	39.906217	116.3912759		needs_metadata_or_OpenLandMap_confirmation	Asia representative; China red/acid soil	PRJNA1478114	China:Beijing		confirmed_lat_lon	not_selected_after_project_dedup:candidate	no	external_acidic_soil_project_reads	yes	yes	Metagenome or environmental sample from soil metagenome; Experimental sample; China:Beijing; 39.906217 N 116.3912759 E
SRR39138891	PRJNA1478114	SAMN60832147	Asia	China red/acid soil	Red/acid soil	China:Beijing	39.906217	116.3912776		needs_metadata_or_OpenLandMap_confirmation	Asia representative; China red/acid soil	PRJNA1478114	China:Beijing		confirmed_lat_lon	not_selected_after_project_dedup:candidate	no	external_acidic_soil_project_reads	yes	yes	Metagenome or environmental sample from soil metagenome; Experimental sample; China:Beijing; 39.906217 N 116.3912776 E
SRR39138892	PRJNA1478114	SAMN60832146	Asia	China red/acid soil	Red/acid soil	China:Beijing	39.906217	116.3912775		needs_metadata_or_OpenLandMap_confirmation	Asia representative; China red/acid soil	PRJNA1478114	China:Beijing		confirmed_lat_lon	not_selected_after_project_dedup:candidate	no	external_acidic_soil_project_reads	yes	yes	Metagenome or environmental sample from soil metagenome; Experimental sample; China:Beijing; 39.906217 N 116.3912775 E
SRR39138893	PRJNA1478114	SAMN60832145	Asia	China red/acid soil	Red/acid soil	China:Beijing	39.906217	116.3912774		needs_metadata_or_OpenLandMap_confirmation	Asia representative; China red/acid soil	PRJNA1478114	China:Beijing		confirmed_lat_lon	not_selected_after_project_dedup:candidate	no	external_acidic_soil_project_reads	yes	yes	Metagenome or environmental sample from soil metagenome; Experimental sample; China:Beijing; 39.906217 N 116.3912774 E
SRR39138894	PRJNA1478114	SAMN60832144	Asia	China red/acid soil	Red/acid soil	China:Beijing	39.906217	116.3912773		needs_metadata_or_OpenLandMap_confirmation	Asia representative; China red/acid soil	PRJNA1478114	China:Beijing		confirmed_lat_lon	not_selected_after_project_dedup:candidate	no	external_acidic_soil_project_reads	yes	yes	Metagenome or environmental sample from soil metagenome; Experimental sample; China:Beijing; 39.906217 N 116.3912773 E
SRR39138895	PRJNA1478114	SAMN60832143	Asia	China red/acid soil	Red/acid soil	China:Beijing	39.906217	116.3912772		needs_metadata_or_OpenLandMap_confirmation	Asia representative; China red/acid soil	PRJNA1478114	China:Beijing		confirmed_lat_lon	not_selected_after_project_dedup:candidate	no	external_acidic_soil_project_reads	yes	yes	Metagenome or environmental sample from soil metagenome; Experimental sample; China:Beijing; 39.906217 N 116.3912772 E
SRR39138896	PRJNA1478114	SAMN60832142	Asia	China red/acid soil	Red/acid soil	China:Beijing	39.906217	116.3912771		needs_metadata_or_OpenLandMap_confirmation	Asia representative; China red/acid soil	PRJNA1478114	China:Beijing		confirmed_lat_lon	not_selected_after_project_dedup:candidate	no	external_acidic_soil_project_reads	yes	yes	Metagenome or environmental sample from soil metagenome; Experimental sample; China:Beijing; 39.906217 N 116.3912771 E
SRR39138897	PRJNA1478114	SAMN60832141	Asia	China red/acid soil	Red/acid soil	China:Beijing	39.906217	116.391277		needs_metadata_or_OpenLandMap_confirmation	Asia representative; China red/acid soil	PRJNA1478114	China:Beijing		confirmed_lat_lon	not_selected_after_project_dedup:candidate	no	external_acidic_soil_project_reads	yes	yes	Metagenome or environmental sample from soil metagenome; Experimental sample; China:Beijing; 39.906217 N 116.3912770 E
SRR39138898	PRJNA1478114	SAMN60832140	Asia	China red/acid soil	Red/acid soil	China:Beijing	39.906217	116.3912769		needs_metadata_or_OpenLandMap_confirmation	Asia representative; China red/acid soil	PRJNA1478114	China:Beijing		confirmed_lat_lon	not_selected_after_project_dedup:candidate	no	external_acidic_soil_project_reads	yes	yes	Metagenome or environmental sample from soil metagenome; Experimental sample; China:Beijing; 39.906217 N 116.3912769 E
SRR39138899	PRJNA1478114	SAMN60832139	Asia	China red/acid soil	Red/acid soil	China:Beijing	39.906217	116.3912768		needs_metadata_or_OpenLandMap_confirmation	Asia representative; China red/acid soil	PRJNA1478114	China:Beijing		confirmed_lat_lon	not_selected_after_project_dedup:candidate	no	external_acidic_soil_project_reads	yes	yes	Metagenome or environmental sample from soil metagenome; Experimental sample; China:Beijing; 39.906217 N 116.3912768 E
SRR39138900	PRJNA1478114	SAMN60832138	Asia	China red/acid soil	Red/acid soil	China:Beijing	39.906217	116.3912767		needs_metadata_or_OpenLandMap_confirmation	Asia representative; China red/acid soil	PRJNA1478114	China:Beijing		confirmed_lat_lon	not_selected_after_project_dedup:candidate	no	external_acidic_soil_project_reads	yes	yes	Metagenome or environmental sample from soil metagenome; Experimental sample; China:Beijing; 39.906217 N 116.3912767 E
SRR39138901	PRJNA1478114	SAMN60832129	Asia	China red/acid soil	Red/acid soil	China:Beijing	39.906217	116.3912758		needs_metadata_or_OpenLandMap_confirmation	Asia representative; China red/acid soil	PRJNA1478114	China:Beijing		confirmed_lat_lon	not_selected_after_project_dedup:candidate	no	external_acidic_soil_project_reads	yes	yes	Metagenome or environmental sample from soil metagenome; Experimental sample; China:Beijing; 39.906217 N 116.3912758 E
SRR39138902	PRJNA1478114	SAMN60832128	Asia	China red/acid soil	Red/acid soil	China:Beijing	39.906217	116.3912757		needs_metadata_or_OpenLandMap_confirmation	Asia representative; China red/acid soil	PRJNA1478114	China:Beijing		confirmed_lat_lon	not_selected_after_project_dedup:candidate	no	external_acidic_soil_project_reads	yes	yes	Metagenome or environmental sample from soil metagenome; Experimental sample; China:Beijing; 39.906217 N 116.3912757 E
SRR38487131	PRJNA1464032	SAMN59653708	Asia	China red/acid soil	Red/acid soil	China: Fujian	27.72	117.7		needs_metadata_or_OpenLandMap_confirmation	Asia representative; China red/acid soil	PRJNA1464032	China: Fujian		confirmed_lat_lon	not_selected_after_project_dedup:candidate	no	external_acidic_soil_project_reads	yes	yes	MIMS Environmental/Metagenome sample from soil metagenome; Subtropical Humid Broadleaf Forest Biome [ENVO:01000230]; subtropical humid broadleaf forest biome [ENVO:01000230]|acidic red soil [ENVO:00003035]; red soil [ENVO:00003035]|yellow soil [ENVO:00003036]; China: Fujian; 27.72 N 117.70 E
SRR38487132	PRJNA1464032	SAMN59653707	Asia	China red/acid soil	Red/acid soil	China: Fujian	27.72	117.7		needs_metadata_or_OpenLandMap_confirmation	Asia representative; China red/acid soil	PRJNA1464032	China: Fujian		confirmed_lat_lon	not_selected_after_project_dedup:candidate	no	external_acidic_soil_project_reads	yes	yes	MIMS Environmental/Metagenome sample from soil metagenome; Subtropical Humid Broadleaf Forest Biome [ENVO:01000230]; subtropical humid broadleaf forest biome [ENVO:01000230]|acidic red soil [ENVO:00003035]; red soil [ENVO:00003035]|yellow soil [ENVO:00003036]; China: Fujian; 27.72 N 117.70 E
SRR38487133	PRJNA1464032	SAMN59653706	Asia	China red/acid soil	Red/acid soil	China: Fujian	27.72	117.7		needs_metadata_or_OpenLandMap_confirmation	Asia representative; China red/acid soil	PRJNA1464032	China: Fujian		confirmed_lat_lon	not_selected_after_project_dedup:candidate	no	external_acidic_soil_project_reads	yes	yes	MIMS Environmental/Metagenome sample from soil metagenome; Subtropical Humid Broadleaf Forest Biome [ENVO:01000230]; subtropical humid broadleaf forest biome [ENVO:01000230]|acidic red soil [ENVO:00003035]; red soil [ENVO:00003035]|yellow soil [ENVO:00003036]; China: Fujian; 27.72 N 117.70 E
SRR38487134	PRJNA1464032	SAMN59653705	Asia	China red/acid soil	Red/acid soil	China: Fujian	27.72	117.7		needs_metadata_or_OpenLandMap_confirmation	Asia representative; China red/acid soil	PRJNA1464032	China: Fujian		confirmed_lat_lon	not_selected_after_project_dedup:candidate	no	external_acidic_soil_project_reads	yes	yes	MIMS Environmental/Metagenome sample from soil metagenome; Subtropical Humid Broadleaf Forest Biome [ENVO:01000230]; subtropical humid broadleaf forest biome [ENVO:01000230]|acidic red soil [ENVO:00003035]; red soil [ENVO:00003035]|yellow soil [ENVO:00003036]; China: Fujian; 27.72 N 117.70 E
SRR38487135	PRJNA1464032	SAMN59653704	Asia	China red/acid soil	Red/acid soil	China: Fujian	27.72	117.7		needs_metadata_or_OpenLandMap_confirmation	Asia representative; China red/acid soil	PRJNA1464032	China: Fujian		confirmed_lat_lon	not_selected_after_project_dedup:candidate	no	external_acidic_soil_project_reads	yes	yes	MIMS Environmental/Metagenome sample from soil metagenome; Subtropical Humid Broadleaf Forest Biome [ENVO:01000230]; subtropical humid broadleaf forest biome [ENVO:01000230]|acidic red soil [ENVO:00003035]; red soil [ENVO:00003035]|yellow soil [ENVO:00003036]; China: Fujian; 27.72 N 117.70 E
SRR38487136	PRJNA1464032	SAMN59653703	Asia	China red/acid soil	Red/acid soil	China: Fujian	27.72	117.7		needs_metadata_or_OpenLandMap_confirmation	Asia representative; China red/acid soil	PRJNA1464032	China: Fujian		confirmed_lat_lon	not_selected_after_project_dedup:candidate	no	external_acidic_soil_project_reads	yes	yes	MIMS Environmental/Metagenome sample from soil metagenome; Subtropical Humid Broadleaf Forest Biome [ENVO:01000230]; subtropical humid broadleaf forest biome [ENVO:01000230]|acidic red soil [ENVO:00003035]; red soil [ENVO:00003035]|yellow soil [ENVO:00003036]; China: Fujian; 27.72 N 117.70 E
SRR38487137	PRJNA1464032	SAMN59653702	Asia	China red/acid soil	Red/acid soil	China: Fujian	27.72	117.7		needs_metadata_or_OpenLandMap_confirmation	Asia representative; China red/acid soil	PRJNA1464032	China: Fujian		confirmed_lat_lon	not_selected_after_project_dedup:candidate	no	external_acidic_soil_project_reads	yes	yes	MIMS Environmental/Metagenome sample from soil metagenome; Subtropical Humid Broadleaf Forest Biome [ENVO:01000230]; subtropical humid broadleaf forest biome [ENVO:01000230]|acidic red soil [ENVO:00003035]; red soil [ENVO:00003035]|yellow soil [ENVO:00003036]; China: Fujian; 27.72 N 117.70 E
SRR38487138	PRJNA1464032	SAMN59653701	Asia	China red/acid soil	Red/acid soil	China: Fujian	27.72	117.7		needs_metadata_or_OpenLandMap_confirmation	Asia representative; China red/acid soil	PRJNA1464032	China: Fujian		confirmed_lat_lon	not_selected_after_project_dedup:candidate	no	external_acidic_soil_project_reads	yes	yes	MIMS Environmental/Metagenome sample from soil metagenome; Subtropical Humid Broadleaf Forest Biome [ENVO:01000230]; subtropical humid broadleaf forest biome [ENVO:01000230]|acidic red soil [ENVO:00003035]; red soil [ENVO:00003035]|yellow soil [ENVO:00003036]; China: Fujian; 27.72 N 117.70 E
SRR38487139	PRJNA1464032	SAMN59653700	Asia	China red/acid soil	Red/acid soil	China: Fujian	27.72	117.7		needs_metadata_or_OpenLandMap_confirmation	Asia representative; China red/acid soil	PRJNA1464032	China: Fujian		confirmed_lat_lon	not_selected_after_project_dedup:candidate	no	external_acidic_soil_project_reads	yes	yes	MIMS Environmental/Metagenome sample from soil metagenome; Subtropical Humid Broadleaf Forest Biome [ENVO:01000230]; subtropical humid broadleaf forest biome [ENVO:01000230]|acidic red soil [ENVO:00003035]; red soil [ENVO:00003035]|yellow soil [ENVO:00003036]; China: Fujian; 27.72 N 117.70 E
SRR38485981	PRJNA1464007	SAMN59652052	Asia	China red/acid soil	Red/acid soil	China: Fujian	27.72	117.7		needs_metadata_or_OpenLandMap_confirmation	Asia representative; China red/acid soil	PRJNA1464007	China: Fujian		confirmed_lat_lon	not_selected_after_project_dedup:candidate	no	external_acidic_soil_project_reads	yes	yes	MIMARKS Survey related sample from soil metagenome; Subtropical Humid Broadleaf Forest Biome [ENVO:01000230]; subtropical humid broadleaf forest biome [ENVO:01000230]|acidic red soil [ENVO:00003035]; red soil [ENVO:00003035]|yellow soil [ENVO:00003036]; China: Fujian; 27.72 N 117.70 E
SRR38485982	PRJNA1464007	SAMN59652051	Asia	China red/acid soil	Red/acid soil	China: Fujian	27.72	117.7		needs_metadata_or_OpenLandMap_confirmation	Asia representative; China red/acid soil	PRJNA1464007	China: Fujian		confirmed_lat_lon	not_selected_after_project_dedup:candidate	no	external_acidic_soil_project_reads	yes	yes	MIMARKS Survey related sample from soil metagenome; Subtropical Humid Broadleaf Forest Biome [ENVO:01000230]; subtropical humid broadleaf forest biome [ENVO:01000230]|acidic red soil [ENVO:00003035]; red soil [ENVO:00003035]|yellow soil [ENVO:00003036]; China: Fujian; 27.72 N 117.70 E
SRR38485983	PRJNA1464007	SAMN59652050	Asia	China red/acid soil	Red/acid soil	China: Fujian	27.72	117.7		needs_metadata_or_OpenLandMap_confirmation	Asia representative; China red/acid soil	PRJNA1464007	China: Fujian		confirmed_lat_lon	not_selected_after_project_dedup:candidate	no	external_acidic_soil_project_reads	yes	yes	MIMARKS Survey related sample from soil metagenome; Subtropical Humid Broadleaf Forest Biome [ENVO:01000230]; subtropical humid broadleaf forest biome [ENVO:01000230]|acidic red soil [ENVO:00003035]; red soil [ENVO:00003035]|yellow soil [ENVO:00003036]; China: Fujian; 27.72 N 117.70 E
SRR38485984	PRJNA1464007	SAMN59652049	Asia	China red/acid soil	Red/acid soil	China: Fujian	27.72	117.7		needs_metadata_or_OpenLandMap_confirmation	Asia representative; China red/acid soil	PRJNA1464007	China: Fujian		confirmed_lat_lon	not_selected_after_project_dedup:candidate	no	external_acidic_soil_project_reads	yes	yes	MIMARKS Survey related sample from soil metagenome; Subtropical Humid Broadleaf Forest Biome [ENVO:01000230]; subtropical humid broadleaf forest biome [ENVO:01000230]|acidic red soil [ENVO:00003035]; red soil [ENVO:00003035]|yellow soil [ENVO:00003036]; China: Fujian; 27.72 N 117.70 E
SRR38485985	PRJNA1464007	SAMN59652048	Asia	China red/acid soil	Red/acid soil	China: Fujian	27.72	117.7		needs_metadata_or_OpenLandMap_confirmation	Asia representative; China red/acid soil	PRJNA1464007	China: Fujian		confirmed_lat_lon	not_selected_after_project_dedup:candidate	no	external_acidic_soil_project_reads	yes	yes	MIMARKS Survey related sample from soil metagenome; Subtropical Humid Broadleaf Forest Biome [ENVO:01000230]; subtropical humid broadleaf forest biome [ENVO:01000230]|acidic red soil [ENVO:00003035]; red soil [ENVO:00003035]|yellow soil [ENVO:00003036]; China: Fujian; 27.72 N 117.70 E
SRR38485986	PRJNA1464007	SAMN59652047	Asia	China red/acid soil	Red/acid soil	China: Fujian	27.72	117.7		needs_metadata_or_OpenLandMap_confirmation	Asia representative; China red/acid soil	PRJNA1464007	China: Fujian		confirmed_lat_lon	not_selected_after_project_dedup:candidate	no	external_acidic_soil_project_reads	yes	yes	MIMARKS Survey related sample from soil metagenome; Subtropical Humid Broadleaf Forest Biome [ENVO:01000230]; subtropical humid broadleaf forest biome [ENVO:01000230]|acidic red soil [ENVO:00003035]; red soil [ENVO:00003035]|yellow soil [ENVO:00003036]; China: Fujian; 27.72 N 117.70 E
SRR38485987	PRJNA1464007	SAMN59652046	Asia	China red/acid soil	Red/acid soil	China: Fujian	27.72	117.7		needs_metadata_or_OpenLandMap_confirmation	Asia representative; China red/acid soil	PRJNA1464007	China: Fujian		confirmed_lat_lon	not_selected_after_project_dedup:candidate	no	external_acidic_soil_project_reads	yes	yes	MIMARKS Survey related sample from soil metagenome; Subtropical Humid Broadleaf Forest Biome [ENVO:01000230]; subtropical humid broadleaf forest biome [ENVO:01000230]|acidic red soil [ENVO:00003035]; red soil [ENVO:00003035]|yellow soil [ENVO:00003036]; China: Fujian; 27.72 N 117.70 E
SRR38485988	PRJNA1464007	SAMN59652045	Asia	China red/acid soil	Red/acid soil	China: Fujian	27.72	117.7		needs_metadata_or_OpenLandMap_confirmation	Asia representative; China red/acid soil	PRJNA1464007	China: Fujian		confirmed_lat_lon	not_selected_after_project_dedup:candidate	no	external_acidic_soil_project_reads	yes	yes	MIMARKS Survey related sample from soil metagenome; Subtropical Humid Broadleaf Forest Biome [ENVO:01000230]; subtropical humid broadleaf forest biome [ENVO:01000230]|acidic red soil [ENVO:00003035]; red soil [ENVO:00003035]|yellow soil [ENVO:00003036]; China: Fujian; 27.72 N 117.70 E
SRR38485989	PRJNA1464007	SAMN59652044	Asia	China red/acid soil	Red/acid soil	China: Fujian	27.72	117.7		needs_metadata_or_OpenLandMap_confirmation	Asia representative; China red/acid soil	PRJNA1464007	China: Fujian		confirmed_lat_lon	not_selected_after_project_dedup:candidate	no	external_acidic_soil_project_reads	yes	yes	MIMARKS Survey related sample from soil metagenome; Subtropical Humid Broadleaf Forest Biome [ENVO:01000230]; subtropical humid broadleaf forest biome [ENVO:01000230]|acidic red soil [ENVO:00003035]; red soil [ENVO:00003035]|yellow soil [ENVO:00003036]; China: Fujian; 27.72 N 117.70 E
SRR38064081	PRJNA1452514	SAMN57236145	Asia	China red/acid soil	Red/acid soil	China: Hainan, Wuzhishan	18.85	109.67		needs_metadata_or_OpenLandMap_confirmation	Asia representative; China red/acid soil	PRJNA1452514	China: Hainan, Wuzhishan		confirmed_lat_lon	not_selected_after_project_dedup:candidate	no	external_acidic_soil_project_reads	yes	yes	MIMS Environmental/Metagenome sample from metagenome; terrestrial biome; rhizosphere environment; rhizosphere; China: Hainan, Wuzhishan; 18.85 N 109.67 E; lateritic red soil
SRR38064082	PRJNA1452514	SAMN57236144	Asia	China red/acid soil	Red/acid soil	China: Hainan, Wuzhishan	18.85	109.67		needs_metadata_or_OpenLandMap_confirmation	Asia representative; China red/acid soil	PRJNA1452514	China: Hainan, Wuzhishan		confirmed_lat_lon	not_selected_after_project_dedup:candidate	no	external_acidic_soil_project_reads	yes	yes	MIMS Environmental/Metagenome sample from metagenome; terrestrial biome; rhizosphere environment; rhizosphere; China: Hainan, Wuzhishan; 18.85 N 109.67 E; lateritic red soil
SRR38064083	PRJNA1452514	SAMN57236143	Asia	China red/acid soil	Red/acid soil	China: Hainan, Wuzhishan	18.85	109.67		needs_metadata_or_OpenLandMap_confirmation	Asia representative; China red/acid soil	PRJNA1452514	China: Hainan, Wuzhishan		confirmed_lat_lon	not_selected_after_project_dedup:candidate	no	external_acidic_soil_project_reads	yes	yes	MIMS Environmental/Metagenome sample from metagenome; terrestrial biome; rhizosphere environment; rhizosphere; China: Hainan, Wuzhishan; 18.85 N 109.67 E; lateritic red soil
SRR38064084	PRJNA1452514	SAMN57236142	Asia	China red/acid soil	Red/acid soil	China: Hainan, Wuzhishan	18.85	109.67		needs_metadata_or_OpenLandMap_confirmation	Asia representative; China red/acid soil	PRJNA1452514	China: Hainan, Wuzhishan		confirmed_lat_lon	not_selected_after_project_dedup:candidate	no	external_acidic_soil_project_reads	yes	yes	MIMS Environmental/Metagenome sample from metagenome; terrestrial biome; rhizosphere environment; rhizosphere; China: Hainan, Wuzhishan; 18.85 N 109.67 E; lateritic red soil
SRR38064085	PRJNA1452514	SAMN57236141	Asia	China red/acid soil	Red/acid soil	China: Hainan, Wuzhishan	18.85	109.67		needs_metadata_or_OpenLandMap_confirmation	Asia representative; China red/acid soil	PRJNA1452514	China: Hainan, Wuzhishan		confirmed_lat_lon	not_selected_after_project_dedup:candidate	no	external_acidic_soil_project_reads	yes	yes	MIMS Environmental/Metagenome sample from metagenome; terrestrial biome; rhizosphere environment; rhizosphere; China: Hainan, Wuzhishan; 18.85 N 109.67 E; lateritic red soil
SRR38064086	PRJNA1452514	SAMN57236140	Asia	China red/acid soil	Red/acid soil	China: Hainan, Wuzhishan	18.85	109.67		needs_metadata_or_OpenLandMap_confirmation	Asia representative; China red/acid soil	PRJNA1452514	China: Hainan, Wuzhishan		confirmed_lat_lon	not_selected_after_project_dedup:candidate	no	external_acidic_soil_project_reads	yes	yes	MIMS Environmental/Metagenome sample from metagenome; terrestrial biome; rhizosphere environment; rhizosphere; China: Hainan, Wuzhishan; 18.85 N 109.67 E; lateritic red soil
SRR38064087	PRJNA1452514	SAMN57236139	Asia	China red/acid soil	Red/acid soil	China: Hainan, Wuzhishan	18.85	109.67		needs_metadata_or_OpenLandMap_confirmation	Asia representative; China red/acid soil	PRJNA1452514	China: Hainan, Wuzhishan		confirmed_lat_lon	not_selected_after_project_dedup:candidate	no	external_acidic_soil_project_reads	yes	yes	MIMS Environmental/Metagenome sample from metagenome; terrestrial biome; rhizosphere environment; rhizosphere; China: Hainan, Wuzhishan; 18.85 N 109.67 E; lateritic red soil
SRR38064088	PRJNA1452514	SAMN57236138	Asia	China red/acid soil	Red/acid soil	China: Hainan, Wuzhishan	18.85	109.67		needs_metadata_or_OpenLandMap_confirmation	Asia representative; China red/acid soil	PRJNA1452514	China: Hainan, Wuzhishan		confirmed_lat_lon	not_selected_after_project_dedup:candidate	no	external_acidic_soil_project_reads	yes	yes	MIMS Environmental/Metagenome sample from metagenome; terrestrial biome; rhizosphere environment; rhizosphere; China: Hainan, Wuzhishan; 18.85 N 109.67 E; lateritic red soil
SRR38064089	PRJNA1452514	SAMN57236137	Asia	China red/acid soil	Red/acid soil	China: Hainan, Wuzhishan	18.85	109.67		needs_metadata_or_OpenLandMap_confirmation	Asia representative; China red/acid soil	PRJNA1452514	China: Hainan, Wuzhishan		confirmed_lat_lon	not_selected_after_project_dedup:candidate	no	external_acidic_soil_project_reads	yes	yes	MIMS Environmental/Metagenome sample from metagenome; terrestrial biome; rhizosphere environment; rhizosphere; China: Hainan, Wuzhishan; 18.85 N 109.67 E; lateritic red soil
SRR37140667	PRJNA1419600	SAMN55192934	Asia	China red/acid soil	Red/acid soil	China: Jiangxi Province	28.2077	116.937		needs_metadata_or_OpenLandMap_confirmation	Asia representative; China red/acid soil	PRJNA1419600	China: Jiangxi Province		confirmed_lat_lon	exclude_non_soil_or_unclear_source	no	external_acidic_soil_project_reads	no	yes	Metagenome or environmental sample from sludge metagenome; missing; China: Jiangxi Province; 28.2077 N 116.9370 E
SRR37140668	PRJNA1419600	SAMN55192933	Asia	China red/acid soil	Red/acid soil	China: Jiangxi Province	28.2077	116.937		needs_metadata_or_OpenLandMap_confirmation	Asia representative; China red/acid soil	PRJNA1419600	China: Jiangxi Province		confirmed_lat_lon	exclude_non_soil_or_unclear_source	no	external_acidic_soil_project_reads	no	yes	Metagenome or environmental sample from sludge metagenome; missing; China: Jiangxi Province; 28.2077 N 116.9370 E
SRR37140669	PRJNA1419600	SAMN55192932	Asia	China red/acid soil	Red/acid soil	China: Jiangxi Province	28.2077	116.937		needs_metadata_or_OpenLandMap_confirmation	Asia representative; China red/acid soil	PRJNA1419600	China: Jiangxi Province		confirmed_lat_lon	exclude_non_soil_or_unclear_source	no	external_acidic_soil_project_reads	no	yes	Metagenome or environmental sample from sludge metagenome; missing; China: Jiangxi Province; 28.2077 N 116.9370 E
SRR37140670	PRJNA1419600	SAMN55192931	Asia	China red/acid soil	Red/acid soil	China: Jiangxi Province	28.2077	116.937		needs_metadata_or_OpenLandMap_confirmation	Asia representative; China red/acid soil	PRJNA1419600	China: Jiangxi Province		confirmed_lat_lon	exclude_non_soil_or_unclear_source	no	external_acidic_soil_project_reads	no	yes	Metagenome or environmental sample from sludge metagenome; missing; China: Jiangxi Province; 28.2077 N 116.9370 E
SRR37140671	PRJNA1419600	SAMN55192930	Asia	China red/acid soil	Red/acid soil	China: Jiangxi Province	28.2077	116.937		needs_metadata_or_OpenLandMap_confirmation	Asia representative; China red/acid soil	PRJNA1419600	China: Jiangxi Province		confirmed_lat_lon	exclude_non_soil_or_unclear_source	no	external_acidic_soil_project_reads	no	yes	Metagenome or environmental sample from sludge metagenome; missing; China: Jiangxi Province; 28.2077 N 116.9370 E
SRR37140672	PRJNA1419600	SAMN55192929	Asia	China red/acid soil	Red/acid soil	China: Jiangxi Province	28.2077	116.937		needs_metadata_or_OpenLandMap_confirmation	Asia representative; China red/acid soil	PRJNA1419600	China: Jiangxi Province		confirmed_lat_lon	exclude_non_soil_or_unclear_source	no	external_acidic_soil_project_reads	no	yes	Metagenome or environmental sample from sludge metagenome; missing; China: Jiangxi Province; 28.2077 N 116.9370 E
SRR37140673	PRJNA1419600	SAMN55192928	Asia	China red/acid soil	Red/acid soil	China: Jiangxi Province	28.2077	116.937		needs_metadata_or_OpenLandMap_confirmation	Asia representative; China red/acid soil	PRJNA1419600	China: Jiangxi Province		confirmed_lat_lon	exclude_non_soil_or_unclear_source	no	external_acidic_soil_project_reads	no	yes	Metagenome or environmental sample from sludge metagenome; missing; China: Jiangxi Province; 28.2077 N 116.9370 E
SRR37140674	PRJNA1419600	SAMN55192927	Asia	China red/acid soil	Red/acid soil	China: Jiangxi Province	28.2077	116.937		needs_metadata_or_OpenLandMap_confirmation	Asia representative; China red/acid soil	PRJNA1419600	China: Jiangxi Province		confirmed_lat_lon	exclude_non_soil_or_unclear_source	no	external_acidic_soil_project_reads	no	yes	Metagenome or environmental sample from sludge metagenome; missing; China: Jiangxi Province; 28.2077 N 116.9370 E
SRR37140675	PRJNA1419600	SAMN55192942	Asia	China red/acid soil	Red/acid soil	China: Jiangxi Province	28.2077	116.937		needs_metadata_or_OpenLandMap_confirmation	Asia representative; China red/acid soil	PRJNA1419600	China: Jiangxi Province		confirmed_lat_lon	exclude_non_soil_or_unclear_source	no	external_acidic_soil_project_reads	no	yes	Metagenome or environmental sample from sludge metagenome; missing; China: Jiangxi Province; 28.2077 N 116.9370 E
SRR37140676	PRJNA1419600	SAMN55192941	Asia	China red/acid soil	Red/acid soil	China: Jiangxi Province	28.2077	116.937		needs_metadata_or_OpenLandMap_confirmation	Asia representative; China red/acid soil	PRJNA1419600	China: Jiangxi Province		confirmed_lat_lon	exclude_non_soil_or_unclear_source	no	external_acidic_soil_project_reads	no	yes	Metagenome or environmental sample from sludge metagenome; missing; China: Jiangxi Province; 28.2077 N 116.9370 E
SRR37140677	PRJNA1419600	SAMN55192940	Asia	China red/acid soil	Red/acid soil	China: Jiangxi Province	28.2077	116.937		needs_metadata_or_OpenLandMap_confirmation	Asia representative; China red/acid soil	PRJNA1419600	China: Jiangxi Province		confirmed_lat_lon	exclude_non_soil_or_unclear_source	no	external_acidic_soil_project_reads	no	yes	Metagenome or environmental sample from sludge metagenome; missing; China: Jiangxi Province; 28.2077 N 116.9370 E
SRR37140678	PRJNA1419600	SAMN55192939	Asia	China red/acid soil	Red/acid soil	China: Jiangxi Province	28.2077	116.937		needs_metadata_or_OpenLandMap_confirmation	Asia representative; China red/acid soil	PRJNA1419600	China: Jiangxi Province		confirmed_lat_lon	exclude_non_soil_or_unclear_source	no	external_acidic_soil_project_reads	no	yes	Metagenome or environmental sample from sludge metagenome; missing; China: Jiangxi Province; 28.2077 N 116.9370 E
SRR37140679	PRJNA1419600	SAMN55192938	Asia	China red/acid soil	Red/acid soil	China: Jiangxi Province	28.2077	116.937		needs_metadata_or_OpenLandMap_confirmation	Asia representative; China red/acid soil	PRJNA1419600	China: Jiangxi Province		confirmed_lat_lon	exclude_non_soil_or_unclear_source	no	external_acidic_soil_project_reads	no	yes	Metagenome or environmental sample from sludge metagenome; missing; China: Jiangxi Province; 28.2077 N 116.9370 E
SRR37140680	PRJNA1419600	SAMN55192937	Asia	China red/acid soil	Red/acid soil	China: Jiangxi Province	28.2077	116.937		needs_metadata_or_OpenLandMap_confirmation	Asia representative; China red/acid soil	PRJNA1419600	China: Jiangxi Province		confirmed_lat_lon	exclude_non_soil_or_unclear_source	no	external_acidic_soil_project_reads	no	yes	Metagenome or environmental sample from sludge metagenome; missing; China: Jiangxi Province; 28.2077 N 116.9370 E
SRR37140681	PRJNA1419600	SAMN55192936	Asia	China red/acid soil	Red/acid soil	China: Jiangxi Province	28.2077	116.937		needs_metadata_or_OpenLandMap_confirmation	Asia representative; China red/acid soil	PRJNA1419600	China: Jiangxi Province		confirmed_lat_lon	exclude_non_soil_or_unclear_source	no	external_acidic_soil_project_reads	no	yes	Metagenome or environmental sample from sludge metagenome; missing; China: Jiangxi Province; 28.2077 N 116.9370 E
SRR37140682	PRJNA1419600	SAMN55192935	Asia	China red/acid soil	Red/acid soil	China: Jiangxi Province	28.2077	116.937		needs_metadata_or_OpenLandMap_confirmation	Asia representative; China red/acid soil	PRJNA1419600	China: Jiangxi Province		confirmed_lat_lon	exclude_non_soil_or_unclear_source	no	external_acidic_soil_project_reads	no	yes	Metagenome or environmental sample from sludge metagenome; missing; China: Jiangxi Province; 28.2077 N 116.9370 E
SRR37140683	PRJNA1419600	SAMN55192926	Asia	China red/acid soil	Red/acid soil	China: Jiangxi Province	28.2077	116.937		needs_metadata_or_OpenLandMap_confirmation	Asia representative; China red/acid soil	PRJNA1419600	China: Jiangxi Province		confirmed_lat_lon	exclude_non_soil_or_unclear_source	no	external_acidic_soil_project_reads	no	yes	Metagenome or environmental sample from sludge metagenome; missing; China: Jiangxi Province; 28.2077 N 116.9370 E
SRR37140684	PRJNA1419600	SAMN55192925	Asia	China red/acid soil	Red/acid soil	China: Jiangxi Province	28.2077	116.937		needs_metadata_or_OpenLandMap_confirmation	Asia representative; China red/acid soil	PRJNA1419600	China: Jiangxi Province		confirmed_lat_lon	exclude_non_soil_or_unclear_source	no	external_acidic_soil_project_reads	no	yes	Metagenome or environmental sample from sludge metagenome; missing; China: Jiangxi Province; 28.2077 N 116.9370 E
SRR36607657	PRJNA1313400	SAMN51203954	Asia	China red/acid soil	Red/acid soil	China: JiangXi	26.2319	115.254199		needs_metadata_or_OpenLandMap_confirmation	Asia representative; China red/acid soil	PRJNA1313400	China: JiangXi		confirmed_lat_lon	not_selected_after_project_dedup:candidate	no	external_acidic_soil_project_reads	yes	yes	Undisturbed secondary forest from Granite (XG) site biological replicate 1; soil; undisturbed secondary forest on eroded red soil; soil; China: JiangXi; 26.231900 N 115.254199 E
SRR36607658	PRJNA1313400	SAMN51203968	Asia	China red/acid soil	Red/acid soil	China: JiangXi	26.831604	114.910776		needs_metadata_or_OpenLandMap_confirmation	Asia representative; China red/acid soil	PRJNA1313400	China: JiangXi		confirmed_lat_lon	not_selected_after_project_dedup:candidate	no	external_acidic_soil_project_reads	yes	yes	Undisturbed secondary forest from Quaternary red clay (TH) site biological replicate 3; soil; undisturbed secondary forest on eroded red soil; soil; China: JiangXi; 26.831604 N 114.910776 E
SRR36607659	PRJNA1313400	SAMN51203967	Asia	China red/acid soil	Red/acid soil	China: JiangXi	26.831604	114.910776		needs_metadata_or_OpenLandMap_confirmation	Asia representative; China red/acid soil	PRJNA1313400	China: JiangXi		confirmed_lat_lon	not_selected_after_project_dedup:candidate	no	external_acidic_soil_project_reads	yes	yes	Undisturbed secondary forest from Quaternary red clay (TH) site biological replicate 2; soil; undisturbed secondary forest on eroded red soil; soil; China: JiangXi; 26.831604 N 114.910776 E
SRR36607660	PRJNA1313400	SAMN51203966	Asia	China red/acid soil	Red/acid soil	China: JiangXi	26.831604	114.910776		needs_metadata_or_OpenLandMap_confirmation	Asia representative; China red/acid soil	PRJNA1313400	China: JiangXi		confirmed_lat_lon	not_selected_after_project_dedup:candidate	no	external_acidic_soil_project_reads	yes	yes	Undisturbed secondary forest from Quaternary red clay (TH) site biological replicate 1; soil; undisturbed secondary forest on eroded red soil; soil; China: JiangXi; 26.831604 N 114.910776 E
SRR36607661	PRJNA1313400	SAMN51203944	Asia	China red/acid soil	Red/acid soil	China: JiangXi	26.25539	115.275306		needs_metadata_or_OpenLandMap_confirmation	Asia representative; China red/acid soil	PRJNA1313400	China: JiangXi		confirmed_lat_lon	not_selected_after_project_dedup:candidate	no	external_acidic_soil_project_reads	yes	yes	Unvegetated control plot from Granite (XG) site biological replicate 3; soil; eroded red soil area: unvegetated control plot; soil; China: JiangXi; 26.255390 N 115.275306 E
SRR36607662	PRJNA1313400	SAMN51203943	Asia	China red/acid soil	Red/acid soil	China: JiangXi	26.25539	115.275306		needs_metadata_or_OpenLandMap_confirmation	Asia representative; China red/acid soil	PRJNA1313400	China: JiangXi		confirmed_lat_lon	not_selected_after_project_dedup:candidate	no	external_acidic_soil_project_reads	yes	yes	Unvegetated control plot from Granite (XG) site biological replicate 2; soil; eroded red soil area: unvegetated control plot; soil; China: JiangXi; 26.255390 N 115.275306 E
SRR36607664	PRJNA1313400	SAMN51203953	Asia	China red/acid soil	Red/acid soil	China: JiangXi	26.232897	115.292417		needs_metadata_or_OpenLandMap_confirmation	Asia representative; China red/acid soil	PRJNA1313400	China: JiangXi		confirmed_lat_lon	not_selected_after_project_dedup:candidate	no	external_acidic_soil_project_reads	yes	yes	40-year restoration plot from Granite (XG) site biological replicate 3; soil; eroded red soil area: 40-year restoration plot; soil; China: JiangXi; 26.232897 N 115.292417 E
SRR36607665	PRJNA1313400	SAMN51203952	Asia	China red/acid soil	Red/acid soil	China: JiangXi	26.232897	115.292417		needs_metadata_or_OpenLandMap_confirmation	Asia representative; China red/acid soil	PRJNA1313400	China: JiangXi		confirmed_lat_lon	not_selected_after_project_dedup:candidate	no	external_acidic_soil_project_reads	yes	yes	40-year restoration plot from Granite (XG) site biological replicate 2; soil; eroded red soil area: 40-year restoration plot; soil; China: JiangXi; 26.232897 N 115.292417 E
SRR36607666	PRJNA1313400	SAMN51203951	Asia	China red/acid soil	Red/acid soil	China: JiangXi	26.232897	115.292417		needs_metadata_or_OpenLandMap_confirmation	Asia representative; China red/acid soil	PRJNA1313400	China: JiangXi		confirmed_lat_lon	not_selected_after_project_dedup:candidate	no	external_acidic_soil_project_reads	yes	yes	40-year restoration plot from Granite (XG) site biological replicate 1; soil; eroded red soil area: 40-year restoration plot; soil; China: JiangXi; 26.232897 N 115.292417 E
SRR36607667	PRJNA1313400	SAMN51203965	Asia	China red/acid soil	Red/acid soil	China: JiangXi	26.838117	114.896089		needs_metadata_or_OpenLandMap_confirmation	Asia representative; China red/acid soil	PRJNA1313400	China: JiangXi		confirmed_lat_lon	not_selected_after_project_dedup:candidate	no	external_acidic_soil_project_reads	yes	yes	25-year restoration plot from Quaternary red clay (TH) biological replicate 3; soil; eroded red soil area: 25-year restoration plot; soil; China: JiangXi; 26.838117 N 114.896089 E
SRR36607668	PRJNA1313400	SAMN51203964	Asia	China red/acid soil	Red/acid soil	China: JiangXi	26.838117	114.896089		needs_metadata_or_OpenLandMap_confirmation	Asia representative; China red/acid soil	PRJNA1313400	China: JiangXi		confirmed_lat_lon	not_selected_after_project_dedup:candidate	no	external_acidic_soil_project_reads	yes	yes	25-year restoration plot from Quaternary red clay (TH) biological replicate 2; soil; eroded red soil area: 25-year restoration plot; soil; China: JiangXi; 26.838117 N 114.896089 E
SRR36607669	PRJNA1313400	SAMN51203963	Asia	China red/acid soil	Red/acid soil	China: JiangXi	26.838117	114.896089		needs_metadata_or_OpenLandMap_confirmation	Asia representative; China red/acid soil	PRJNA1313400	China: JiangXi		confirmed_lat_lon	not_selected_after_project_dedup:candidate	no	external_acidic_soil_project_reads	yes	yes	25-year restoration plot from Quaternary red clay (TH) biological replicate 1; soil; eroded red soil area: 25-year restoration plot; soil; China: JiangXi; 26.838117 N 114.896089 E
SRR36607670	PRJNA1313400	SAMN51203950	Asia	China red/acid soil	Red/acid soil	China: JiangXi	26.319271	115.27363		needs_metadata_or_OpenLandMap_confirmation	Asia representative; China red/acid soil	PRJNA1313400	China: JiangXi		confirmed_lat_lon	not_selected_after_project_dedup:candidate	no	external_acidic_soil_project_reads	yes	yes	20-year restoration plot from Granite (XG) site biological replicate 3; soil; eroded red soil area: 20-year restoration plot; soil; China: JiangXi; 26.319271 N 115.273630 E
SRR36607671	PRJNA1313400	SAMN51203959	Asia	China red/acid soil	Red/acid soil	China: JiangXi	26.838535	114.900085		needs_metadata_or_OpenLandMap_confirmation	Asia representative; China red/acid soil	PRJNA1313400	China: JiangXi		confirmed_lat_lon	not_selected_after_project_dedup:candidate	no	external_acidic_soil_project_reads	yes	yes	Unvegetated control plot from Quaternary red clay (TH) biological replicate 3; soil; eroded red soil area: unvegetated control plot; soil; China: JiangXi; 26.838535 N 114.900085 E
SRR36607672	PRJNA1313400	SAMN51203949	Asia	China red/acid soil	Red/acid soil	China: JiangXi	26.319271	115.27363		needs_metadata_or_OpenLandMap_confirmation	Asia representative; China red/acid soil	PRJNA1313400	China: JiangXi		confirmed_lat_lon	not_selected_after_project_dedup:candidate	no	external_acidic_soil_project_reads	yes	yes	20-year restoration plot from Granite (XG) site biological replicate 2; soil; eroded red soil area: 20-year restoration plot; soil; China: JiangXi; 26.319271 N 115.273630 E
SRR36607673	PRJNA1313400	SAMN51203948	Asia	China red/acid soil	Red/acid soil	China: JiangXi	26.319271	115.27363		needs_metadata_or_OpenLandMap_confirmation	Asia representative; China red/acid soil	PRJNA1313400	China: JiangXi		confirmed_lat_lon	not_selected_after_project_dedup:candidate	no	external_acidic_soil_project_reads	yes	yes	20-year restoration plot from Granite (XG) site biological replicate 1; soil; eroded red soil area: 20-year restoration plot; soil; China: JiangXi; 26.319271 N 115.273630 E
SRR36607674	PRJNA1313400	SAMN51203962	Asia	China red/acid soil	Red/acid soil	China: JiangXi	26.833506	114.903823		needs_metadata_or_OpenLandMap_confirmation	Asia representative; China red/acid soil	PRJNA1313400	China: JiangXi		confirmed_lat_lon	not_selected_after_project_dedup:candidate	no	external_acidic_soil_project_reads	yes	yes	15-year restoration plot from Quaternary red clay (TH) biological replicate 3; soil; eroded red soil area: 15-year restoration plot; soil; China: JiangXi; 26.833506 N 114.903823 E
SRR36607675	PRJNA1313400	SAMN51203961	Asia	China red/acid soil	Red/acid soil	China: JiangXi	26.833506	114.903823		needs_metadata_or_OpenLandMap_confirmation	Asia representative; China red/acid soil	PRJNA1313400	China: JiangXi		confirmed_lat_lon	not_selected_after_project_dedup:candidate	no	external_acidic_soil_project_reads	yes	yes	15-year restoration plot from Quaternary red clay (TH) biological replicate 2; soil; eroded red soil area: 15-year restoration plot; soil; China: JiangXi; 26.833506 N 114.903823 E
SRR36607676	PRJNA1313400	SAMN51203960	Asia	China red/acid soil	Red/acid soil	China: JiangXi	26.833506	114.903823		needs_metadata_or_OpenLandMap_confirmation	Asia representative; China red/acid soil	PRJNA1313400	China: JiangXi		confirmed_lat_lon	not_selected_after_project_dedup:candidate	no	external_acidic_soil_project_reads	yes	yes	15-year restoration plot from Quaternary red clay (TH) biological replicate 1; soil; eroded red soil area: 15-year restoration plot; soil; China: JiangXi; 26.833506 N 114.903823 E
SRR36607677	PRJNA1313400	SAMN51203947	Asia	China red/acid soil	Red/acid soil	China: JiangXi	26.320073	115.262995		needs_metadata_or_OpenLandMap_confirmation	Asia representative; China red/acid soil	PRJNA1313400	China: JiangXi		confirmed_lat_lon	not_selected_after_project_dedup:candidate	no	external_acidic_soil_project_reads	yes	yes	5-year restoration plot from Granite (XG) site biological replicate 3; soil; eroded red soil area: 5-year restoration plot; soil; China: JiangXi; 26.320073 N 115.262995 E
SRR36607678	PRJNA1313400	SAMN51203946	Asia	China red/acid soil	Red/acid soil	China: JiangXi	26.320073	115.262995		needs_metadata_or_OpenLandMap_confirmation	Asia representative; China red/acid soil	PRJNA1313400	China: JiangXi		confirmed_lat_lon	not_selected_after_project_dedup:candidate	no	external_acidic_soil_project_reads	yes	yes	5-year restoration plot from Granite (XG) site biological replicate 2; soil; eroded red soil area: 5-year restoration plot; soil; China: JiangXi; 26.320073 N 115.262995 E
SRR36607679	PRJNA1313400	SAMN51203945	Asia	China red/acid soil	Red/acid soil	China: JiangXi	26.320073	115.262995		needs_metadata_or_OpenLandMap_confirmation	Asia representative; China red/acid soil	PRJNA1313400	China: JiangXi		confirmed_lat_lon	not_selected_after_project_dedup:candidate	no	external_acidic_soil_project_reads	yes	yes	5-year restoration plot from Granite (XG) site biological replicate 1; soil; eroded red soil area: 5-year restoration plot; soil; China: JiangXi; 26.320073 N 115.262995 E
SRR36607680	PRJNA1313400	SAMN51203956	Asia	China red/acid soil	Red/acid soil	China: JiangXi	26.2319	115.254199		needs_metadata_or_OpenLandMap_confirmation	Asia representative; China red/acid soil	PRJNA1313400	China: JiangXi		confirmed_lat_lon	not_selected_after_project_dedup:candidate	no	external_acidic_soil_project_reads	yes	yes	Undisturbed secondary forest from Granite (XG) site biological replicate 3; soil; undisturbed secondary forest on eroded red soil; soil; China: JiangXi; 26.231900 N 115.254199 E
SRR36607681	PRJNA1313400	SAMN51203955	Asia	China red/acid soil	Red/acid soil	China: JiangXi	26.2319	115.254199		needs_metadata_or_OpenLandMap_confirmation	Asia representative; China red/acid soil	PRJNA1313400	China: JiangXi		confirmed_lat_lon	not_selected_after_project_dedup:candidate	no	external_acidic_soil_project_reads	yes	yes	Undisturbed secondary forest from Granite (XG) site biological replicate 2; soil; undisturbed secondary forest on eroded red soil; soil; China: JiangXi; 26.231900 N 115.254199 E
SRR36607682	PRJNA1313400	SAMN51203958	Asia	China red/acid soil	Red/acid soil	China: JiangXi	26.838535	114.900085		needs_metadata_or_OpenLandMap_confirmation	Asia representative; China red/acid soil	PRJNA1313400	China: JiangXi		confirmed_lat_lon	not_selected_after_project_dedup:candidate	no	external_acidic_soil_project_reads	yes	yes	Unvegetated control plot from Quaternary red clay (TH) biological replicate 2; soil; eroded red soil area: unvegetated control plot; soil; China: JiangXi; 26.838535 N 114.900085 E
SRR36607683	PRJNA1313400	SAMN51203957	Asia	China red/acid soil	Red/acid soil	China: JiangXi	26.838535	114.900085		needs_metadata_or_OpenLandMap_confirmation	Asia representative; China red/acid soil	PRJNA1313400	China: JiangXi		confirmed_lat_lon	not_selected_after_project_dedup:candidate	no	external_acidic_soil_project_reads	yes	yes	Unvegetated control plot from Quaternary red clay (TH) biological replicate 1; soil; eroded red soil area: unvegetated control plot; soil; China: JiangXi; 26.838535 N 114.900085 E
SRR36223555	PRJNA1348716	SAMN52909270	Asia	China red/acid soil	Red/acid soil	China				needs_metadata_or_OpenLandMap_confirmation	Asia representative; China red/acid soil	PRJNA1348716	China		needs_geocoding	not_selected_after_project_dedup:candidate	no	external_acidic_soil_project_reads	yes	yes	K360; Potato fields; Potato fields; Soil; China; restricted access; Red soil
SRR36223556	PRJNA1348716	SAMN52909269	Asia	China red/acid soil	Red/acid soil	China				needs_metadata_or_OpenLandMap_confirmation	Asia representative; China red/acid soil	PRJNA1348716	China		needs_geocoding	not_selected_after_project_dedup:candidate	no	external_acidic_soil_project_reads	yes	yes	K90M90; Potato fields; Potato fields; Soil; China; restricted access; Red soil
SRR36223557	PRJNA1348716	SAMN52909268	Asia	China red/acid soil	Red/acid soil	China				needs_metadata_or_OpenLandMap_confirmation	Asia representative; China red/acid soil	PRJNA1348716	China		needs_geocoding	not_selected_after_project_dedup:candidate	no	external_acidic_soil_project_reads	yes	yes	K180; Potato fields; Potato fields; Soil; China; restricted access; Red soil
SRR36223558	PRJNA1348716	SAMN52909267	Asia	China red/acid soil	Red/acid soil	China				needs_metadata_or_OpenLandMap_confirmation	Asia representative; China red/acid soil	PRJNA1348716	China		needs_geocoding	not_selected_after_project_dedup:candidate	no	external_acidic_soil_project_reads	yes	yes	K90; Potato fields; Potato fields; Soil; China; restricted access; Red soil
SRR36223559	PRJNA1348716	SAMN52909266	Asia	China red/acid soil	Red/acid soil	China				needs_metadata_or_OpenLandMap_confirmation	Asia representative; China red/acid soil	PRJNA1348716	China		needs_geocoding	not_selected_after_project_dedup:candidate	no	external_acidic_soil_project_reads	yes	yes	M90; Potato fields; Potato fields; Soil; China; restricted access; Red soil
SRR36223560	PRJNA1348716	SAMN52909265	Asia	China red/acid soil	Red/acid soil	China				needs_metadata_or_OpenLandMap_confirmation	Asia representative; China red/acid soil	PRJNA1348716	China		needs_geocoding	not_selected_after_project_dedup:candidate	no	external_acidic_soil_project_reads	yes	yes	K0; Potato fields; Potato fields; Soil; China; restricted access; Red soil
SRR35363302	PRJNA1327574	SAMN51287118	Asia	China red/acid soil	Red/acid soil	China:Guilin	25.35	110.39		needs_metadata_or_OpenLandMap_confirmation	Asia representative; China red/acid soil	PRJNA1327574	China:Guilin		confirmed_lat_lon	not_selected_after_project_dedup:candidate	no	external_acidic_soil_project_reads	yes	yes	S96; Soil sample from Paddy field on Red soil; China:Guilin; 25.35 N 110.39 E
SRR35363303	PRJNA1327574	SAMN51287117	Asia	China red/acid soil	Red/acid soil	China:Guilin	25.35	110.39		needs_metadata_or_OpenLandMap_confirmation	Asia representative; China red/acid soil	PRJNA1327574	China:Guilin		confirmed_lat_lon	not_selected_after_project_dedup:candidate	no	external_acidic_soil_project_reads	yes	yes	S95; Soil sample from Paddy field on Red soil; China:Guilin; 25.35 N 110.39 E
SRR35363304	PRJNA1327574	SAMN51287116	Asia	China red/acid soil	Red/acid soil	China:Guilin	25.35	110.39		needs_metadata_or_OpenLandMap_confirmation	Asia representative; China red/acid soil	PRJNA1327574	China:Guilin		confirmed_lat_lon	not_selected_after_project_dedup:candidate	no	external_acidic_soil_project_reads	yes	yes	S94; Soil sample from Paddy field on Red soil; China:Guilin; 25.35 N 110.39 E
SRR35363305	PRJNA1327574	SAMN51287115	Asia	China red/acid soil	Red/acid soil	China:Guilin	25.35	110.39		needs_metadata_or_OpenLandMap_confirmation	Asia representative; China red/acid soil	PRJNA1327574	China:Guilin		confirmed_lat_lon	not_selected_after_project_dedup:candidate	no	external_acidic_soil_project_reads	yes	yes	S93; Soil sample from Paddy field on Red soil; China:Guilin; 25.35 N 110.39 E
SRR35363306	PRJNA1327574	SAMN51287114	Asia	China red/acid soil	Red/acid soil	China:Guilin	25.35	110.39		needs_metadata_or_OpenLandMap_confirmation	Asia representative; China red/acid soil	PRJNA1327574	China:Guilin		confirmed_lat_lon	not_selected_after_project_dedup:candidate	no	external_acidic_soil_project_reads	yes	yes	S92; Soil sample from Citrus orchard on Red soil; China:Guilin; 25.35 N 110.39 E
SRR35363307	PRJNA1327574	SAMN51287113	Asia	China red/acid soil	Red/acid soil	China:Guilin	25.35	110.39		needs_metadata_or_OpenLandMap_confirmation	Asia representative; China red/acid soil	PRJNA1327574	China:Guilin		confirmed_lat_lon	not_selected_after_project_dedup:candidate	no	external_acidic_soil_project_reads	yes	yes	S91; Soil sample from Citrus orchard on Red soil; China:Guilin; 25.35 N 110.39 E
SRR35363309	PRJNA1327574	SAMN51287112	Asia	China red/acid soil	Red/acid soil	China:Guilin	25.35	110.39		needs_metadata_or_OpenLandMap_confirmation	Asia representative; China red/acid soil	PRJNA1327574	China:Guilin		confirmed_lat_lon	not_selected_after_project_dedup:candidate	no	external_acidic_soil_project_reads	yes	yes	S90; Soil sample from Citrus orchard on Red soil; China:Guilin; 25.35 N 110.39 E
SRR35363310	PRJNA1327574	SAMN51287111	Asia	China red/acid soil	Red/acid soil	China:Guilin	25.35	110.39		needs_metadata_or_OpenLandMap_confirmation	Asia representative; China red/acid soil	PRJNA1327574	China:Guilin		confirmed_lat_lon	not_selected_after_project_dedup:candidate	no	external_acidic_soil_project_reads	yes	yes	S89; Soil sample from Citrus orchard on Red soil; China:Guilin; 25.35 N 110.39 E
SRR35363311	PRJNA1327574	SAMN51287110	Asia	China red/acid soil	Red/acid soil	China:Guilin	25.35	110.39		needs_metadata_or_OpenLandMap_confirmation	Asia representative; China red/acid soil	PRJNA1327574	China:Guilin		confirmed_lat_lon	not_selected_after_project_dedup:candidate	no	external_acidic_soil_project_reads	yes	yes	S88; Soil sample from Natural forest on Red soil; China:Guilin; 25.35 N 110.39 E
SRR35363312	PRJNA1327574	SAMN51287109	Asia	China red/acid soil	Red/acid soil	China:Guilin	25.35	110.39		needs_metadata_or_OpenLandMap_confirmation	Asia representative; China red/acid soil	PRJNA1327574	China:Guilin		confirmed_lat_lon	not_selected_after_project_dedup:candidate	no	external_acidic_soil_project_reads	yes	yes	S87; Soil sample from Natural forest on Red soil; China:Guilin; 25.35 N 110.39 E
SRR35363313	PRJNA1327574	SAMN51287108	Asia	China red/acid soil	Red/acid soil	China:Guilin	25.35	110.39		needs_metadata_or_OpenLandMap_confirmation	Asia representative; China red/acid soil	PRJNA1327574	China:Guilin		confirmed_lat_lon	not_selected_after_project_dedup:candidate	no	external_acidic_soil_project_reads	yes	yes	S86; Soil sample from Natural forest on Red soil; China:Guilin; 25.35 N 110.39 E
SRR35363314	PRJNA1327574	SAMN51287107	Asia	China red/acid soil	Red/acid soil	China:Guilin	25.35	110.39		needs_metadata_or_OpenLandMap_confirmation	Asia representative; China red/acid soil	PRJNA1327574	China:Guilin		confirmed_lat_lon	not_selected_after_project_dedup:candidate	no	external_acidic_soil_project_reads	yes	yes	S85; Soil sample from Natural forest on Red soil; China:Guilin; 25.35 N 110.39 E
SRR35363315	PRJNA1327574	SAMN51287106	Asia	China red/acid soil	Red/acid soil	China:Guilin	25.35	110.39		needs_metadata_or_OpenLandMap_confirmation	Asia representative; China red/acid soil	PRJNA1327574	China:Guilin		confirmed_lat_lon	not_selected_after_project_dedup:candidate	no	external_acidic_soil_project_reads	yes	yes	S84; Soil sample from Eucalyptus plantation on Red soil; China:Guilin; 25.35 N 110.39 E
SRR35363316	PRJNA1327574	SAMN51287105	Asia	China red/acid soil	Red/acid soil	China:Guilin	25.35	110.39		needs_metadata_or_OpenLandMap_confirmation	Asia representative; China red/acid soil	PRJNA1327574	China:Guilin		confirmed_lat_lon	not_selected_after_project_dedup:candidate	no	external_acidic_soil_project_reads	yes	yes	S83; Soil sample from Eucalyptus plantation on Red soil; China:Guilin; 25.35 N 110.39 E
SRR35363317	PRJNA1327574	SAMN51287104	Asia	China red/acid soil	Red/acid soil	China:Guilin	25.35	110.39		needs_metadata_or_OpenLandMap_confirmation	Asia representative; China red/acid soil	PRJNA1327574	China:Guilin		confirmed_lat_lon	not_selected_after_project_dedup:candidate	no	external_acidic_soil_project_reads	yes	yes	S82; Soil sample from Eucalyptus plantation on Red soil; China:Guilin; 25.35 N 110.39 E
SRR35363318	PRJNA1327574	SAMN51287103	Asia	China red/acid soil	Red/acid soil	China:Guilin	25.35	110.39		needs_metadata_or_OpenLandMap_confirmation	Asia representative; China red/acid soil	PRJNA1327574	China:Guilin		confirmed_lat_lon	not_selected_after_project_dedup:candidate	no	external_acidic_soil_project_reads	yes	yes	S81; Soil sample from Eucalyptus plantation on Red soil; China:Guilin; 25.35 N 110.39 E
SRR35363320	PRJNA1327574	SAMN51287102	Asia	China red/acid soil	Red/acid soil	China:Guilin	25.35	110.38		needs_metadata_or_OpenLandMap_confirmation	Asia representative; China red/acid soil	PRJNA1327574	China:Guilin		confirmed_lat_lon	not_selected_after_project_dedup:candidate	no	external_acidic_soil_project_reads	yes	yes	S80; Soil sample from Paddy field on Red soil; China:Guilin; 25.35 N 110.38 E
SRR35363321	PRJNA1327574	SAMN51287101	Asia	China red/acid soil	Red/acid soil	China:Guilin	25.35	110.38		needs_metadata_or_OpenLandMap_confirmation	Asia representative; China red/acid soil	PRJNA1327574	China:Guilin		confirmed_lat_lon	not_selected_after_project_dedup:candidate	no	external_acidic_soil_project_reads	yes	yes	S79; Soil sample from Paddy field on Red soil; China:Guilin; 25.35 N 110.38 E
SRR35363322	PRJNA1327574	SAMN51287100	Asia	China red/acid soil	Red/acid soil	China:Guilin	25.35	110.38		needs_metadata_or_OpenLandMap_confirmation	Asia representative; China red/acid soil	PRJNA1327574	China:Guilin		confirmed_lat_lon	not_selected_after_project_dedup:candidate	no	external_acidic_soil_project_reads	yes	yes	S78; Soil sample from Paddy field on Red soil; China:Guilin; 25.35 N 110.38 E
SRR35363323	PRJNA1327574	SAMN51287099	Asia	China red/acid soil	Red/acid soil	China:Guilin	25.35	110.38		needs_metadata_or_OpenLandMap_confirmation	Asia representative; China red/acid soil	PRJNA1327574	China:Guilin		confirmed_lat_lon	not_selected_after_project_dedup:candidate	no	external_acidic_soil_project_reads	yes	yes	S77; Soil sample from Paddy field on Red soil; China:Guilin; 25.35 N 110.38 E
SRR35363324	PRJNA1327574	SAMN51287098	Asia	China red/acid soil	Red/acid soil	China:Guilin	25.35	110.38		needs_metadata_or_OpenLandMap_confirmation	Asia representative; China red/acid soil	PRJNA1327574	China:Guilin		confirmed_lat_lon	not_selected_after_project_dedup:candidate	no	external_acidic_soil_project_reads	yes	yes	S76; Soil sample from Citrus orchard on Red soil; China:Guilin; 25.35 N 110.38 E
SRR35363325	PRJNA1327574	SAMN51287097	Asia	China red/acid soil	Red/acid soil	China:Guilin	25.35	110.38		needs_metadata_or_OpenLandMap_confirmation	Asia representative; China red/acid soil	PRJNA1327574	China:Guilin		confirmed_lat_lon	not_selected_after_project_dedup:candidate	no	external_acidic_soil_project_reads	yes	yes	S75; Soil sample from Citrus orchard on Red soil; China:Guilin; 25.35 N 110.38 E
SRR35363326	PRJNA1327574	SAMN51287096	Asia	China red/acid soil	Red/acid soil	China:Guilin	25.35	110.38		needs_metadata_or_OpenLandMap_confirmation	Asia representative; China red/acid soil	PRJNA1327574	China:Guilin		confirmed_lat_lon	not_selected_after_project_dedup:candidate	no	external_acidic_soil_project_reads	yes	yes	S74; Soil sample from Citrus orchard on Red soil; China:Guilin; 25.35 N 110.38 E
SRR35363327	PRJNA1327574	SAMN51287095	Asia	China red/acid soil	Red/acid soil	China:Guilin	25.35	110.38		needs_metadata_or_OpenLandMap_confirmation	Asia representative; China red/acid soil	PRJNA1327574	China:Guilin		confirmed_lat_lon	not_selected_after_project_dedup:candidate	no	external_acidic_soil_project_reads	yes	yes	S73; Soil sample from Citrus orchard on Red soil; China:Guilin; 25.35 N 110.38 E
SRR35363328	PRJNA1327574	SAMN51287094	Asia	China red/acid soil	Red/acid soil	China:Guilin	25.35	110.38		needs_metadata_or_OpenLandMap_confirmation	Asia representative; China red/acid soil	PRJNA1327574	China:Guilin		confirmed_lat_lon	not_selected_after_project_dedup:candidate	no	external_acidic_soil_project_reads	yes	yes	S72; Soil sample from Natural forest on Red soil; China:Guilin; 25.35 N 110.38 E
SRR35363329	PRJNA1327574	SAMN51287093	Asia	China red/acid soil	Red/acid soil	China:Guilin	25.35	110.38		needs_metadata_or_OpenLandMap_confirmation	Asia representative; China red/acid soil	PRJNA1327574	China:Guilin		confirmed_lat_lon	not_selected_after_project_dedup:candidate	no	external_acidic_soil_project_reads	yes	yes	S71; Soil sample from Natural forest on Red soil; China:Guilin; 25.35 N 110.38 E
SRR35363331	PRJNA1327574	SAMN51287092	Asia	China red/acid soil	Red/acid soil	China:Guilin	25.35	110.38		needs_metadata_or_OpenLandMap_confirmation	Asia representative; China red/acid soil	PRJNA1327574	China:Guilin		confirmed_lat_lon	not_selected_after_project_dedup:candidate	no	external_acidic_soil_project_reads	yes	yes	S70; Soil sample from Natural forest on Red soil; China:Guilin; 25.35 N 110.38 E
SRR35363332	PRJNA1327574	SAMN51287091	Asia	China red/acid soil	Red/acid soil	China:Guilin	25.35	110.38		needs_metadata_or_OpenLandMap_confirmation	Asia representative; China red/acid soil	PRJNA1327574	China:Guilin		confirmed_lat_lon	not_selected_after_project_dedup:candidate	no	external_acidic_soil_project_reads	yes	yes	S69; Soil sample from Natural forest on Red soil; China:Guilin; 25.35 N 110.38 E
SRR35363333	PRJNA1327574	SAMN51287090	Asia	China red/acid soil	Red/acid soil	China:Guilin	25.35	110.38		needs_metadata_or_OpenLandMap_confirmation	Asia representative; China red/acid soil	PRJNA1327574	China:Guilin		confirmed_lat_lon	not_selected_after_project_dedup:candidate	no	external_acidic_soil_project_reads	yes	yes	S68; Soil sample from Eucalyptus plantation on Red soil; China:Guilin; 25.35 N 110.38 E
SRR35363334	PRJNA1327574	SAMN51287089	Asia	China red/acid soil	Red/acid soil	China:Guilin	25.35	110.38		needs_metadata_or_OpenLandMap_confirmation	Asia representative; China red/acid soil	PRJNA1327574	China:Guilin		confirmed_lat_lon	not_selected_after_project_dedup:candidate	no	external_acidic_soil_project_reads	yes	yes	S67; Soil sample from Eucalyptus plantation on Red soil; China:Guilin; 25.35 N 110.38 E
SRR35363335	PRJNA1327574	SAMN51287088	Asia	China red/acid soil	Red/acid soil	China:Guilin	25.35	110.38		needs_metadata_or_OpenLandMap_confirmation	Asia representative; China red/acid soil	PRJNA1327574	China:Guilin		confirmed_lat_lon	not_selected_after_project_dedup:candidate	no	external_acidic_soil_project_reads	yes	yes	S66; Soil sample from Eucalyptus plantation on Red soil; China:Guilin; 25.35 N 110.38 E
SRR35363336	PRJNA1327574	SAMN51287087	Asia	China red/acid soil	Red/acid soil	China:Guilin	25.35	110.38		needs_metadata_or_OpenLandMap_confirmation	Asia representative; China red/acid soil	PRJNA1327574	China:Guilin		confirmed_lat_lon	not_selected_after_project_dedup:candidate	no	external_acidic_soil_project_reads	yes	yes	S65; Soil sample from Eucalyptus plantation on Red soil; China:Guilin; 25.35 N 110.38 E
SRR35363337	PRJNA1327574	SAMN51287086	Asia	China red/acid soil	Red/acid soil	China:Guilin	25.35	110.37		needs_metadata_or_OpenLandMap_confirmation	Asia representative; China red/acid soil	PRJNA1327574	China:Guilin		confirmed_lat_lon	not_selected_after_project_dedup:candidate	no	external_acidic_soil_project_reads	yes	yes	S64; Soil sample from Paddy field on Red soil; China:Guilin; 25.35 N 110.37 E
SRR35363338	PRJNA1327574	SAMN51287085	Asia	China red/acid soil	Red/acid soil	China:Guilin	25.35	110.37		needs_metadata_or_OpenLandMap_confirmation	Asia representative; China red/acid soil	PRJNA1327574	China:Guilin		confirmed_lat_lon	not_selected_after_project_dedup:candidate	no	external_acidic_soil_project_reads	yes	yes	S63; Soil sample from Paddy field on Red soil; China:Guilin; 25.35 N 110.37 E
SRR35363339	PRJNA1327574	SAMN51287084	Asia	China red/acid soil	Red/acid soil	China:Guilin	25.35	110.37		needs_metadata_or_OpenLandMap_confirmation	Asia representative; China red/acid soil	PRJNA1327574	China:Guilin		confirmed_lat_lon	not_selected_after_project_dedup:candidate	no	external_acidic_soil_project_reads	yes	yes	S62; Soil sample from Paddy field on Red soil; China:Guilin; 25.35 N 110.37 E
SRR35363340	PRJNA1327574	SAMN51287083	Asia	China red/acid soil	Red/acid soil	China:Guilin	25.35	110.37		needs_metadata_or_OpenLandMap_confirmation	Asia representative; China red/acid soil	PRJNA1327574	China:Guilin		confirmed_lat_lon	not_selected_after_project_dedup:candidate	no	external_acidic_soil_project_reads	yes	yes	S61; Soil sample from Paddy field on Red soil; China:Guilin; 25.35 N 110.37 E
SRR35363342	PRJNA1327574	SAMN51287082	Asia	China red/acid soil	Red/acid soil	China:Guilin	25.35	110.37		needs_metadata_or_OpenLandMap_confirmation	Asia representative; China red/acid soil	PRJNA1327574	China:Guilin		confirmed_lat_lon	not_selected_after_project_dedup:candidate	no	external_acidic_soil_project_reads	yes	yes	S60; Soil sample from Citrus orchard on Red soil; China:Guilin; 25.35 N 110.37 E
SRR35363343	PRJNA1327574	SAMN51287081	Asia	China red/acid soil	Red/acid soil	China:Guilin	25.35	110.37		needs_metadata_or_OpenLandMap_confirmation	Asia representative; China red/acid soil	PRJNA1327574	China:Guilin		confirmed_lat_lon	not_selected_after_project_dedup:candidate	no	external_acidic_soil_project_reads	yes	yes	S59; Soil sample from Citrus orchard on Red soil; China:Guilin; 25.35 N 110.37 E
SRR35363344	PRJNA1327574	SAMN51287080	Asia	China red/acid soil	Red/acid soil	China:Guilin	25.35	110.37		needs_metadata_or_OpenLandMap_confirmation	Asia representative; China red/acid soil	PRJNA1327574	China:Guilin		confirmed_lat_lon	not_selected_after_project_dedup:candidate	no	external_acidic_soil_project_reads	yes	yes	S58; Soil sample from Citrus orchard on Red soil; China:Guilin; 25.35 N 110.37 E
SRR35363345	PRJNA1327574	SAMN51287079	Asia	China red/acid soil	Red/acid soil	China:Guilin	25.35	110.37		needs_metadata_or_OpenLandMap_confirmation	Asia representative; China red/acid soil	PRJNA1327574	China:Guilin		confirmed_lat_lon	not_selected_after_project_dedup:candidate	no	external_acidic_soil_project_reads	yes	yes	S57; Soil sample from Citrus orchard on Red soil; China:Guilin; 25.35 N 110.37 E
SRR35363346	PRJNA1327574	SAMN51287078	Asia	China red/acid soil	Red/acid soil	China:Guilin	25.35	110.37		needs_metadata_or_OpenLandMap_confirmation	Asia representative; China red/acid soil	PRJNA1327574	China:Guilin		confirmed_lat_lon	not_selected_after_project_dedup:candidate	no	external_acidic_soil_project_reads	yes	yes	S56; Soil sample from Natural forest on Red soil; China:Guilin; 25.35 N 110.37 E
SRR35363347	PRJNA1327574	SAMN51287077	Asia	China red/acid soil	Red/acid soil	China:Guilin	25.35	110.37		needs_metadata_or_OpenLandMap_confirmation	Asia representative; China red/acid soil	PRJNA1327574	China:Guilin		confirmed_lat_lon	not_selected_after_project_dedup:candidate	no	external_acidic_soil_project_reads	yes	yes	S55; Soil sample from Natural forest on Red soil; China:Guilin; 25.35 N 110.37 E
SRR35363348	PRJNA1327574	SAMN51287076	Asia	China red/acid soil	Red/acid soil	China:Guilin	25.35	110.37		needs_metadata_or_OpenLandMap_confirmation	Asia representative; China red/acid soil	PRJNA1327574	China:Guilin		confirmed_lat_lon	not_selected_after_project_dedup:candidate	no	external_acidic_soil_project_reads	yes	yes	S54; Soil sample from Natural forest on Red soil; China:Guilin; 25.35 N 110.37 E
SRR35363349	PRJNA1327574	SAMN51287075	Asia	China red/acid soil	Red/acid soil	China:Guilin	25.35	110.37		needs_metadata_or_OpenLandMap_confirmation	Asia representative; China red/acid soil	PRJNA1327574	China:Guilin		confirmed_lat_lon	not_selected_after_project_dedup:candidate	no	external_acidic_soil_project_reads	yes	yes	S53; Soil sample from Natural forest on Red soil; China:Guilin; 25.35 N 110.37 E
SRR35363350	PRJNA1327574	SAMN51287074	Asia	China red/acid soil	Red/acid soil	China:Guilin	25.35	110.37		needs_metadata_or_OpenLandMap_confirmation	Asia representative; China red/acid soil	PRJNA1327574	China:Guilin		confirmed_lat_lon	not_selected_after_project_dedup:candidate	no	external_acidic_soil_project_reads	yes	yes	S52; Soil sample from Eucalyptus plantation on Red soil; China:Guilin; 25.35 N 110.37 E
SRR35363351	PRJNA1327574	SAMN51287073	Asia	China red/acid soil	Red/acid soil	China:Guilin	25.35	110.37		needs_metadata_or_OpenLandMap_confirmation	Asia representative; China red/acid soil	PRJNA1327574	China:Guilin		confirmed_lat_lon	not_selected_after_project_dedup:candidate	no	external_acidic_soil_project_reads	yes	yes	S51; Soil sample from Eucalyptus plantation on Red soil; China:Guilin; 25.35 N 110.37 E
SRR35363353	PRJNA1327574	SAMN51287072	Asia	China red/acid soil	Red/acid soil	China:Guilin	25.35	110.37		needs_metadata_or_OpenLandMap_confirmation	Asia representative; China red/acid soil	PRJNA1327574	China:Guilin		confirmed_lat_lon	not_selected_after_project_dedup:candidate	no	external_acidic_soil_project_reads	yes	yes	S50; Soil sample from Eucalyptus plantation on Red soil; China:Guilin; 25.35 N 110.37 E
SRR35363354	PRJNA1327574	SAMN51287071	Asia	China red/acid soil	Red/acid soil	China:Guilin	25.35	110.37		needs_metadata_or_OpenLandMap_confirmation	Asia representative; China red/acid soil	PRJNA1327574	China:Guilin		confirmed_lat_lon	not_selected_after_project_dedup:candidate	no	external_acidic_soil_project_reads	yes	yes	S49; Soil sample from Eucalyptus plantation on Red soil; China:Guilin; 25.35 N 110.37 E
SRR34539404	PRJNA1287113	SAMN49893979	Asia	China red/acid soil	Red/acid soil	China:ZiBo	36.0	118.0		needs_metadata_or_OpenLandMap_confirmation	Asia representative; China red/acid soil	PRJNA1287113	China:ZiBo		confirmed_lat_lon	not_selected_after_project_dedup:candidate	no	external_acidic_soil_project_reads	yes	yes	Metagenome or environmental sample from soil metagenome; acidic soil; China:ZiBo; 36 N 118 E
SRR34539405	PRJNA1287113	SAMN49893978	Asia	China red/acid soil	Red/acid soil	China:ZiBo	36.0	118.0		needs_metadata_or_OpenLandMap_confirmation	Asia representative; China red/acid soil	PRJNA1287113	China:ZiBo		confirmed_lat_lon	not_selected_after_project_dedup:candidate	no	external_acidic_soil_project_reads	yes	yes	Metagenome or environmental sample from soil metagenome; acidic soil; China:ZiBo; 36 N 118 E
SRR34539406	PRJNA1287113	SAMN49893977	Asia	China red/acid soil	Red/acid soil	China:ZiBo	36.0	118.0		needs_metadata_or_OpenLandMap_confirmation	Asia representative; China red/acid soil	PRJNA1287113	China:ZiBo		confirmed_lat_lon	not_selected_after_project_dedup:candidate	no	external_acidic_soil_project_reads	yes	yes	Metagenome or environmental sample from soil metagenome; acidic soil; China:ZiBo; 36 N 118 E
SRR34539407	PRJNA1287113	SAMN49893976	Asia	China red/acid soil	Red/acid soil	China:ZiBo	36.0	118.0		needs_metadata_or_OpenLandMap_confirmation	Asia representative; China red/acid soil	PRJNA1287113	China:ZiBo		confirmed_lat_lon	not_selected_after_project_dedup:candidate	no	external_acidic_soil_project_reads	yes	yes	Metagenome or environmental sample from soil metagenome; acidic soil; China:ZiBo; 36 N 118 E
SRR34539408	PRJNA1287113	SAMN49893975	Asia	China red/acid soil	Red/acid soil	China:ZiBo	36.0	118.0		needs_metadata_or_OpenLandMap_confirmation	Asia representative; China red/acid soil	PRJNA1287113	China:ZiBo		confirmed_lat_lon	not_selected_after_project_dedup:candidate	no	external_acidic_soil_project_reads	yes	yes	Metagenome or environmental sample from soil metagenome; acidic soil; China:ZiBo; 36 N 118 E
SRR34539409	PRJNA1287113	SAMN49893974	Asia	China red/acid soil	Red/acid soil	China:ZiBo	36.0	118.0		needs_metadata_or_OpenLandMap_confirmation	Asia representative; China red/acid soil	PRJNA1287113	China:ZiBo		confirmed_lat_lon	not_selected_after_project_dedup:candidate	no	external_acidic_soil_project_reads	yes	yes	Metagenome or environmental sample from soil metagenome; acidic soil; China:ZiBo; 36 N 118 E
SRR34539410	PRJNA1287113	SAMN49893973	Asia	China red/acid soil	Red/acid soil	China:ZiBo	36.0	118.0		needs_metadata_or_OpenLandMap_confirmation	Asia representative; China red/acid soil	PRJNA1287113	China:ZiBo		confirmed_lat_lon	not_selected_after_project_dedup:candidate	no	external_acidic_soil_project_reads	yes	yes	Metagenome or environmental sample from soil metagenome; acidic soil; China:ZiBo; 36 N 118 E
SRR34539411	PRJNA1287113	SAMN49893972	Asia	China red/acid soil	Red/acid soil	China:ZiBo	36.0	118.0		needs_metadata_or_OpenLandMap_confirmation	Asia representative; China red/acid soil	PRJNA1287113	China:ZiBo		confirmed_lat_lon	not_selected_after_project_dedup:candidate	no	external_acidic_soil_project_reads	yes	yes	Metagenome or environmental sample from soil metagenome; acidic soil; China:ZiBo; 36 N 118 E
SRR34539412	PRJNA1287113	SAMN49893984	Asia	China red/acid soil	Red/acid soil	China:ZiBo	36.0	118.0		needs_metadata_or_OpenLandMap_confirmation	Asia representative; China red/acid soil	PRJNA1287113	China:ZiBo		confirmed_lat_lon	not_selected_after_project_dedup:candidate	no	external_acidic_soil_project_reads	yes	yes	Metagenome or environmental sample from soil metagenome; acidic soil; China:ZiBo; 36 N 118 E
SRR34539413	PRJNA1287113	SAMN49893983	Asia	China red/acid soil	Red/acid soil	China:ZiBo	36.0	118.0		needs_metadata_or_OpenLandMap_confirmation	Asia representative; China red/acid soil	PRJNA1287113	China:ZiBo		confirmed_lat_lon	not_selected_after_project_dedup:candidate	no	external_acidic_soil_project_reads	yes	yes	Metagenome or environmental sample from soil metagenome; acidic soil; China:ZiBo; 36 N 118 E
SRR34539414	PRJNA1287113	SAMN49893982	Asia	China red/acid soil	Red/acid soil	China:ZiBo	36.0	118.0		needs_metadata_or_OpenLandMap_confirmation	Asia representative; China red/acid soil	PRJNA1287113	China:ZiBo		confirmed_lat_lon	not_selected_after_project_dedup:candidate	no	external_acidic_soil_project_reads	yes	yes	Metagenome or environmental sample from soil metagenome; acidic soil; China:ZiBo; 36 N 118 E
SRR34539415	PRJNA1287113	SAMN49893981	Asia	China red/acid soil	Red/acid soil	China:ZiBo	36.0	118.0		needs_metadata_or_OpenLandMap_confirmation	Asia representative; China red/acid soil	PRJNA1287113	China:ZiBo		confirmed_lat_lon	not_selected_after_project_dedup:candidate	no	external_acidic_soil_project_reads	yes	yes	Metagenome or environmental sample from soil metagenome; acidic soil; China:ZiBo; 36 N 118 E
SRR34539416	PRJNA1287113	SAMN49893980	Asia	China red/acid soil	Red/acid soil	China:ZiBo	36.0	118.0		needs_metadata_or_OpenLandMap_confirmation	Asia representative; China red/acid soil	PRJNA1287113	China:ZiBo		confirmed_lat_lon	not_selected_after_project_dedup:candidate	no	external_acidic_soil_project_reads	yes	yes	Metagenome or environmental sample from soil metagenome; acidic soil; China:ZiBo; 36 N 118 E
SRR34438544	PRJNA1288730	SAMN49860818	Asia	China red/acid soil	Red/acid soil	China:Tai'an	36.2	117.13		needs_metadata_or_OpenLandMap_confirmation	Asia representative; China red/acid soil	PRJNA1288730	China:Tai'an		confirmed_lat_lon	not_selected_after_project_dedup:candidate	no	external_acidic_soil_project_reads	yes	yes	Sample_10; acidic soil 100mg/L Rep 5; China:Tai'an; 36.20 N 117.13 E
SRR34438545	PRJNA1288730	SAMN49860817	Asia	China red/acid soil	Red/acid soil	China:Tai'an	36.2	117.13		needs_metadata_or_OpenLandMap_confirmation	Asia representative; China red/acid soil	PRJNA1288730	China:Tai'an		confirmed_lat_lon	not_selected_after_project_dedup:candidate	no	external_acidic_soil_project_reads	yes	yes	Sample_09; acidic soil 100mg/L Rep 4; China:Tai'an; 36.20 N 117.13 E
SRR34438546	PRJNA1288730	SAMN49860816	Asia	China red/acid soil	Red/acid soil	China:Tai'an	36.2	117.13		needs_metadata_or_OpenLandMap_confirmation	Asia representative; China red/acid soil	PRJNA1288730	China:Tai'an		confirmed_lat_lon	not_selected_after_project_dedup:candidate	no	external_acidic_soil_project_reads	yes	yes	Sample_08; acidic soil 100mg/L Rep 3; China:Tai'an; 36.20 N 117.13 E
SRR34438547	PRJNA1288730	SAMN49860815	Asia	China red/acid soil	Red/acid soil	China:Tai'an	36.2	117.13		needs_metadata_or_OpenLandMap_confirmation	Asia representative; China red/acid soil	PRJNA1288730	China:Tai'an		confirmed_lat_lon	not_selected_after_project_dedup:candidate	no	external_acidic_soil_project_reads	yes	yes	Sample_07; acidic soil 100mg/L Rep 2; China:Tai'an; 36.20 N 117.13 E
SRR34438548	PRJNA1288730	SAMN49860814	Asia	China red/acid soil	Red/acid soil	China:Tai'an	36.2	117.13		needs_metadata_or_OpenLandMap_confirmation	Asia representative; China red/acid soil	PRJNA1288730	China:Tai'an		confirmed_lat_lon	not_selected_after_project_dedup:candidate	no	external_acidic_soil_project_reads	yes	yes	Sample_06; acidic soil 100mg/L Rep 1; China:Tai'an; 36.20 N 117.13 E
SRR34438549	PRJNA1288730	SAMN49860813	Asia	China red/acid soil	Red/acid soil	China:Tai'an	36.2	117.13		needs_metadata_or_OpenLandMap_confirmation	Asia representative; China red/acid soil	PRJNA1288730	China:Tai'an		confirmed_lat_lon	not_selected_after_project_dedup:candidate	no	external_acidic_soil_project_reads	yes	yes	Sample_05; acidic soil 0mg/L Rep 5; China:Tai'an; 36.20 N 117.13 E
SRR34438550	PRJNA1288730	SAMN49860812	Asia	China red/acid soil	Red/acid soil	China:Tai'an	36.2	117.13		needs_metadata_or_OpenLandMap_confirmation	Asia representative; China red/acid soil	PRJNA1288730	China:Tai'an		confirmed_lat_lon	not_selected_after_project_dedup:candidate	no	external_acidic_soil_project_reads	yes	yes	Sample_04; acidic soil 0mg/L Rep 4; China:Tai'an; 36.20 N 117.13 E
SRR34438552	PRJNA1288730	SAMN49860828	Asia	China red/acid soil	Red/acid soil	China:Tai'an	36.2	117.13		needs_metadata_or_OpenLandMap_confirmation	Asia representative; China red/acid soil	PRJNA1288730	China:Tai'an		confirmed_lat_lon	not_selected_after_project_dedup:candidate	no	external_acidic_soil_project_reads	yes	yes	Sample_20; acidic soil 500mg/L Rep 5; China:Tai'an; 36.20 N 117.13 E
SRR34438553	PRJNA1288730	SAMN49860827	Asia	China red/acid soil	Red/acid soil	China:Tai'an	36.2	117.13		needs_metadata_or_OpenLandMap_confirmation	Asia representative; China red/acid soil	PRJNA1288730	China:Tai'an		confirmed_lat_lon	not_selected_after_project_dedup:candidate	no	external_acidic_soil_project_reads	yes	yes	Sample_19; acidic soil 500mg/L Rep 4; China:Tai'an; 36.20 N 117.13 E
SRR34438554	PRJNA1288730	SAMN49860826	Asia	China red/acid soil	Red/acid soil	China:Tai'an	36.2	117.13		needs_metadata_or_OpenLandMap_confirmation	Asia representative; China red/acid soil	PRJNA1288730	China:Tai'an		confirmed_lat_lon	not_selected_after_project_dedup:candidate	no	external_acidic_soil_project_reads	yes	yes	Sample_18; acidic soil 500mg/L Rep 3; China:Tai'an; 36.20 N 117.13 E
SRR34438555	PRJNA1288730	SAMN49860825	Asia	China red/acid soil	Red/acid soil	China:Tai'an	36.2	117.13		needs_metadata_or_OpenLandMap_confirmation	Asia representative; China red/acid soil	PRJNA1288730	China:Tai'an		confirmed_lat_lon	not_selected_after_project_dedup:candidate	no	external_acidic_soil_project_reads	yes	yes	Sample_17; acidic soil 500mg/L Rep 2; China:Tai'an; 36.20 N 117.13 E
SRR34438556	PRJNA1288730	SAMN49860824	Asia	China red/acid soil	Red/acid soil	China:Tai'an	36.2	117.13		needs_metadata_or_OpenLandMap_confirmation	Asia representative; China red/acid soil	PRJNA1288730	China:Tai'an		confirmed_lat_lon	not_selected_after_project_dedup:candidate	no	external_acidic_soil_project_reads	yes	yes	Sample_16; acidic soil 500mg/L Rep 1; China:Tai'an; 36.20 N 117.13 E
SRR34438557	PRJNA1288730	SAMN49860823	Asia	China red/acid soil	Red/acid soil	China:Tai'an	36.2	117.13		needs_metadata_or_OpenLandMap_confirmation	Asia representative; China red/acid soil	PRJNA1288730	China:Tai'an		confirmed_lat_lon	not_selected_after_project_dedup:candidate	no	external_acidic_soil_project_reads	yes	yes	Sample_15; acidic soil 300mg/L Rep 5; China:Tai'an; 36.20 N 117.13 E
SRR34438558	PRJNA1288730	SAMN49860822	Asia	China red/acid soil	Red/acid soil	China:Tai'an	36.2	117.13		needs_metadata_or_OpenLandMap_confirmation	Asia representative; China red/acid soil	PRJNA1288730	China:Tai'an		confirmed_lat_lon	not_selected_after_project_dedup:candidate	no	external_acidic_soil_project_reads	yes	yes	Sample_14; acidic soil 300mg/L Rep 4; China:Tai'an; 36.20 N 117.13 E
SRR34438559	PRJNA1288730	SAMN49860821	Asia	China red/acid soil	Red/acid soil	China:Tai'an	36.2	117.13		needs_metadata_or_OpenLandMap_confirmation	Asia representative; China red/acid soil	PRJNA1288730	China:Tai'an		confirmed_lat_lon	not_selected_after_project_dedup:candidate	no	external_acidic_soil_project_reads	yes	yes	Sample_13; acidic soil 300mg/L Rep 3; China:Tai'an; 36.20 N 117.13 E
SRR34438560	PRJNA1288730	SAMN49860820	Asia	China red/acid soil	Red/acid soil	China:Tai'an	36.2	117.13		needs_metadata_or_OpenLandMap_confirmation	Asia representative; China red/acid soil	PRJNA1288730	China:Tai'an		confirmed_lat_lon	not_selected_after_project_dedup:candidate	no	external_acidic_soil_project_reads	yes	yes	Sample_12; acidic soil 300mg/L Rep 2; China:Tai'an; 36.20 N 117.13 E
SRR34438561	PRJNA1288730	SAMN49860819	Asia	China red/acid soil	Red/acid soil	China:Tai'an	36.2	117.13		needs_metadata_or_OpenLandMap_confirmation	Asia representative; China red/acid soil	PRJNA1288730	China:Tai'an		confirmed_lat_lon	not_selected_after_project_dedup:candidate	no	external_acidic_soil_project_reads	yes	yes	Sample_11; acidic soil 300mg/L Rep 1; China:Tai'an; 36.20 N 117.13 E
SRR37717667	PRJNA1440925	SAMN56631770	Asia	China red/acid soil	Red/acid soil	China: Qiongzhong	19.034	109.8348		needs_metadata_or_OpenLandMap_confirmation	Asia representative; China red/acid soil	PRJNA1440925	China: Qiongzhong		confirmed_lat_lon	not_selected_after_project_dedup:candidate	no	external_acidic_soil_project_reads	yes	yes	Metagenome or environmental sample from soil metagenome; soil; China: Qiongzhong; 19.0340 N 109.8348 E
SRR37717668	PRJNA1440925	SAMN56631769	Asia	China red/acid soil	Red/acid soil	China: Qiongzhong	19.034	109.8348		needs_metadata_or_OpenLandMap_confirmation	Asia representative; China red/acid soil	PRJNA1440925	China: Qiongzhong		confirmed_lat_lon	not_selected_after_project_dedup:candidate	no	external_acidic_soil_project_reads	yes	yes	Metagenome or environmental sample from soil metagenome; soil; China: Qiongzhong; 19.0340 N 109.8348 E
SRR37717669	PRJNA1440925	SAMN56631768	Asia	China red/acid soil	Red/acid soil	China: Qiongzhong	19.034	109.8348		needs_metadata_or_OpenLandMap_confirmation	Asia representative; China red/acid soil	PRJNA1440925	China: Qiongzhong		confirmed_lat_lon	not_selected_after_project_dedup:candidate	no	external_acidic_soil_project_reads	yes	yes	Metagenome or environmental sample from soil metagenome; soil; China: Qiongzhong; 19.0340 N 109.8348 E
SRR37717670	PRJNA1440925	SAMN56631767	Asia	China red/acid soil	Red/acid soil	China: Qiongzhong	19.034	109.8348		needs_metadata_or_OpenLandMap_confirmation	Asia representative; China red/acid soil	PRJNA1440925	China: Qiongzhong		confirmed_lat_lon	not_selected_after_project_dedup:candidate	no	external_acidic_soil_project_reads	yes	yes	Metagenome or environmental sample from soil metagenome; soil; China: Qiongzhong; 19.0340 N 109.8348 E
SRR37717671	PRJNA1440925	SAMN56631766	Asia	China red/acid soil	Red/acid soil	China: Qiongzhong	19.034	109.8348		needs_metadata_or_OpenLandMap_confirmation	Asia representative; China red/acid soil	PRJNA1440925	China: Qiongzhong		confirmed_lat_lon	not_selected_after_project_dedup:candidate	no	external_acidic_soil_project_reads	yes	yes	Metagenome or environmental sample from soil metagenome; soil; China: Qiongzhong; 19.0340 N 109.8348 E
SRR37717672	PRJNA1440925	SAMN56631765	Asia	China red/acid soil	Red/acid soil	China: Qiongzhong	19.034	109.8348		needs_metadata_or_OpenLandMap_confirmation	Asia representative; China red/acid soil	PRJNA1440925	China: Qiongzhong		confirmed_lat_lon	not_selected_after_project_dedup:candidate	no	external_acidic_soil_project_reads	yes	yes	Metagenome or environmental sample from soil metagenome; soil; China: Qiongzhong; 19.0340 N 109.8348 E
SRR37717673	PRJNA1440925	SAMN56631796	Asia	China red/acid soil	Red/acid soil	China: Qiongzhong	19.034	109.8348		needs_metadata_or_OpenLandMap_confirmation	Asia representative; China red/acid soil	PRJNA1440925	China: Qiongzhong		confirmed_lat_lon	not_selected_after_project_dedup:candidate	no	external_acidic_soil_project_reads	yes	yes	Metagenome or environmental sample from soil metagenome; soil; China: Qiongzhong; 19.0340 N 109.8348 E
SRR37717674	PRJNA1440925	SAMN56631795	Asia	China red/acid soil	Red/acid soil	China: Qiongzhong	19.034	109.8348		needs_metadata_or_OpenLandMap_confirmation	Asia representative; China red/acid soil	PRJNA1440925	China: Qiongzhong		confirmed_lat_lon	not_selected_after_project_dedup:candidate	no	external_acidic_soil_project_reads	yes	yes	Metagenome or environmental sample from soil metagenome; soil; China: Qiongzhong; 19.0340 N 109.8348 E
SRR37717675	PRJNA1440925	SAMN56631794	Asia	China red/acid soil	Red/acid soil	China: Qiongzhong	19.034	109.8348		needs_metadata_or_OpenLandMap_confirmation	Asia representative; China red/acid soil	PRJNA1440925	China: Qiongzhong		confirmed_lat_lon	not_selected_after_project_dedup:candidate	no	external_acidic_soil_project_reads	yes	yes	Metagenome or environmental sample from soil metagenome; soil; China: Qiongzhong; 19.0340 N 109.8348 E
SRR37717676	PRJNA1440925	SAMN56631793	Asia	China red/acid soil	Red/acid soil	China: Qiongzhong	19.034	109.8348		needs_metadata_or_OpenLandMap_confirmation	Asia representative; China red/acid soil	PRJNA1440925	China: Qiongzhong		confirmed_lat_lon	not_selected_after_project_dedup:candidate	no	external_acidic_soil_project_reads	yes	yes	Metagenome or environmental sample from soil metagenome; soil; China: Qiongzhong; 19.0340 N 109.8348 E
SRR37717677	PRJNA1440925	SAMN56631792	Asia	China red/acid soil	Red/acid soil	China: Qiongzhong	19.034	109.8348		needs_metadata_or_OpenLandMap_confirmation	Asia representative; China red/acid soil	PRJNA1440925	China: Qiongzhong		confirmed_lat_lon	not_selected_after_project_dedup:candidate	no	external_acidic_soil_project_reads	yes	yes	Metagenome or environmental sample from soil metagenome; soil; China: Qiongzhong; 19.0340 N 109.8348 E
SRR37717678	PRJNA1440925	SAMN56631791	Asia	China red/acid soil	Red/acid soil	China: Qiongzhong	19.034	109.8348		needs_metadata_or_OpenLandMap_confirmation	Asia representative; China red/acid soil	PRJNA1440925	China: Qiongzhong		confirmed_lat_lon	not_selected_after_project_dedup:candidate	no	external_acidic_soil_project_reads	yes	yes	Metagenome or environmental sample from soil metagenome; soil; China: Qiongzhong; 19.0340 N 109.8348 E
SRR37717679	PRJNA1440925	SAMN56631764	Asia	China red/acid soil	Red/acid soil	China: Qiongzhong	19.034	109.8348		needs_metadata_or_OpenLandMap_confirmation	Asia representative; China red/acid soil	PRJNA1440925	China: Qiongzhong		confirmed_lat_lon	not_selected_after_project_dedup:candidate	no	external_acidic_soil_project_reads	yes	yes	Metagenome or environmental sample from soil metagenome; soil; China: Qiongzhong; 19.0340 N 109.8348 E
SRR37717680	PRJNA1440925	SAMN56631790	Asia	China red/acid soil	Red/acid soil	China: Qiongzhong	19.034	109.8348		needs_metadata_or_OpenLandMap_confirmation	Asia representative; China red/acid soil	PRJNA1440925	China: Qiongzhong		confirmed_lat_lon	not_selected_after_project_dedup:candidate	no	external_acidic_soil_project_reads	yes	yes	Metagenome or environmental sample from soil metagenome; soil; China: Qiongzhong; 19.0340 N 109.8348 E
SRR37717681	PRJNA1440925	SAMN56631789	Asia	China red/acid soil	Red/acid soil	China: Qiongzhong	19.034	109.8348		needs_metadata_or_OpenLandMap_confirmation	Asia representative; China red/acid soil	PRJNA1440925	China: Qiongzhong		confirmed_lat_lon	not_selected_after_project_dedup:candidate	no	external_acidic_soil_project_reads	yes	yes	Metagenome or environmental sample from soil metagenome; soil; China: Qiongzhong; 19.0340 N 109.8348 E
SRR37717682	PRJNA1440925	SAMN56631788	Asia	China red/acid soil	Red/acid soil	China: Qiongzhong	19.034	109.8348		needs_metadata_or_OpenLandMap_confirmation	Asia representative; China red/acid soil	PRJNA1440925	China: Qiongzhong		confirmed_lat_lon	not_selected_after_project_dedup:candidate	no	external_acidic_soil_project_reads	yes	yes	Metagenome or environmental sample from soil metagenome; soil; China: Qiongzhong; 19.0340 N 109.8348 E
SRR37717683	PRJNA1440925	SAMN56631787	Asia	China red/acid soil	Red/acid soil	China: Qiongzhong	19.034	109.8348		needs_metadata_or_OpenLandMap_confirmation	Asia representative; China red/acid soil	PRJNA1440925	China: Qiongzhong		confirmed_lat_lon	not_selected_after_project_dedup:candidate	no	external_acidic_soil_project_reads	yes	yes	Metagenome or environmental sample from soil metagenome; soil; China: Qiongzhong; 19.0340 N 109.8348 E
SRR37717684	PRJNA1440925	SAMN56631786	Asia	China red/acid soil	Red/acid soil	China: Qiongzhong	19.034	109.8348		needs_metadata_or_OpenLandMap_confirmation	Asia representative; China red/acid soil	PRJNA1440925	China: Qiongzhong		confirmed_lat_lon	not_selected_after_project_dedup:candidate	no	external_acidic_soil_project_reads	yes	yes	Metagenome or environmental sample from soil metagenome; soil; China: Qiongzhong; 19.0340 N 109.8348 E
SRR37717685	PRJNA1440925	SAMN56631785	Asia	China red/acid soil	Red/acid soil	China: Qiongzhong	19.034	109.8348		needs_metadata_or_OpenLandMap_confirmation	Asia representative; China red/acid soil	PRJNA1440925	China: Qiongzhong		confirmed_lat_lon	not_selected_after_project_dedup:candidate	no	external_acidic_soil_project_reads	yes	yes	Metagenome or environmental sample from soil metagenome; soil; China: Qiongzhong; 19.0340 N 109.8348 E
SRR37717686	PRJNA1440925	SAMN56631784	Asia	China red/acid soil	Red/acid soil	China: Qiongzhong	19.034	109.8348		needs_metadata_or_OpenLandMap_confirmation	Asia representative; China red/acid soil	PRJNA1440925	China: Qiongzhong		confirmed_lat_lon	not_selected_after_project_dedup:candidate	no	external_acidic_soil_project_reads	yes	yes	Metagenome or environmental sample from soil metagenome; soil; China: Qiongzhong; 19.0340 N 109.8348 E
SRR37717687	PRJNA1440925	SAMN56631783	Asia	China red/acid soil	Red/acid soil	China: Qiongzhong	19.034	109.8348		needs_metadata_or_OpenLandMap_confirmation	Asia representative; China red/acid soil	PRJNA1440925	China: Qiongzhong		confirmed_lat_lon	not_selected_after_project_dedup:candidate	no	external_acidic_soil_project_reads	yes	yes	Metagenome or environmental sample from soil metagenome; soil; China: Qiongzhong; 19.0340 N 109.8348 E
SRR37717688	PRJNA1440925	SAMN56631782	Asia	China red/acid soil	Red/acid soil	China: Qiongzhong	19.034	109.8348		needs_metadata_or_OpenLandMap_confirmation	Asia representative; China red/acid soil	PRJNA1440925	China: Qiongzhong		confirmed_lat_lon	not_selected_after_project_dedup:candidate	no	external_acidic_soil_project_reads	yes	yes	Metagenome or environmental sample from soil metagenome; soil; China: Qiongzhong; 19.0340 N 109.8348 E
SRR37717689	PRJNA1440925	SAMN56631781	Asia	China red/acid soil	Red/acid soil	China: Qiongzhong	19.034	109.8348		needs_metadata_or_OpenLandMap_confirmation	Asia representative; China red/acid soil	PRJNA1440925	China: Qiongzhong		confirmed_lat_lon	not_selected_after_project_dedup:candidate	no	external_acidic_soil_project_reads	yes	yes	Metagenome or environmental sample from soil metagenome; soil; China: Qiongzhong; 19.0340 N 109.8348 E
SRR37717690	PRJNA1440925	SAMN56631763	Asia	China red/acid soil	Red/acid soil	China: Qiongzhong	19.034	109.8348		needs_metadata_or_OpenLandMap_confirmation	Asia representative; China red/acid soil	PRJNA1440925	China: Qiongzhong		confirmed_lat_lon	not_selected_after_project_dedup:candidate	no	external_acidic_soil_project_reads	yes	yes	Metagenome or environmental sample from soil metagenome; soil; China: Qiongzhong; 19.0340 N 109.8348 E
SRR37717691	PRJNA1440925	SAMN56631780	Asia	China red/acid soil	Red/acid soil	China: Qiongzhong	19.034	109.8348		needs_metadata_or_OpenLandMap_confirmation	Asia representative; China red/acid soil	PRJNA1440925	China: Qiongzhong		confirmed_lat_lon	not_selected_after_project_dedup:candidate	no	external_acidic_soil_project_reads	yes	yes	Metagenome or environmental sample from soil metagenome; soil; China: Qiongzhong; 19.0340 N 109.8348 E
SRR37717692	PRJNA1440925	SAMN56631779	Asia	China red/acid soil	Red/acid soil	China: Qiongzhong	19.034	109.8348		needs_metadata_or_OpenLandMap_confirmation	Asia representative; China red/acid soil	PRJNA1440925	China: Qiongzhong		confirmed_lat_lon	not_selected_after_project_dedup:candidate	no	external_acidic_soil_project_reads	yes	yes	Metagenome or environmental sample from soil metagenome; soil; China: Qiongzhong; 19.0340 N 109.8348 E
SRR37717693	PRJNA1440925	SAMN56631778	Asia	China red/acid soil	Red/acid soil	China: Qiongzhong	19.034	109.8348		needs_metadata_or_OpenLandMap_confirmation	Asia representative; China red/acid soil	PRJNA1440925	China: Qiongzhong		confirmed_lat_lon	not_selected_after_project_dedup:candidate	no	external_acidic_soil_project_reads	yes	yes	Metagenome or environmental sample from soil metagenome; soil; China: Qiongzhong; 19.0340 N 109.8348 E
SRR37717694	PRJNA1440925	SAMN56631777	Asia	China red/acid soil	Red/acid soil	China: Qiongzhong	19.034	109.8348		needs_metadata_or_OpenLandMap_confirmation	Asia representative; China red/acid soil	PRJNA1440925	China: Qiongzhong		confirmed_lat_lon	not_selected_after_project_dedup:candidate	no	external_acidic_soil_project_reads	yes	yes	Metagenome or environmental sample from soil metagenome; soil; China: Qiongzhong; 19.0340 N 109.8348 E
SRR37717695	PRJNA1440925	SAMN56631776	Asia	China red/acid soil	Red/acid soil	China: Qiongzhong	19.034	109.8348		needs_metadata_or_OpenLandMap_confirmation	Asia representative; China red/acid soil	PRJNA1440925	China: Qiongzhong		confirmed_lat_lon	not_selected_after_project_dedup:candidate	no	external_acidic_soil_project_reads	yes	yes	Metagenome or environmental sample from soil metagenome; soil; China: Qiongzhong; 19.0340 N 109.8348 E
SRR37717696	PRJNA1440925	SAMN56631775	Asia	China red/acid soil	Red/acid soil	China: Qiongzhong	19.034	109.8348		needs_metadata_or_OpenLandMap_confirmation	Asia representative; China red/acid soil	PRJNA1440925	China: Qiongzhong		confirmed_lat_lon	not_selected_after_project_dedup:candidate	no	external_acidic_soil_project_reads	yes	yes	Metagenome or environmental sample from soil metagenome; soil; China: Qiongzhong; 19.0340 N 109.8348 E
SRR37717697	PRJNA1440925	SAMN56631774	Asia	China red/acid soil	Red/acid soil	China: Qiongzhong	19.034	109.8348		needs_metadata_or_OpenLandMap_confirmation	Asia representative; China red/acid soil	PRJNA1440925	China: Qiongzhong		confirmed_lat_lon	not_selected_after_project_dedup:candidate	no	external_acidic_soil_project_reads	yes	yes	Metagenome or environmental sample from soil metagenome; soil; China: Qiongzhong; 19.0340 N 109.8348 E
SRR37717698	PRJNA1440925	SAMN56631773	Asia	China red/acid soil	Red/acid soil	China: Qiongzhong	19.034	109.8348		needs_metadata_or_OpenLandMap_confirmation	Asia representative; China red/acid soil	PRJNA1440925	China: Qiongzhong		confirmed_lat_lon	not_selected_after_project_dedup:candidate	no	external_acidic_soil_project_reads	yes	yes	Metagenome or environmental sample from soil metagenome; soil; China: Qiongzhong; 19.0340 N 109.8348 E
SRR37717699	PRJNA1440925	SAMN56631772	Asia	China red/acid soil	Red/acid soil	China: Qiongzhong	19.034	109.8348		needs_metadata_or_OpenLandMap_confirmation	Asia representative; China red/acid soil	PRJNA1440925	China: Qiongzhong		confirmed_lat_lon	not_selected_after_project_dedup:candidate	no	external_acidic_soil_project_reads	yes	yes	Metagenome or environmental sample from soil metagenome; soil; China: Qiongzhong; 19.0340 N 109.8348 E
SRR37717700	PRJNA1440925	SAMN56631771	Asia	China red/acid soil	Red/acid soil	China: Qiongzhong	19.034	109.8348		needs_metadata_or_OpenLandMap_confirmation	Asia representative; China red/acid soil	PRJNA1440925	China: Qiongzhong		confirmed_lat_lon	not_selected_after_project_dedup:candidate	no	external_acidic_soil_project_reads	yes	yes	Metagenome or environmental sample from soil metagenome; soil; China: Qiongzhong; 19.0340 N 109.8348 E
SRR37717701	PRJNA1440925	SAMN56631762	Asia	China red/acid soil	Red/acid soil	China: Qiongzhong	19.034	109.8348		needs_metadata_or_OpenLandMap_confirmation	Asia representative; China red/acid soil	PRJNA1440925	China: Qiongzhong		confirmed_lat_lon	not_selected_after_project_dedup:candidate	no	external_acidic_soil_project_reads	yes	yes	Metagenome or environmental sample from soil metagenome; soil; China: Qiongzhong; 19.0340 N 109.8348 E
SRR37717702	PRJNA1440925	SAMN56631761	Asia	China red/acid soil	Red/acid soil	China: Qiongzhong	19.034	109.8348		needs_metadata_or_OpenLandMap_confirmation	Asia representative; China red/acid soil	PRJNA1440925	China: Qiongzhong		confirmed_lat_lon	not_selected_after_project_dedup:candidate	no	external_acidic_soil_project_reads	yes	yes	Metagenome or environmental sample from soil metagenome; soil; China: Qiongzhong; 19.0340 N 109.8348 E
SRR37717655	PRJNA1440924	SAMN56631758	Asia	China red/acid soil	Red/acid soil	China: Qiongzhong	19.034	109.8348		needs_metadata_or_OpenLandMap_confirmation	Asia representative; China red/acid soil	PRJNA1440924	China: Qiongzhong		confirmed_lat_lon	not_selected_after_project_dedup:candidate	no	external_acidic_soil_project_reads	yes	yes	Metagenome or environmental sample from soil metagenome; soil; China: Qiongzhong; 19.0340 N 109.8348 E
SRR37717656	PRJNA1440924	SAMN56631757	Asia	China red/acid soil	Red/acid soil	China: Qiongzhong	19.034	109.8348		needs_metadata_or_OpenLandMap_confirmation	Asia representative; China red/acid soil	PRJNA1440924	China: Qiongzhong		confirmed_lat_lon	not_selected_after_project_dedup:candidate	no	external_acidic_soil_project_reads	yes	yes	Metagenome or environmental sample from soil metagenome; soil; China: Qiongzhong; 19.0340 N 109.8348 E
SRR37717657	PRJNA1440924	SAMN56631756	Asia	China red/acid soil	Red/acid soil	China: Qiongzhong	19.034	109.8348		needs_metadata_or_OpenLandMap_confirmation	Asia representative; China red/acid soil	PRJNA1440924	China: Qiongzhong		confirmed_lat_lon	not_selected_after_project_dedup:candidate	no	external_acidic_soil_project_reads	yes	yes	Metagenome or environmental sample from soil metagenome; soil; China: Qiongzhong; 19.0340 N 109.8348 E
SRR37717658	PRJNA1440924	SAMN56631755	Asia	China red/acid soil	Red/acid soil	China: Qiongzhong	19.034	109.8348		needs_metadata_or_OpenLandMap_confirmation	Asia representative; China red/acid soil	PRJNA1440924	China: Qiongzhong		confirmed_lat_lon	not_selected_after_project_dedup:candidate	no	external_acidic_soil_project_reads	yes	yes	Metagenome or environmental sample from soil metagenome; soil; China: Qiongzhong; 19.0340 N 109.8348 E
SRR37717659	PRJNA1440924	SAMN56631754	Asia	China red/acid soil	Red/acid soil	China: Qiongzhong	19.034	109.8348		needs_metadata_or_OpenLandMap_confirmation	Asia representative; China red/acid soil	PRJNA1440924	China: Qiongzhong		confirmed_lat_lon	not_selected_after_project_dedup:candidate	no	external_acidic_soil_project_reads	yes	yes	Metagenome or environmental sample from soil metagenome; soil; China: Qiongzhong; 19.0340 N 109.8348 E
SRR37717660	PRJNA1440924	SAMN56631753	Asia	China red/acid soil	Red/acid soil	China: Qiongzhong	19.034	109.8348		needs_metadata_or_OpenLandMap_confirmation	Asia representative; China red/acid soil	PRJNA1440924	China: Qiongzhong		confirmed_lat_lon	not_selected_after_project_dedup:candidate	no	external_acidic_soil_project_reads	yes	yes	Metagenome or environmental sample from soil metagenome; soil; China: Qiongzhong; 19.0340 N 109.8348 E
SRR37717661	PRJNA1440924	SAMN56631752	Asia	China red/acid soil	Red/acid soil	China: Qiongzhong	19.034	109.8348		needs_metadata_or_OpenLandMap_confirmation	Asia representative; China red/acid soil	PRJNA1440924	China: Qiongzhong		confirmed_lat_lon	not_selected_after_project_dedup:candidate	no	external_acidic_soil_project_reads	yes	yes	Metagenome or environmental sample from soil metagenome; soil; China: Qiongzhong; 19.0340 N 109.8348 E
SRR37717662	PRJNA1440924	SAMN56631751	Asia	China red/acid soil	Red/acid soil	China: Qiongzhong	19.034	109.8348		needs_metadata_or_OpenLandMap_confirmation	Asia representative; China red/acid soil	PRJNA1440924	China: Qiongzhong		confirmed_lat_lon	not_selected_after_project_dedup:candidate	no	external_acidic_soil_project_reads	yes	yes	Metagenome or environmental sample from soil metagenome; soil; China: Qiongzhong; 19.0340 N 109.8348 E
SRR37717663	PRJNA1440924	SAMN56631760	Asia	China red/acid soil	Red/acid soil	China: Qiongzhong	19.034	109.8348		needs_metadata_or_OpenLandMap_confirmation	Asia representative; China red/acid soil	PRJNA1440924	China: Qiongzhong		confirmed_lat_lon	not_selected_after_project_dedup:candidate	no	external_acidic_soil_project_reads	yes	yes	Metagenome or environmental sample from soil metagenome; soil; China: Qiongzhong; 19.0340 N 109.8348 E
SRR37717664	PRJNA1440924	SAMN56631759	Asia	China red/acid soil	Red/acid soil	China: Qiongzhong	19.034	109.8348		needs_metadata_or_OpenLandMap_confirmation	Asia representative; China red/acid soil	PRJNA1440924	China: Qiongzhong		confirmed_lat_lon	not_selected_after_project_dedup:candidate	no	external_acidic_soil_project_reads	yes	yes	Metagenome or environmental sample from soil metagenome; soil; China: Qiongzhong; 19.0340 N 109.8348 E
SRR37717665	PRJNA1440924	SAMN56631750	Asia	China red/acid soil	Red/acid soil	China: Qiongzhong	19.034	109.8348		needs_metadata_or_OpenLandMap_confirmation	Asia representative; China red/acid soil	PRJNA1440924	China: Qiongzhong		confirmed_lat_lon	not_selected_after_project_dedup:candidate	no	external_acidic_soil_project_reads	yes	yes	Metagenome or environmental sample from soil metagenome; soil; China: Qiongzhong; 19.0340 N 109.8348 E
SRR37717666	PRJNA1440924	SAMN56631749	Asia	China red/acid soil	Red/acid soil	China: Qiongzhong	19.034	109.8348		needs_metadata_or_OpenLandMap_confirmation	Asia representative; China red/acid soil	PRJNA1440924	China: Qiongzhong		confirmed_lat_lon	not_selected_after_project_dedup:candidate	no	external_acidic_soil_project_reads	yes	yes	Metagenome or environmental sample from soil metagenome; soil; China: Qiongzhong; 19.0340 N 109.8348 E
ERR16113979	PRJEB105545	SAMEA120948058	Asia	China red/acid soil	Red/acid soil					needs_metadata_or_OpenLandMap_confirmation	Asia representative; China red/acid soil	PRJEB105545	SAMEA120948058		missing_location	exclude_non_soil_or_unclear_source	no	external_acidic_soil_project_reads	no	yes	
ERR16113981	PRJEB105545	SAMEA120948060	Asia	China red/acid soil	Red/acid soil					needs_metadata_or_OpenLandMap_confirmation	Asia representative; China red/acid soil	PRJEB105545	SAMEA120948060		missing_location	exclude_non_soil_or_unclear_source	no	external_acidic_soil_project_reads	no	yes	
SRR36637674	PRJNA1395320	SAMN54355942	Asia	China red/acid soil	Red/acid soil	China: Wuhan	30.58	114.3		needs_metadata_or_OpenLandMap_confirmation	Asia representative; China red/acid soil	PRJNA1395320	China: Wuhan		confirmed_lat_lon	not_selected_after_project_dedup:candidate	no	external_acidic_soil_project_reads	yes	yes	MIMS Environmental/Metagenome sample from rhizosphere metagenome; brown-red soils; tomato rhizosphere; rhizosphere; China: Wuhan; 30.58 N 114.30 E
SRR36637675	PRJNA1395320	SAMN54355941	Asia	China red/acid soil	Red/acid soil	China: Wuhan	30.58	114.3		needs_metadata_or_OpenLandMap_confirmation	Asia representative; China red/acid soil	PRJNA1395320	China: Wuhan		confirmed_lat_lon	not_selected_after_project_dedup:candidate	no	external_acidic_soil_project_reads	yes	yes	MIMS Environmental/Metagenome sample from rhizosphere metagenome; brown-red soils; tomato rhizosphere; rhizosphere; China: Wuhan; 30.58 N 114.30 E
SRR36637676	PRJNA1395320	SAMN54355940	Asia	China red/acid soil	Red/acid soil	China: Wuhan	30.58	114.3		needs_metadata_or_OpenLandMap_confirmation	Asia representative; China red/acid soil	PRJNA1395320	China: Wuhan		confirmed_lat_lon	not_selected_after_project_dedup:candidate	no	external_acidic_soil_project_reads	yes	yes	MIMS Environmental/Metagenome sample from rhizosphere metagenome; brown-red soils; tomato rhizosphere; rhizosphere; China: Wuhan; 30.58 N 114.30 E
SRR36637677	PRJNA1395320	SAMN54355939	Asia	China red/acid soil	Red/acid soil	China: Wuhan	30.58	114.3		needs_metadata_or_OpenLandMap_confirmation	Asia representative; China red/acid soil	PRJNA1395320	China: Wuhan		confirmed_lat_lon	not_selected_after_project_dedup:candidate	no	external_acidic_soil_project_reads	yes	yes	MIMS Environmental/Metagenome sample from rhizosphere metagenome; brown-red soils; tomato rhizosphere; rhizosphere; China: Wuhan; 30.58 N 114.30 E
SRR36637678	PRJNA1395320	SAMN54355938	Asia	China red/acid soil	Red/acid soil	China: Wuhan	30.58	114.3		needs_metadata_or_OpenLandMap_confirmation	Asia representative; China red/acid soil	PRJNA1395320	China: Wuhan		confirmed_lat_lon	not_selected_after_project_dedup:candidate	no	external_acidic_soil_project_reads	yes	yes	MIMS Environmental/Metagenome sample from rhizosphere metagenome; brown-red soils; tomato rhizosphere; rhizosphere; China: Wuhan; 30.58 N 114.30 E
SRR36637679	PRJNA1395320	SAMN54355937	Asia	China red/acid soil	Red/acid soil	China: Wuhan	30.58	114.3		needs_metadata_or_OpenLandMap_confirmation	Asia representative; China red/acid soil	PRJNA1395320	China: Wuhan		confirmed_lat_lon	not_selected_after_project_dedup:candidate	no	external_acidic_soil_project_reads	yes	yes	MIMS Environmental/Metagenome sample from rhizosphere metagenome; brown-red soils; tomato rhizosphere; rhizosphere; China: Wuhan; 30.58 N 114.30 E
SRR36637680	PRJNA1395320	SAMN54355936	Asia	China red/acid soil	Red/acid soil	China: Wuhan	30.58	114.3		needs_metadata_or_OpenLandMap_confirmation	Asia representative; China red/acid soil	PRJNA1395320	China: Wuhan		confirmed_lat_lon	not_selected_after_project_dedup:candidate	no	external_acidic_soil_project_reads	yes	yes	MIMS Environmental/Metagenome sample from rhizosphere metagenome; brown-red soils; tomato rhizosphere; rhizosphere; China: Wuhan; 30.58 N 114.30 E
SRR36637681	PRJNA1395320	SAMN54355935	Asia	China red/acid soil	Red/acid soil	China: Wuhan	30.58	114.3		needs_metadata_or_OpenLandMap_confirmation	Asia representative; China red/acid soil	PRJNA1395320	China: Wuhan		confirmed_lat_lon	not_selected_after_project_dedup:candidate	no	external_acidic_soil_project_reads	yes	yes	MIMS Environmental/Metagenome sample from rhizosphere metagenome; brown-red soils; tomato rhizosphere; rhizosphere; China: Wuhan; 30.58 N 114.30 E
SRR36637682	PRJNA1395320	SAMN54355934	Asia	China red/acid soil	Red/acid soil	China: Wuhan	30.58	114.3		needs_metadata_or_OpenLandMap_confirmation	Asia representative; China red/acid soil	PRJNA1395320	China: Wuhan		confirmed_lat_lon	not_selected_after_project_dedup:candidate	no	external_acidic_soil_project_reads	yes	yes	MIMS Environmental/Metagenome sample from rhizosphere metagenome; brown-red soils; tomato rhizosphere; rhizosphere; China: Wuhan; 30.58 N 114.30 E
SRR36136209	PRJNA1366751	SAMN53322916	Asia	China red/acid soil	Red/acid soil	China:SichuanLiangshan				needs_metadata_or_OpenLandMap_confirmation	Asia representative; China red/acid soil	PRJNA1366751	China:SichuanLiangshan		needs_geocoding	not_selected_after_project_dedup:candidate	no	external_acidic_soil_project_reads	yes	yes	Metagenome or environmental sample from metagenome; soil, near red panda, siteAD; China:SichuanLiangshan; NA
SRR36136211	PRJNA1366751	SAMN53322917	Asia	China red/acid soil	Red/acid soil	China:SichuanLiangshan				needs_metadata_or_OpenLandMap_confirmation	Asia representative; China red/acid soil	PRJNA1366751	China:SichuanLiangshan		needs_geocoding	not_selected_after_project_dedup:candidate	no	external_acidic_soil_project_reads	yes	yes	Metagenome or environmental sample from metagenome; soil, near red panda, siteAE; China:SichuanLiangshan; NA
SRR36136225	PRJNA1366751	SAMN53322907	Asia	China red/acid soil	Red/acid soil	China:SichuanLiangshan				needs_metadata_or_OpenLandMap_confirmation	Asia representative; China red/acid soil	PRJNA1366751	China:SichuanLiangshan		needs_geocoding	not_selected_after_project_dedup:candidate	no	external_acidic_soil_project_reads	yes	yes	Metagenome or environmental sample from metagenome; soil, near red panda, siteU; China:SichuanLiangshan; NA
SRR36136227	PRJNA1366751	SAMN53322909	Asia	China red/acid soil	Red/acid soil	China:SichuanLiangshan				needs_metadata_or_OpenLandMap_confirmation	Asia representative; China red/acid soil	PRJNA1366751	China:SichuanLiangshan		needs_geocoding	not_selected_after_project_dedup:candidate	no	external_acidic_soil_project_reads	yes	yes	Metagenome or environmental sample from metagenome; soil, near red panda, siteW; China:SichuanLiangshan; NA
SRR36136229	PRJNA1366751	SAMN53322911	Asia	China red/acid soil	Red/acid soil	China:SichuanLiangshan				needs_metadata_or_OpenLandMap_confirmation	Asia representative; China red/acid soil	PRJNA1366751	China:SichuanLiangshan		needs_geocoding	not_selected_after_project_dedup:candidate	no	external_acidic_soil_project_reads	yes	yes	Metagenome or environmental sample from metagenome; soil, near red panda, siteY; China:SichuanLiangshan; NA
SRR36136230	PRJNA1366751	SAMN53322912	Asia	China red/acid soil	Red/acid soil	China:SichuanLiangshan				needs_metadata_or_OpenLandMap_confirmation	Asia representative; China red/acid soil	PRJNA1366751	China:SichuanLiangshan		needs_geocoding	not_selected_after_project_dedup:candidate	no	external_acidic_soil_project_reads	yes	yes	Metagenome or environmental sample from metagenome; soil, near red panda, siteZ; China:SichuanLiangshan; NA
SRR36136236	PRJNA1366751	SAMN53322904	Asia	China red/acid soil	Red/acid soil	China:SichuanLiangshan				needs_metadata_or_OpenLandMap_confirmation	Asia representative; China red/acid soil	PRJNA1366751	China:SichuanLiangshan		needs_geocoding	not_selected_after_project_dedup:candidate	no	external_acidic_soil_project_reads	yes	yes	Metagenome or environmental sample from metagenome; soil, near red panda, siteR; China:SichuanLiangshan; NA
SRR36136238	PRJNA1366751	SAMN53322902	Asia	China red/acid soil	Red/acid soil	China:SichuanLiangshan				needs_metadata_or_OpenLandMap_confirmation	Asia representative; China red/acid soil	PRJNA1366751	China:SichuanLiangshan		needs_geocoding	not_selected_after_project_dedup:candidate	no	external_acidic_soil_project_reads	yes	yes	Metagenome or environmental sample from metagenome; soil, near red panda, siteP; China:SichuanLiangshan; NA
SRR36136241	PRJNA1366751	SAMN53322899	Asia	China red/acid soil	Red/acid soil	China:SichuanLiangshan				needs_metadata_or_OpenLandMap_confirmation	Asia representative; China red/acid soil	PRJNA1366751	China:SichuanLiangshan		needs_geocoding	not_selected_after_project_dedup:candidate	no	external_acidic_soil_project_reads	yes	yes	Metagenome or environmental sample from metagenome; soil, near red panda, siteM; China:SichuanLiangshan; NA
SRR35341717	PRJNA1322532	SAMN51249114	Asia	China red/acid soil	Red/acid soil	China: Yujiang District, Yingtan City, Jiangxi Province	28.20864	116.9298		needs_metadata_or_OpenLandMap_confirmation	Asia representative; China red/acid soil	PRJNA1322532	China: Yujiang District, Yingtan City, Jiangxi Province		confirmed_lat_lon	not_selected_after_project_dedup:candidate	no	external_acidic_soil_project_reads	yes	yes	Soil10; soil sample10; China: Yujiang District, Yingtan City, Jiangxi Province; 28.20864 N 116.9298 E
SRR35341718	PRJNA1322532	SAMN51249113	Asia	China red/acid soil	Red/acid soil	China: Yujiang District, Yingtan City, Jiangxi Province	28.20864	116.9298		needs_metadata_or_OpenLandMap_confirmation	Asia representative; China red/acid soil	PRJNA1322532	China: Yujiang District, Yingtan City, Jiangxi Province		confirmed_lat_lon	not_selected_after_project_dedup:candidate	no	external_acidic_soil_project_reads	yes	yes	Soil9; soil sample9; China: Yujiang District, Yingtan City, Jiangxi Province; 28.20864 N 116.9298 E
SRR35341719	PRJNA1322532	SAMN51249112	Asia	China red/acid soil	Red/acid soil	China: Yujiang District, Yingtan City, Jiangxi Province	28.20864	116.9298		needs_metadata_or_OpenLandMap_confirmation	Asia representative; China red/acid soil	PRJNA1322532	China: Yujiang District, Yingtan City, Jiangxi Province		confirmed_lat_lon	not_selected_after_project_dedup:candidate	no	external_acidic_soil_project_reads	yes	yes	Soil8; soil sample8; China: Yujiang District, Yingtan City, Jiangxi Province; 28.20864 N 116.9298 E
SRR35341720	PRJNA1322532	SAMN51249111	Asia	China red/acid soil	Red/acid soil	China: Yujiang District, Yingtan City, Jiangxi Province	28.20864	116.9298		needs_metadata_or_OpenLandMap_confirmation	Asia representative; China red/acid soil	PRJNA1322532	China: Yujiang District, Yingtan City, Jiangxi Province		confirmed_lat_lon	not_selected_after_project_dedup:candidate	no	external_acidic_soil_project_reads	yes	yes	Soil7; soil sample7; China: Yujiang District, Yingtan City, Jiangxi Province; 28.20864 N 116.9298 E
SRR35341721	PRJNA1322532	SAMN51249110	Asia	China red/acid soil	Red/acid soil	China: Yujiang District, Yingtan City, Jiangxi Province	28.20864	116.9298		needs_metadata_or_OpenLandMap_confirmation	Asia representative; China red/acid soil	PRJNA1322532	China: Yujiang District, Yingtan City, Jiangxi Province		confirmed_lat_lon	not_selected_after_project_dedup:candidate	no	external_acidic_soil_project_reads	yes	yes	Soil6; soil sample6; China: Yujiang District, Yingtan City, Jiangxi Province; 28.20864 N 116.9298 E
SRR35341722	PRJNA1322532	SAMN51249109	Asia	China red/acid soil	Red/acid soil	China: Yujiang District, Yingtan City, Jiangxi Province	28.20864	116.9298		needs_metadata_or_OpenLandMap_confirmation	Asia representative; China red/acid soil	PRJNA1322532	China: Yujiang District, Yingtan City, Jiangxi Province		confirmed_lat_lon	not_selected_after_project_dedup:candidate	no	external_acidic_soil_project_reads	yes	yes	Soil5; soil sample5; China: Yujiang District, Yingtan City, Jiangxi Province; 28.20864 N 116.9298 E
SRR35729002	PRJNA1337480	SAMN52321188	Asia	Acidic paddy soil	Paddy soil	China:Daqing	45.71	124.3		needs_metadata_or_OpenLandMap_confirmation	Asia representative; Acidic paddy soil	PRJNA1337480	China:Daqing		confirmed_lat_lon	not_selected_after_project_dedup:candidate	no	external_acidic_soil_project_reads	yes	yes	Soil; parallel experiment 1 of paddy soil without A-HA addition; China:Daqing; 45.71 N 124.30 E
SRR35729003	PRJNA1337480	SAMN52321187	Asia	Acidic paddy soil	Paddy soil	China:Daqing	45.71	124.3		needs_metadata_or_OpenLandMap_confirmation	Asia representative; Acidic paddy soil	PRJNA1337480	China:Daqing		confirmed_lat_lon	not_selected_after_project_dedup:candidate	no	external_acidic_soil_project_reads	yes	yes	Soil; parallel experiment 3 of paddy soil with A-HA addition; China:Daqing; 45.71 N 124.30 E
SRR35729004	PRJNA1337480	SAMN52321186	Asia	Acidic paddy soil	Paddy soil	China:Daqing	45.71	124.3		needs_metadata_or_OpenLandMap_confirmation	Asia representative; Acidic paddy soil	PRJNA1337480	China:Daqing		confirmed_lat_lon	not_selected_after_project_dedup:candidate	no	external_acidic_soil_project_reads	yes	yes	Soil; parallel experiment 2 of paddy soil with A-HA addition; China:Daqing; 45.71 N 124.30 E
SRR35729005	PRJNA1337480	SAMN52321185	Asia	Acidic paddy soil	Paddy soil	China:Daqing	45.71	124.3		needs_metadata_or_OpenLandMap_confirmation	Asia representative; Acidic paddy soil	PRJNA1337480	China:Daqing		confirmed_lat_lon	not_selected_after_project_dedup:candidate	no	external_acidic_soil_project_reads	yes	yes	Soil; parallel experiment 1 of paddy soil with A-HA addition; China:Daqing; 45.71 N 124.30 E
SRR35729010	PRJNA1337480	SAMN52321190	Asia	Acidic paddy soil	Paddy soil	China:Daqing	45.71	124.3		needs_metadata_or_OpenLandMap_confirmation	Asia representative; Acidic paddy soil	PRJNA1337480	China:Daqing		confirmed_lat_lon	not_selected_after_project_dedup:candidate	no	external_acidic_soil_project_reads	yes	yes	Soil; parallel experiment 3 of paddy soil without A-HA addition; China:Daqing; 45.71 N 124.30 E
SRR35729011	PRJNA1337480	SAMN52321189	Asia	Acidic paddy soil	Paddy soil	China:Daqing	45.71	124.3		needs_metadata_or_OpenLandMap_confirmation	Asia representative; Acidic paddy soil	PRJNA1337480	China:Daqing		confirmed_lat_lon	not_selected_after_project_dedup:candidate	no	external_acidic_soil_project_reads	yes	yes	Soil; parallel experiment 2 of paddy soil without A-HA addition; China:Daqing; 45.71 N 124.30 E
SRR32502475	PRJNA1229087	SAMN47119343	Asia	Acidic paddy soil	Paddy soil	China: Jiangxi	28.26	115.22		needs_metadata_or_OpenLandMap_confirmation	Asia representative; Acidic paddy soil	PRJNA1229087	China: Jiangxi		confirmed_lat_lon	not_selected_after_project_dedup:candidate	no	external_acidic_soil_project_reads	yes	yes	red-yellow paddy soil; China: Jiangxi; 28.26 N 115.22 E
SRR32502476	PRJNA1229087	SAMN47119342	Asia	Acidic paddy soil	Paddy soil	China: Jiangxi	28.26	115.21		needs_metadata_or_OpenLandMap_confirmation	Asia representative; Acidic paddy soil	PRJNA1229087	China: Jiangxi		confirmed_lat_lon	not_selected_after_project_dedup:candidate	no	external_acidic_soil_project_reads	yes	yes	red-yellow paddy soil; China: Jiangxi; 28.26 N 115.21 E
SRR32502477	PRJNA1229087	SAMN47119341	Asia	Acidic paddy soil	Paddy soil	China: Jiangxi	28.26	115.2		needs_metadata_or_OpenLandMap_confirmation	Asia representative; Acidic paddy soil	PRJNA1229087	China: Jiangxi		confirmed_lat_lon	not_selected_after_project_dedup:candidate	no	external_acidic_soil_project_reads	yes	yes	red-yellow paddy soil; China: Jiangxi; 28.26 N 115.20 E
SRR32502478	PRJNA1229087	SAMN47119340	Asia	Acidic paddy soil	Paddy soil	China: Jiangxi	28.26	115.19		needs_metadata_or_OpenLandMap_confirmation	Asia representative; Acidic paddy soil	PRJNA1229087	China: Jiangxi		confirmed_lat_lon	not_selected_after_project_dedup:candidate	no	external_acidic_soil_project_reads	yes	yes	red-yellow paddy soil; China: Jiangxi; 28.26 N 115.19 E
SRR32502479	PRJNA1229087	SAMN47119339	Asia	Acidic paddy soil	Paddy soil	China: Jiangxi	28.26	115.18		needs_metadata_or_OpenLandMap_confirmation	Asia representative; Acidic paddy soil	PRJNA1229087	China: Jiangxi		confirmed_lat_lon	not_selected_after_project_dedup:candidate	no	external_acidic_soil_project_reads	yes	yes	red-yellow paddy soil; China: Jiangxi; 28.26 N 115.18 E
SRR32502480	PRJNA1229087	SAMN47119338	Asia	Acidic paddy soil	Paddy soil	China: Jiangxi	28.26	115.17		needs_metadata_or_OpenLandMap_confirmation	Asia representative; Acidic paddy soil	PRJNA1229087	China: Jiangxi		confirmed_lat_lon	not_selected_after_project_dedup:candidate	no	external_acidic_soil_project_reads	yes	yes	red-yellow paddy soil; China: Jiangxi; 28.26 N 115.17 E
SRR32502481	PRJNA1229087	SAMN47119337	Asia	Acidic paddy soil	Paddy soil	China: Jiangxi	28.26	115.16		needs_metadata_or_OpenLandMap_confirmation	Asia representative; Acidic paddy soil	PRJNA1229087	China: Jiangxi		confirmed_lat_lon	not_selected_after_project_dedup:candidate	no	external_acidic_soil_project_reads	yes	yes	red-yellow paddy soil; China: Jiangxi; 28.26 N 115.16 E
SRR32502482	PRJNA1229087	SAMN47119357	Asia	Acidic paddy soil	Paddy soil	China: Jiangxi	28.26	115.36		needs_metadata_or_OpenLandMap_confirmation	Asia representative; Acidic paddy soil	PRJNA1229087	China: Jiangxi		confirmed_lat_lon	not_selected_after_project_dedup:candidate	no	external_acidic_soil_project_reads	yes	yes	red-yellow paddy soil; China: Jiangxi; 28.26 N 115.36 E
SRR32502483	PRJNA1229087	SAMN47119356	Asia	Acidic paddy soil	Paddy soil	China: Jiangxi	28.26	115.35		needs_metadata_or_OpenLandMap_confirmation	Asia representative; Acidic paddy soil	PRJNA1229087	China: Jiangxi		confirmed_lat_lon	not_selected_after_project_dedup:candidate	no	external_acidic_soil_project_reads	yes	yes	red-yellow paddy soil; China: Jiangxi; 28.26 N 115.35 E
SRR32502484	PRJNA1229087	SAMN47119355	Asia	Acidic paddy soil	Paddy soil	China: Jiangxi	28.26	115.34		needs_metadata_or_OpenLandMap_confirmation	Asia representative; Acidic paddy soil	PRJNA1229087	China: Jiangxi		confirmed_lat_lon	not_selected_after_project_dedup:candidate	no	external_acidic_soil_project_reads	yes	yes	red-yellow paddy soil; China: Jiangxi; 28.26 N 115.34 E
SRR32502485	PRJNA1229087	SAMN47119354	Asia	Acidic paddy soil	Paddy soil	China: Jiangxi	28.26	115.33		needs_metadata_or_OpenLandMap_confirmation	Asia representative; Acidic paddy soil	PRJNA1229087	China: Jiangxi		confirmed_lat_lon	not_selected_after_project_dedup:candidate	no	external_acidic_soil_project_reads	yes	yes	red-yellow paddy soil; China: Jiangxi; 28.26 N 115.33 E
SRR32502486	PRJNA1229087	SAMN47119336	Asia	Acidic paddy soil	Paddy soil	China: Jiangxi	28.26	115.15		needs_metadata_or_OpenLandMap_confirmation	Asia representative; Acidic paddy soil	PRJNA1229087	China: Jiangxi		confirmed_lat_lon	not_selected_after_project_dedup:candidate	no	external_acidic_soil_project_reads	yes	yes	red-yellow paddy soil; China: Jiangxi; 28.26 N 115.15 E
SRR32502487	PRJNA1229087	SAMN47119353	Asia	Acidic paddy soil	Paddy soil	China: Jiangxi	28.26	115.32		needs_metadata_or_OpenLandMap_confirmation	Asia representative; Acidic paddy soil	PRJNA1229087	China: Jiangxi		confirmed_lat_lon	not_selected_after_project_dedup:candidate	no	external_acidic_soil_project_reads	yes	yes	red-yellow paddy soil; China: Jiangxi; 28.26 N 115.32 E
SRR32502488	PRJNA1229087	SAMN47119352	Asia	Acidic paddy soil	Paddy soil	China: Jiangxi	28.26	115.31		needs_metadata_or_OpenLandMap_confirmation	Asia representative; Acidic paddy soil	PRJNA1229087	China: Jiangxi		confirmed_lat_lon	not_selected_after_project_dedup:candidate	no	external_acidic_soil_project_reads	yes	yes	red-yellow paddy soil; China: Jiangxi; 28.26 N 115.31 E
SRR32502489	PRJNA1229087	SAMN47119351	Asia	Acidic paddy soil	Paddy soil	China: Jiangxi	28.26	115.3		needs_metadata_or_OpenLandMap_confirmation	Asia representative; Acidic paddy soil	PRJNA1229087	China: Jiangxi		confirmed_lat_lon	not_selected_after_project_dedup:candidate	no	external_acidic_soil_project_reads	yes	yes	red-yellow paddy soil; China: Jiangxi; 28.26 N 115.30 E
SRR32502490	PRJNA1229087	SAMN47119350	Asia	Acidic paddy soil	Paddy soil	China: Jiangxi	28.26	115.29		needs_metadata_or_OpenLandMap_confirmation	Asia representative; Acidic paddy soil	PRJNA1229087	China: Jiangxi		confirmed_lat_lon	not_selected_after_project_dedup:candidate	no	external_acidic_soil_project_reads	yes	yes	red-yellow paddy soil; China: Jiangxi; 28.26 N 115.29 E
SRR32502491	PRJNA1229087	SAMN47119349	Asia	Acidic paddy soil	Paddy soil	China: Jiangxi	28.26	115.28		needs_metadata_or_OpenLandMap_confirmation	Asia representative; Acidic paddy soil	PRJNA1229087	China: Jiangxi		confirmed_lat_lon	not_selected_after_project_dedup:candidate	no	external_acidic_soil_project_reads	yes	yes	red-yellow paddy soil; China: Jiangxi; 28.26 N 115.28 E
SRR32502492	PRJNA1229087	SAMN47119348	Asia	Acidic paddy soil	Paddy soil	China: Jiangxi	28.26	115.27		needs_metadata_or_OpenLandMap_confirmation	Asia representative; Acidic paddy soil	PRJNA1229087	China: Jiangxi		confirmed_lat_lon	not_selected_after_project_dedup:candidate	no	external_acidic_soil_project_reads	yes	yes	red-yellow paddy soil; China: Jiangxi; 28.26 N 115.27 E
SRR32502493	PRJNA1229087	SAMN47119347	Asia	Acidic paddy soil	Paddy soil	China: Jiangxi	28.26	115.26		needs_metadata_or_OpenLandMap_confirmation	Asia representative; Acidic paddy soil	PRJNA1229087	China: Jiangxi		confirmed_lat_lon	not_selected_after_project_dedup:candidate	no	external_acidic_soil_project_reads	yes	yes	red-yellow paddy soil; China: Jiangxi; 28.26 N 115.26 E
SRR32502494	PRJNA1229087	SAMN47119346	Asia	Acidic paddy soil	Paddy soil	China: Jiangxi	28.26	115.25		needs_metadata_or_OpenLandMap_confirmation	Asia representative; Acidic paddy soil	PRJNA1229087	China: Jiangxi		confirmed_lat_lon	not_selected_after_project_dedup:candidate	no	external_acidic_soil_project_reads	yes	yes	red-yellow paddy soil; China: Jiangxi; 28.26 N 115.25 E
SRR32502495	PRJNA1229087	SAMN47119345	Asia	Acidic paddy soil	Paddy soil	China: Jiangxi	28.26	115.24		needs_metadata_or_OpenLandMap_confirmation	Asia representative; Acidic paddy soil	PRJNA1229087	China: Jiangxi		confirmed_lat_lon	not_selected_after_project_dedup:candidate	no	external_acidic_soil_project_reads	yes	yes	red-yellow paddy soil; China: Jiangxi; 28.26 N 115.24 E
SRR32502496	PRJNA1229087	SAMN47119344	Asia	Acidic paddy soil	Paddy soil	China: Jiangxi	28.26	115.23		needs_metadata_or_OpenLandMap_confirmation	Asia representative; Acidic paddy soil	PRJNA1229087	China: Jiangxi		confirmed_lat_lon	not_selected_after_project_dedup:candidate	no	external_acidic_soil_project_reads	yes	yes	red-yellow paddy soil; China: Jiangxi; 28.26 N 115.23 E
SRR30195660	PRJNA1144675	SAMN43041943	Asia	Acidic paddy soil	Paddy soil	China:Nanjing				needs_metadata_or_OpenLandMap_confirmation	Asia representative; Acidic paddy soil	PRJNA1144675	China:Nanjing		needs_geocoding	not_selected_after_project_dedup:candidate	no	external_acidic_soil_project_reads	yes	yes	Metagenome or environmental sample from soil metagenome; topsoil samples; China:Nanjing; missing
SRR30195661	PRJNA1144675	SAMN43041942	Asia	Acidic paddy soil	Paddy soil	China:Nanjing				needs_metadata_or_OpenLandMap_confirmation	Asia representative; Acidic paddy soil	PRJNA1144675	China:Nanjing		needs_geocoding	not_selected_after_project_dedup:candidate	no	external_acidic_soil_project_reads	yes	yes	Metagenome or environmental sample from soil metagenome; topsoil samples; China:Nanjing; missing
SRR30195662	PRJNA1144675	SAMN43041941	Asia	Acidic paddy soil	Paddy soil	China:Nanjing				needs_metadata_or_OpenLandMap_confirmation	Asia representative; Acidic paddy soil	PRJNA1144675	China:Nanjing		needs_geocoding	not_selected_after_project_dedup:candidate	no	external_acidic_soil_project_reads	yes	yes	Metagenome or environmental sample from soil metagenome; topsoil samples; China:Nanjing; missing
SRR30195663	PRJNA1144675	SAMN43041940	Asia	Acidic paddy soil	Paddy soil	China:Nanjing				needs_metadata_or_OpenLandMap_confirmation	Asia representative; Acidic paddy soil	PRJNA1144675	China:Nanjing		needs_geocoding	not_selected_after_project_dedup:candidate	no	external_acidic_soil_project_reads	yes	yes	Metagenome or environmental sample from soil metagenome; topsoil samples; China:Nanjing; missing
SRR30195664	PRJNA1144675	SAMN43041989	Asia	Acidic paddy soil	Paddy soil	China:Nanjing				needs_metadata_or_OpenLandMap_confirmation	Asia representative; Acidic paddy soil	PRJNA1144675	China:Nanjing		needs_geocoding	not_selected_after_project_dedup:candidate	no	external_acidic_soil_project_reads	yes	yes	Metagenome or environmental sample from soil metagenome; topsoil samples; China:Nanjing; missing
SRR30195665	PRJNA1144675	SAMN43041988	Asia	Acidic paddy soil	Paddy soil	China:Nanjing				needs_metadata_or_OpenLandMap_confirmation	Asia representative; Acidic paddy soil	PRJNA1144675	China:Nanjing		needs_geocoding	not_selected_after_project_dedup:candidate	no	external_acidic_soil_project_reads	yes	yes	Metagenome or environmental sample from soil metagenome; topsoil samples; China:Nanjing; missing
SRR30195666	PRJNA1144675	SAMN43041987	Asia	Acidic paddy soil	Paddy soil	China:Nanjing				needs_metadata_or_OpenLandMap_confirmation	Asia representative; Acidic paddy soil	PRJNA1144675	China:Nanjing		needs_geocoding	not_selected_after_project_dedup:candidate	no	external_acidic_soil_project_reads	yes	yes	Metagenome or environmental sample from soil metagenome; topsoil samples; China:Nanjing; missing
SRR30195667	PRJNA1144675	SAMN43041986	Asia	Acidic paddy soil	Paddy soil	China:Nanjing				needs_metadata_or_OpenLandMap_confirmation	Asia representative; Acidic paddy soil	PRJNA1144675	China:Nanjing		needs_geocoding	not_selected_after_project_dedup:candidate	no	external_acidic_soil_project_reads	yes	yes	Metagenome or environmental sample from soil metagenome; topsoil samples; China:Nanjing; missing
SRR30195668	PRJNA1144675	SAMN43041985	Asia	Acidic paddy soil	Paddy soil	China:Nanjing				needs_metadata_or_OpenLandMap_confirmation	Asia representative; Acidic paddy soil	PRJNA1144675	China:Nanjing		needs_geocoding	not_selected_after_project_dedup:candidate	no	external_acidic_soil_project_reads	yes	yes	Metagenome or environmental sample from soil metagenome; topsoil samples; China:Nanjing; missing
SRR30195669	PRJNA1144675	SAMN43041984	Asia	Acidic paddy soil	Paddy soil	China:Nanjing				needs_metadata_or_OpenLandMap_confirmation	Asia representative; Acidic paddy soil	PRJNA1144675	China:Nanjing		needs_geocoding	not_selected_after_project_dedup:candidate	no	external_acidic_soil_project_reads	yes	yes	Metagenome or environmental sample from soil metagenome; topsoil samples; China:Nanjing; missing
SRR30195670	PRJNA1144675	SAMN43041939	Asia	Acidic paddy soil	Paddy soil	China:Nanjing				needs_metadata_or_OpenLandMap_confirmation	Asia representative; Acidic paddy soil	PRJNA1144675	China:Nanjing		needs_geocoding	not_selected_after_project_dedup:candidate	no	external_acidic_soil_project_reads	yes	yes	Metagenome or environmental sample from soil metagenome; topsoil samples; China:Nanjing; missing
SRR30195671	PRJNA1144675	SAMN43041983	Asia	Acidic paddy soil	Paddy soil	China:Nanjing				needs_metadata_or_OpenLandMap_confirmation	Asia representative; Acidic paddy soil	PRJNA1144675	China:Nanjing		needs_geocoding	not_selected_after_project_dedup:candidate	no	external_acidic_soil_project_reads	yes	yes	Metagenome or environmental sample from soil metagenome; topsoil samples; China:Nanjing; missing
SRR30195672	PRJNA1144675	SAMN43041982	Asia	Acidic paddy soil	Paddy soil	China:Nanjing				needs_metadata_or_OpenLandMap_confirmation	Asia representative; Acidic paddy soil	PRJNA1144675	China:Nanjing		needs_geocoding	not_selected_after_project_dedup:candidate	no	external_acidic_soil_project_reads	yes	yes	Metagenome or environmental sample from soil metagenome; topsoil samples; China:Nanjing; missing
SRR30195673	PRJNA1144675	SAMN43041981	Asia	Acidic paddy soil	Paddy soil	China:Nanjing				needs_metadata_or_OpenLandMap_confirmation	Asia representative; Acidic paddy soil	PRJNA1144675	China:Nanjing		needs_geocoding	not_selected_after_project_dedup:candidate	no	external_acidic_soil_project_reads	yes	yes	Metagenome or environmental sample from soil metagenome; topsoil samples; China:Nanjing; missing
SRR30195674	PRJNA1144675	SAMN43041980	Asia	Acidic paddy soil	Paddy soil	China:Nanjing				needs_metadata_or_OpenLandMap_confirmation	Asia representative; Acidic paddy soil	PRJNA1144675	China:Nanjing		needs_geocoding	not_selected_after_project_dedup:candidate	no	external_acidic_soil_project_reads	yes	yes	Metagenome or environmental sample from soil metagenome; topsoil samples; China:Nanjing; missing
SRR30195675	PRJNA1144675	SAMN43041979	Asia	Acidic paddy soil	Paddy soil	China:Nanjing				needs_metadata_or_OpenLandMap_confirmation	Asia representative; Acidic paddy soil	PRJNA1144675	China:Nanjing		needs_geocoding	not_selected_after_project_dedup:candidate	no	external_acidic_soil_project_reads	yes	yes	Metagenome or environmental sample from soil metagenome; topsoil samples; China:Nanjing; missing
SRR30195676	PRJNA1144675	SAMN43041978	Asia	Acidic paddy soil	Paddy soil	China:Nanjing				needs_metadata_or_OpenLandMap_confirmation	Asia representative; Acidic paddy soil	PRJNA1144675	China:Nanjing		needs_geocoding	not_selected_after_project_dedup:candidate	no	external_acidic_soil_project_reads	yes	yes	Metagenome or environmental sample from soil metagenome; topsoil samples; China:Nanjing; missing
SRR30195677	PRJNA1144675	SAMN43041977	Asia	Acidic paddy soil	Paddy soil	China:Nanjing				needs_metadata_or_OpenLandMap_confirmation	Asia representative; Acidic paddy soil	PRJNA1144675	China:Nanjing		needs_geocoding	not_selected_after_project_dedup:candidate	no	external_acidic_soil_project_reads	yes	yes	Metagenome or environmental sample from soil metagenome; topsoil samples; China:Nanjing; missing
SRR30195678	PRJNA1144675	SAMN43041976	Asia	Acidic paddy soil	Paddy soil	China:Nanjing				needs_metadata_or_OpenLandMap_confirmation	Asia representative; Acidic paddy soil	PRJNA1144675	China:Nanjing		needs_geocoding	not_selected_after_project_dedup:candidate	no	external_acidic_soil_project_reads	yes	yes	Metagenome or environmental sample from soil metagenome; topsoil samples; China:Nanjing; missing
SRR30195679	PRJNA1144675	SAMN43041975	Asia	Acidic paddy soil	Paddy soil	China:Nanjing				needs_metadata_or_OpenLandMap_confirmation	Asia representative; Acidic paddy soil	PRJNA1144675	China:Nanjing		needs_geocoding	not_selected_after_project_dedup:candidate	no	external_acidic_soil_project_reads	yes	yes	Metagenome or environmental sample from soil metagenome; topsoil samples; China:Nanjing; missing
SRR30195680	PRJNA1144675	SAMN43041974	Asia	Acidic paddy soil	Paddy soil	China:Nanjing				needs_metadata_or_OpenLandMap_confirmation	Asia representative; Acidic paddy soil	PRJNA1144675	China:Nanjing		needs_geocoding	not_selected_after_project_dedup:candidate	no	external_acidic_soil_project_reads	yes	yes	Metagenome or environmental sample from soil metagenome; topsoil samples; China:Nanjing; missing
SRR30195681	PRJNA1144675	SAMN43041938	Asia	Acidic paddy soil	Paddy soil	China:Nanjing				needs_metadata_or_OpenLandMap_confirmation	Asia representative; Acidic paddy soil	PRJNA1144675	China:Nanjing		needs_geocoding	not_selected_after_project_dedup:candidate	no	external_acidic_soil_project_reads	yes	yes	Metagenome or environmental sample from soil metagenome; topsoil samples; China:Nanjing; missing
SRR30195682	PRJNA1144675	SAMN43041973	Asia	Acidic paddy soil	Paddy soil	China:Nanjing				needs_metadata_or_OpenLandMap_confirmation	Asia representative; Acidic paddy soil	PRJNA1144675	China:Nanjing		needs_geocoding	not_selected_after_project_dedup:candidate	no	external_acidic_soil_project_reads	yes	yes	Metagenome or environmental sample from soil metagenome; topsoil samples; China:Nanjing; missing
SRR30195683	PRJNA1144675	SAMN43041972	Asia	Acidic paddy soil	Paddy soil	China:Nanjing				needs_metadata_or_OpenLandMap_confirmation	Asia representative; Acidic paddy soil	PRJNA1144675	China:Nanjing		needs_geocoding	not_selected_after_project_dedup:candidate	no	external_acidic_soil_project_reads	yes	yes	Metagenome or environmental sample from soil metagenome; topsoil samples; China:Nanjing; missing
SRR30195684	PRJNA1144675	SAMN43041971	Asia	Acidic paddy soil	Paddy soil	China:Nanjing				needs_metadata_or_OpenLandMap_confirmation	Asia representative; Acidic paddy soil	PRJNA1144675	China:Nanjing		needs_geocoding	not_selected_after_project_dedup:candidate	no	external_acidic_soil_project_reads	yes	yes	Metagenome or environmental sample from soil metagenome; topsoil samples; China:Nanjing; missing
SRR30195685	PRJNA1144675	SAMN43041970	Asia	Acidic paddy soil	Paddy soil	China:Nanjing				needs_metadata_or_OpenLandMap_confirmation	Asia representative; Acidic paddy soil	PRJNA1144675	China:Nanjing		needs_geocoding	not_selected_after_project_dedup:candidate	no	external_acidic_soil_project_reads	yes	yes	Metagenome or environmental sample from soil metagenome; topsoil samples; China:Nanjing; missing
SRR30195686	PRJNA1144675	SAMN43041969	Asia	Acidic paddy soil	Paddy soil	China:Nanjing				needs_metadata_or_OpenLandMap_confirmation	Asia representative; Acidic paddy soil	PRJNA1144675	China:Nanjing		needs_geocoding	not_selected_after_project_dedup:candidate	no	external_acidic_soil_project_reads	yes	yes	Metagenome or environmental sample from soil metagenome; topsoil samples; China:Nanjing; missing
SRR30195687	PRJNA1144675	SAMN43041968	Asia	Acidic paddy soil	Paddy soil	China:Nanjing				needs_metadata_or_OpenLandMap_confirmation	Asia representative; Acidic paddy soil	PRJNA1144675	China:Nanjing		needs_geocoding	not_selected_after_project_dedup:candidate	no	external_acidic_soil_project_reads	yes	yes	Metagenome or environmental sample from soil metagenome; topsoil samples; China:Nanjing; missing
SRR30195688	PRJNA1144675	SAMN43041967	Asia	Acidic paddy soil	Paddy soil	China:Nanjing				needs_metadata_or_OpenLandMap_confirmation	Asia representative; Acidic paddy soil	PRJNA1144675	China:Nanjing		needs_geocoding	not_selected_after_project_dedup:candidate	no	external_acidic_soil_project_reads	yes	yes	Metagenome or environmental sample from soil metagenome; topsoil samples; China:Nanjing; missing
SRR30195689	PRJNA1144675	SAMN43041966	Asia	Acidic paddy soil	Paddy soil	China:Nanjing				needs_metadata_or_OpenLandMap_confirmation	Asia representative; Acidic paddy soil	PRJNA1144675	China:Nanjing		needs_geocoding	not_selected_after_project_dedup:candidate	no	external_acidic_soil_project_reads	yes	yes	Metagenome or environmental sample from soil metagenome; topsoil samples; China:Nanjing; missing
SRR30195690	PRJNA1144675	SAMN43041965	Asia	Acidic paddy soil	Paddy soil	China:Nanjing				needs_metadata_or_OpenLandMap_confirmation	Asia representative; Acidic paddy soil	PRJNA1144675	China:Nanjing		needs_geocoding	not_selected_after_project_dedup:candidate	no	external_acidic_soil_project_reads	yes	yes	Metagenome or environmental sample from soil metagenome; topsoil samples; China:Nanjing; missing
SRR30195691	PRJNA1144675	SAMN43041964	Asia	Acidic paddy soil	Paddy soil	China:Nanjing				needs_metadata_or_OpenLandMap_confirmation	Asia representative; Acidic paddy soil	PRJNA1144675	China:Nanjing		needs_geocoding	not_selected_after_project_dedup:candidate	no	external_acidic_soil_project_reads	yes	yes	Metagenome or environmental sample from soil metagenome; topsoil samples; China:Nanjing; missing
SRR30195692	PRJNA1144675	SAMN43041937	Asia	Acidic paddy soil	Paddy soil	China:Nanjing				needs_metadata_or_OpenLandMap_confirmation	Asia representative; Acidic paddy soil	PRJNA1144675	China:Nanjing		needs_geocoding	not_selected_after_project_dedup:candidate	no	external_acidic_soil_project_reads	yes	yes	Metagenome or environmental sample from soil metagenome; topsoil samples; China:Nanjing; missing
SRR30195693	PRJNA1144675	SAMN43041963	Asia	Acidic paddy soil	Paddy soil	China:Nanjing				needs_metadata_or_OpenLandMap_confirmation	Asia representative; Acidic paddy soil	PRJNA1144675	China:Nanjing		needs_geocoding	not_selected_after_project_dedup:candidate	no	external_acidic_soil_project_reads	yes	yes	Metagenome or environmental sample from soil metagenome; topsoil samples; China:Nanjing; missing
SRR30195694	PRJNA1144675	SAMN43041962	Asia	Acidic paddy soil	Paddy soil	China:Nanjing				needs_metadata_or_OpenLandMap_confirmation	Asia representative; Acidic paddy soil	PRJNA1144675	China:Nanjing		needs_geocoding	not_selected_after_project_dedup:candidate	no	external_acidic_soil_project_reads	yes	yes	Metagenome or environmental sample from soil metagenome; topsoil samples; China:Nanjing; missing
SRR30195695	PRJNA1144675	SAMN43041961	Asia	Acidic paddy soil	Paddy soil	China:Nanjing				needs_metadata_or_OpenLandMap_confirmation	Asia representative; Acidic paddy soil	PRJNA1144675	China:Nanjing		needs_geocoding	not_selected_after_project_dedup:candidate	no	external_acidic_soil_project_reads	yes	yes	Metagenome or environmental sample from soil metagenome; topsoil samples; China:Nanjing; missing
SRR30195696	PRJNA1144675	SAMN43041960	Asia	Acidic paddy soil	Paddy soil	China:Nanjing				needs_metadata_or_OpenLandMap_confirmation	Asia representative; Acidic paddy soil	PRJNA1144675	China:Nanjing		needs_geocoding	not_selected_after_project_dedup:candidate	no	external_acidic_soil_project_reads	yes	yes	Metagenome or environmental sample from soil metagenome; topsoil samples; China:Nanjing; missing
SRR30195697	PRJNA1144675	SAMN43041959	Asia	Acidic paddy soil	Paddy soil	China:Nanjing				needs_metadata_or_OpenLandMap_confirmation	Asia representative; Acidic paddy soil	PRJNA1144675	China:Nanjing		needs_geocoding	not_selected_after_project_dedup:candidate	no	external_acidic_soil_project_reads	yes	yes	Metagenome or environmental sample from soil metagenome; topsoil samples; China:Nanjing; missing
SRR30195698	PRJNA1144675	SAMN43041958	Asia	Acidic paddy soil	Paddy soil	China:Nanjing				needs_metadata_or_OpenLandMap_confirmation	Asia representative; Acidic paddy soil	PRJNA1144675	China:Nanjing		needs_geocoding	not_selected_after_project_dedup:candidate	no	external_acidic_soil_project_reads	yes	yes	Metagenome or environmental sample from soil metagenome; topsoil samples; China:Nanjing; missing
SRR30195699	PRJNA1144675	SAMN43041957	Asia	Acidic paddy soil	Paddy soil	China:Nanjing				needs_metadata_or_OpenLandMap_confirmation	Asia representative; Acidic paddy soil	PRJNA1144675	China:Nanjing		needs_geocoding	not_selected_after_project_dedup:candidate	no	external_acidic_soil_project_reads	yes	yes	Metagenome or environmental sample from soil metagenome; topsoil samples; China:Nanjing; missing
SRR30195700	PRJNA1144675	SAMN43041956	Asia	Acidic paddy soil	Paddy soil	China:Nanjing				needs_metadata_or_OpenLandMap_confirmation	Asia representative; Acidic paddy soil	PRJNA1144675	China:Nanjing		needs_geocoding	not_selected_after_project_dedup:candidate	no	external_acidic_soil_project_reads	yes	yes	Metagenome or environmental sample from soil metagenome; topsoil samples; China:Nanjing; missing
SRR30195701	PRJNA1144675	SAMN43041955	Asia	Acidic paddy soil	Paddy soil	China:Nanjing				needs_metadata_or_OpenLandMap_confirmation	Asia representative; Acidic paddy soil	PRJNA1144675	China:Nanjing		needs_geocoding	not_selected_after_project_dedup:candidate	no	external_acidic_soil_project_reads	yes	yes	Metagenome or environmental sample from soil metagenome; topsoil samples; China:Nanjing; missing
SRR30195702	PRJNA1144675	SAMN43041954	Asia	Acidic paddy soil	Paddy soil	China:Nanjing				needs_metadata_or_OpenLandMap_confirmation	Asia representative; Acidic paddy soil	PRJNA1144675	China:Nanjing		needs_geocoding	not_selected_after_project_dedup:candidate	no	external_acidic_soil_project_reads	yes	yes	Metagenome or environmental sample from soil metagenome; topsoil samples; China:Nanjing; missing
SRR30195703	PRJNA1144675	SAMN43041936	Asia	Acidic paddy soil	Paddy soil	China:Nanjing				needs_metadata_or_OpenLandMap_confirmation	Asia representative; Acidic paddy soil	PRJNA1144675	China:Nanjing		needs_geocoding	not_selected_after_project_dedup:candidate	no	external_acidic_soil_project_reads	yes	yes	Metagenome or environmental sample from soil metagenome; topsoil samples; China:Nanjing; missing
SRR30195704	PRJNA1144675	SAMN43041953	Asia	Acidic paddy soil	Paddy soil	China:Nanjing				needs_metadata_or_OpenLandMap_confirmation	Asia representative; Acidic paddy soil	PRJNA1144675	China:Nanjing		needs_geocoding	not_selected_after_project_dedup:candidate	no	external_acidic_soil_project_reads	yes	yes	Metagenome or environmental sample from soil metagenome; topsoil samples; China:Nanjing; missing
SRR30195705	PRJNA1144675	SAMN43041952	Asia	Acidic paddy soil	Paddy soil	China:Nanjing				needs_metadata_or_OpenLandMap_confirmation	Asia representative; Acidic paddy soil	PRJNA1144675	China:Nanjing		needs_geocoding	not_selected_after_project_dedup:candidate	no	external_acidic_soil_project_reads	yes	yes	Metagenome or environmental sample from soil metagenome; topsoil samples; China:Nanjing; missing
SRR30195706	PRJNA1144675	SAMN43041951	Asia	Acidic paddy soil	Paddy soil	China:Nanjing				needs_metadata_or_OpenLandMap_confirmation	Asia representative; Acidic paddy soil	PRJNA1144675	China:Nanjing		needs_geocoding	not_selected_after_project_dedup:candidate	no	external_acidic_soil_project_reads	yes	yes	Metagenome or environmental sample from soil metagenome; topsoil samples; China:Nanjing; missing
SRR30195707	PRJNA1144675	SAMN43041950	Asia	Acidic paddy soil	Paddy soil	China:Nanjing				needs_metadata_or_OpenLandMap_confirmation	Asia representative; Acidic paddy soil	PRJNA1144675	China:Nanjing		needs_geocoding	not_selected_after_project_dedup:candidate	no	external_acidic_soil_project_reads	yes	yes	Metagenome or environmental sample from soil metagenome; topsoil samples; China:Nanjing; missing
SRR30195708	PRJNA1144675	SAMN43041949	Asia	Acidic paddy soil	Paddy soil	China:Nanjing				needs_metadata_or_OpenLandMap_confirmation	Asia representative; Acidic paddy soil	PRJNA1144675	China:Nanjing		needs_geocoding	not_selected_after_project_dedup:candidate	no	external_acidic_soil_project_reads	yes	yes	Metagenome or environmental sample from soil metagenome; topsoil samples; China:Nanjing; missing
SRR30195709	PRJNA1144675	SAMN43041948	Asia	Acidic paddy soil	Paddy soil	China:Nanjing				needs_metadata_or_OpenLandMap_confirmation	Asia representative; Acidic paddy soil	PRJNA1144675	China:Nanjing		needs_geocoding	not_selected_after_project_dedup:candidate	no	external_acidic_soil_project_reads	yes	yes	Metagenome or environmental sample from soil metagenome; topsoil samples; China:Nanjing; missing
SRR30195710	PRJNA1144675	SAMN43041947	Asia	Acidic paddy soil	Paddy soil	China:Nanjing				needs_metadata_or_OpenLandMap_confirmation	Asia representative; Acidic paddy soil	PRJNA1144675	China:Nanjing		needs_geocoding	not_selected_after_project_dedup:candidate	no	external_acidic_soil_project_reads	yes	yes	Metagenome or environmental sample from soil metagenome; topsoil samples; China:Nanjing; missing
SRR30195711	PRJNA1144675	SAMN43041946	Asia	Acidic paddy soil	Paddy soil	China:Nanjing				needs_metadata_or_OpenLandMap_confirmation	Asia representative; Acidic paddy soil	PRJNA1144675	China:Nanjing		needs_geocoding	not_selected_after_project_dedup:candidate	no	external_acidic_soil_project_reads	yes	yes	Metagenome or environmental sample from soil metagenome; topsoil samples; China:Nanjing; missing
SRR30195712	PRJNA1144675	SAMN43041945	Asia	Acidic paddy soil	Paddy soil	China:Nanjing				needs_metadata_or_OpenLandMap_confirmation	Asia representative; Acidic paddy soil	PRJNA1144675	China:Nanjing		needs_geocoding	not_selected_after_project_dedup:candidate	no	external_acidic_soil_project_reads	yes	yes	Metagenome or environmental sample from soil metagenome; topsoil samples; China:Nanjing; missing
SRR30195713	PRJNA1144675	SAMN43041944	Asia	Acidic paddy soil	Paddy soil	China:Nanjing				needs_metadata_or_OpenLandMap_confirmation	Asia representative; Acidic paddy soil	PRJNA1144675	China:Nanjing		needs_geocoding	not_selected_after_project_dedup:candidate	no	external_acidic_soil_project_reads	yes	yes	Metagenome or environmental sample from soil metagenome; topsoil samples; China:Nanjing; missing
SRR30195714	PRJNA1144675	SAMN43041935	Asia	Acidic paddy soil	Paddy soil	China:Nanjing				needs_metadata_or_OpenLandMap_confirmation	Asia representative; Acidic paddy soil	PRJNA1144675	China:Nanjing		needs_geocoding	not_selected_after_project_dedup:candidate	no	external_acidic_soil_project_reads	yes	yes	Metagenome or environmental sample from soil metagenome; topsoil samples; China:Nanjing; missing
SRR30195715	PRJNA1144675	SAMN43041934	Asia	Acidic paddy soil	Paddy soil	China:Nanjing				needs_metadata_or_OpenLandMap_confirmation	Asia representative; Acidic paddy soil	PRJNA1144675	China:Nanjing		needs_geocoding	not_selected_after_project_dedup:candidate	no	external_acidic_soil_project_reads	yes	yes	Metagenome or environmental sample from soil metagenome; topsoil samples; China:Nanjing; missing
SRR25581358	PRJNA1003687	SAMN36903833	Asia	Acidic paddy soil	Paddy soil	India: Kuttanad, Kerala	9.35	76.4		needs_metadata_or_OpenLandMap_confirmation	Asia representative; Acidic paddy soil	PRJNA1003687	India: Kuttanad, Kerala		confirmed_lat_lon	not_selected_after_project_dedup:candidate	no	external_acidic_soil_project_reads	yes	yes	Rhizosphere samples from acidic paddy soil; paddy rhizosphere soil; India: Kuttanad, Kerala; 9.35 N 76.40 E
SRR25581359	PRJNA1003687	SAMN36903833	Asia	Acidic paddy soil	Paddy soil	India: Kuttanad, Kerala	9.35	76.4		needs_metadata_or_OpenLandMap_confirmation	Asia representative; Acidic paddy soil	PRJNA1003687	India: Kuttanad, Kerala		confirmed_lat_lon	not_selected_after_project_dedup:candidate	no	external_acidic_soil_project_reads	yes	yes	Rhizosphere samples from acidic paddy soil; paddy rhizosphere soil; India: Kuttanad, Kerala; 9.35 N 76.40 E
SRR25377798	PRJNA995321	SAMN36467489	Asia	Acidic paddy soil	Paddy soil	China:Jiangxi,yingtan				needs_metadata_or_OpenLandMap_confirmation	Asia representative; Acidic paddy soil	PRJNA995321	China:Jiangxi,yingtan		needs_geocoding	not_selected_after_project_dedup:candidate	no	external_acidic_soil_project_reads	yes	yes	Metagenome or environmental sample from soil metagenome; topsoil samples; China:Jiangxi,yingtan; missing
SRR25377799	PRJNA995321	SAMN36467488	Asia	Acidic paddy soil	Paddy soil	China:Jiangxi,yingtan				needs_metadata_or_OpenLandMap_confirmation	Asia representative; Acidic paddy soil	PRJNA995321	China:Jiangxi,yingtan		needs_geocoding	not_selected_after_project_dedup:candidate	no	external_acidic_soil_project_reads	yes	yes	Metagenome or environmental sample from soil metagenome; topsoil samples; China:Jiangxi,yingtan; missing
SRR25377800	PRJNA995321	SAMN36467554	Asia	Acidic paddy soil	Paddy soil	China:Jiangxi,yingtan				needs_metadata_or_OpenLandMap_confirmation	Asia representative; Acidic paddy soil	PRJNA995321	China:Jiangxi,yingtan		needs_geocoding	not_selected_after_project_dedup:candidate	no	external_acidic_soil_project_reads	yes	yes	Metagenome or environmental sample from soil metagenome; topsoil samples; China:Jiangxi,yingtan; missing
SRR25377801	PRJNA995321	SAMN36467553	Asia	Acidic paddy soil	Paddy soil	China:Jiangxi,yingtan				needs_metadata_or_OpenLandMap_confirmation	Asia representative; Acidic paddy soil	PRJNA995321	China:Jiangxi,yingtan		needs_geocoding	not_selected_after_project_dedup:candidate	no	external_acidic_soil_project_reads	yes	yes	Metagenome or environmental sample from soil metagenome; topsoil samples; China:Jiangxi,yingtan; missing
SRR25377802	PRJNA995321	SAMN36467552	Asia	Acidic paddy soil	Paddy soil	China:Jiangxi,yingtan				needs_metadata_or_OpenLandMap_confirmation	Asia representative; Acidic paddy soil	PRJNA995321	China:Jiangxi,yingtan		needs_geocoding	not_selected_after_project_dedup:candidate	no	external_acidic_soil_project_reads	yes	yes	Metagenome or environmental sample from soil metagenome; topsoil samples; China:Jiangxi,yingtan; missing
SRR25377803	PRJNA995321	SAMN36467551	Asia	Acidic paddy soil	Paddy soil	China:Jiangxi,yingtan				needs_metadata_or_OpenLandMap_confirmation	Asia representative; Acidic paddy soil	PRJNA995321	China:Jiangxi,yingtan		needs_geocoding	not_selected_after_project_dedup:candidate	no	external_acidic_soil_project_reads	yes	yes	Metagenome or environmental sample from soil metagenome; topsoil samples; China:Jiangxi,yingtan; missing
SRR25377804	PRJNA995321	SAMN36467550	Asia	Acidic paddy soil	Paddy soil	China:Jiangxi,yingtan				needs_metadata_or_OpenLandMap_confirmation	Asia representative; Acidic paddy soil	PRJNA995321	China:Jiangxi,yingtan		needs_geocoding	not_selected_after_project_dedup:candidate	no	external_acidic_soil_project_reads	yes	yes	Metagenome or environmental sample from soil metagenome; topsoil samples; China:Jiangxi,yingtan; missing
SRR25377805	PRJNA995321	SAMN36467487	Asia	Acidic paddy soil	Paddy soil	China:Jiangxi,yingtan				needs_metadata_or_OpenLandMap_confirmation	Asia representative; Acidic paddy soil	PRJNA995321	China:Jiangxi,yingtan		needs_geocoding	not_selected_after_project_dedup:candidate	no	external_acidic_soil_project_reads	yes	yes	Metagenome or environmental sample from soil metagenome; topsoil samples; China:Jiangxi,yingtan; missing
SRR25377806	PRJNA995321	SAMN36467549	Asia	Acidic paddy soil	Paddy soil	China:Jiangxi,yingtan				needs_metadata_or_OpenLandMap_confirmation	Asia representative; Acidic paddy soil	PRJNA995321	China:Jiangxi,yingtan		needs_geocoding	not_selected_after_project_dedup:candidate	no	external_acidic_soil_project_reads	yes	yes	Metagenome or environmental sample from soil metagenome; topsoil samples; China:Jiangxi,yingtan; missing
SRR25377807	PRJNA995321	SAMN36467548	Asia	Acidic paddy soil	Paddy soil	China:Jiangxi,yingtan				needs_metadata_or_OpenLandMap_confirmation	Asia representative; Acidic paddy soil	PRJNA995321	China:Jiangxi,yingtan		needs_geocoding	not_selected_after_project_dedup:candidate	no	external_acidic_soil_project_reads	yes	yes	Metagenome or environmental sample from soil metagenome; topsoil samples; China:Jiangxi,yingtan; missing
SRR25377808	PRJNA995321	SAMN36467547	Asia	Acidic paddy soil	Paddy soil	China:Jiangxi,yingtan				needs_metadata_or_OpenLandMap_confirmation	Asia representative; Acidic paddy soil	PRJNA995321	China:Jiangxi,yingtan		needs_geocoding	not_selected_after_project_dedup:candidate	no	external_acidic_soil_project_reads	yes	yes	Metagenome or environmental sample from soil metagenome; topsoil samples; China:Jiangxi,yingtan; missing
SRR25377809	PRJNA995321	SAMN36467546	Asia	Acidic paddy soil	Paddy soil	China:Jiangxi,yingtan				needs_metadata_or_OpenLandMap_confirmation	Asia representative; Acidic paddy soil	PRJNA995321	China:Jiangxi,yingtan		needs_geocoding	not_selected_after_project_dedup:candidate	no	external_acidic_soil_project_reads	yes	yes	Metagenome or environmental sample from soil metagenome; topsoil samples; China:Jiangxi,yingtan; missing
SRR25377810	PRJNA995321	SAMN36467545	Asia	Acidic paddy soil	Paddy soil	China:Jiangxi,yingtan				needs_metadata_or_OpenLandMap_confirmation	Asia representative; Acidic paddy soil	PRJNA995321	China:Jiangxi,yingtan		needs_geocoding	not_selected_after_project_dedup:candidate	no	external_acidic_soil_project_reads	yes	yes	Metagenome or environmental sample from soil metagenome; topsoil samples; China:Jiangxi,yingtan; missing
SRR25377811	PRJNA995321	SAMN36467544	Asia	Acidic paddy soil	Paddy soil	China:Jiangxi,yingtan				needs_metadata_or_OpenLandMap_confirmation	Asia representative; Acidic paddy soil	PRJNA995321	China:Jiangxi,yingtan		needs_geocoding	not_selected_after_project_dedup:candidate	no	external_acidic_soil_project_reads	yes	yes	Metagenome or environmental sample from soil metagenome; topsoil samples; China:Jiangxi,yingtan; missing
SRR25377812	PRJNA995321	SAMN36467543	Asia	Acidic paddy soil	Paddy soil	China:Jiangxi,yingtan				needs_metadata_or_OpenLandMap_confirmation	Asia representative; Acidic paddy soil	PRJNA995321	China:Jiangxi,yingtan		needs_geocoding	not_selected_after_project_dedup:candidate	no	external_acidic_soil_project_reads	yes	yes	Metagenome or environmental sample from soil metagenome; topsoil samples; China:Jiangxi,yingtan; missing
SRR25377813	PRJNA995321	SAMN36467542	Asia	Acidic paddy soil	Paddy soil	China:Jiangxi,yingtan				needs_metadata_or_OpenLandMap_confirmation	Asia representative; Acidic paddy soil	PRJNA995321	China:Jiangxi,yingtan		needs_geocoding	not_selected_after_project_dedup:candidate	no	external_acidic_soil_project_reads	yes	yes	Metagenome or environmental sample from soil metagenome; topsoil samples; China:Jiangxi,yingtan; missing
SRR25377814	PRJNA995321	SAMN36467541	Asia	Acidic paddy soil	Paddy soil	China:Jiangxi,yingtan				needs_metadata_or_OpenLandMap_confirmation	Asia representative; Acidic paddy soil	PRJNA995321	China:Jiangxi,yingtan		needs_geocoding	not_selected_after_project_dedup:candidate	no	external_acidic_soil_project_reads	yes	yes	Metagenome or environmental sample from soil metagenome; topsoil samples; China:Jiangxi,yingtan; missing
SRR25377815	PRJNA995321	SAMN36467540	Asia	Acidic paddy soil	Paddy soil	China:Jiangxi,yingtan				needs_metadata_or_OpenLandMap_confirmation	Asia representative; Acidic paddy soil	PRJNA995321	China:Jiangxi,yingtan		needs_geocoding	not_selected_after_project_dedup:candidate	no	external_acidic_soil_project_reads	yes	yes	Metagenome or environmental sample from soil metagenome; topsoil samples; China:Jiangxi,yingtan; missing
SRR25377816	PRJNA995321	SAMN36467486	Asia	Acidic paddy soil	Paddy soil	China:Jiangxi,yingtan				needs_metadata_or_OpenLandMap_confirmation	Asia representative; Acidic paddy soil	PRJNA995321	China:Jiangxi,yingtan		needs_geocoding	not_selected_after_project_dedup:candidate	no	external_acidic_soil_project_reads	yes	yes	Metagenome or environmental sample from soil metagenome; topsoil samples; China:Jiangxi,yingtan; missing
SRR25377817	PRJNA995321	SAMN36467539	Asia	Acidic paddy soil	Paddy soil	China:Jiangxi,yingtan				needs_metadata_or_OpenLandMap_confirmation	Asia representative; Acidic paddy soil	PRJNA995321	China:Jiangxi,yingtan		needs_geocoding	not_selected_after_project_dedup:candidate	no	external_acidic_soil_project_reads	yes	yes	Metagenome or environmental sample from soil metagenome; topsoil samples; China:Jiangxi,yingtan; missing
SRR25377818	PRJNA995321	SAMN36467538	Asia	Acidic paddy soil	Paddy soil	China:Jiangxi,yingtan				needs_metadata_or_OpenLandMap_confirmation	Asia representative; Acidic paddy soil	PRJNA995321	China:Jiangxi,yingtan		needs_geocoding	not_selected_after_project_dedup:candidate	no	external_acidic_soil_project_reads	yes	yes	Metagenome or environmental sample from soil metagenome; topsoil samples; China:Jiangxi,yingtan; missing
SRR25377819	PRJNA995321	SAMN36467537	Asia	Acidic paddy soil	Paddy soil	China:Jiangxi,yingtan				needs_metadata_or_OpenLandMap_confirmation	Asia representative; Acidic paddy soil	PRJNA995321	China:Jiangxi,yingtan		needs_geocoding	not_selected_after_project_dedup:candidate	no	external_acidic_soil_project_reads	yes	yes	Metagenome or environmental sample from soil metagenome; topsoil samples; China:Jiangxi,yingtan; missing
SRR25377820	PRJNA995321	SAMN36467536	Asia	Acidic paddy soil	Paddy soil	China:Jiangxi,yingtan				needs_metadata_or_OpenLandMap_confirmation	Asia representative; Acidic paddy soil	PRJNA995321	China:Jiangxi,yingtan		needs_geocoding	not_selected_after_project_dedup:candidate	no	external_acidic_soil_project_reads	yes	yes	Metagenome or environmental sample from soil metagenome; topsoil samples; China:Jiangxi,yingtan; missing
SRR25377821	PRJNA995321	SAMN36467535	Asia	Acidic paddy soil	Paddy soil	China:Jiangxi,yingtan				needs_metadata_or_OpenLandMap_confirmation	Asia representative; Acidic paddy soil	PRJNA995321	China:Jiangxi,yingtan		needs_geocoding	not_selected_after_project_dedup:candidate	no	external_acidic_soil_project_reads	yes	yes	Metagenome or environmental sample from soil metagenome; topsoil samples; China:Jiangxi,yingtan; missing
SRR25377822	PRJNA995321	SAMN36467534	Asia	Acidic paddy soil	Paddy soil	China:Jiangxi,yingtan				needs_metadata_or_OpenLandMap_confirmation	Asia representative; Acidic paddy soil	PRJNA995321	China:Jiangxi,yingtan		needs_geocoding	not_selected_after_project_dedup:candidate	no	external_acidic_soil_project_reads	yes	yes	Metagenome or environmental sample from soil metagenome; topsoil samples; China:Jiangxi,yingtan; missing
SRR25377823	PRJNA995321	SAMN36467533	Asia	Acidic paddy soil	Paddy soil	China:Jiangxi,yingtan				needs_metadata_or_OpenLandMap_confirmation	Asia representative; Acidic paddy soil	PRJNA995321	China:Jiangxi,yingtan		needs_geocoding	not_selected_after_project_dedup:candidate	no	external_acidic_soil_project_reads	yes	yes	Metagenome or environmental sample from soil metagenome; topsoil samples; China:Jiangxi,yingtan; missing
SRR25377824	PRJNA995321	SAMN36467532	Asia	Acidic paddy soil	Paddy soil	China:Jiangxi,yingtan				needs_metadata_or_OpenLandMap_confirmation	Asia representative; Acidic paddy soil	PRJNA995321	China:Jiangxi,yingtan		needs_geocoding	not_selected_after_project_dedup:candidate	no	external_acidic_soil_project_reads	yes	yes	Metagenome or environmental sample from soil metagenome; topsoil samples; China:Jiangxi,yingtan; missing
SRR25377825	PRJNA995321	SAMN36467531	Asia	Acidic paddy soil	Paddy soil	China:Jiangxi,yingtan				needs_metadata_or_OpenLandMap_confirmation	Asia representative; Acidic paddy soil	PRJNA995321	China:Jiangxi,yingtan		needs_geocoding	not_selected_after_project_dedup:candidate	no	external_acidic_soil_project_reads	yes	yes	Metagenome or environmental sample from soil metagenome; topsoil samples; China:Jiangxi,yingtan; missing
SRR25377826	PRJNA995321	SAMN36467530	Asia	Acidic paddy soil	Paddy soil	China:Jiangxi,yingtan				needs_metadata_or_OpenLandMap_confirmation	Asia representative; Acidic paddy soil	PRJNA995321	China:Jiangxi,yingtan		needs_geocoding	not_selected_after_project_dedup:candidate	no	external_acidic_soil_project_reads	yes	yes	Metagenome or environmental sample from soil metagenome; topsoil samples; China:Jiangxi,yingtan; missing
SRR25377827	PRJNA995321	SAMN36467485	Asia	Acidic paddy soil	Paddy soil	China:Jiangxi,yingtan				needs_metadata_or_OpenLandMap_confirmation	Asia representative; Acidic paddy soil	PRJNA995321	China:Jiangxi,yingtan		needs_geocoding	not_selected_after_project_dedup:candidate	no	external_acidic_soil_project_reads	yes	yes	Metagenome or environmental sample from soil metagenome; topsoil samples; China:Jiangxi,yingtan; missing
SRR25377828	PRJNA995321	SAMN36467529	Asia	Acidic paddy soil	Paddy soil	China:Jiangxi,yingtan				needs_metadata_or_OpenLandMap_confirmation	Asia representative; Acidic paddy soil	PRJNA995321	China:Jiangxi,yingtan		needs_geocoding	not_selected_after_project_dedup:candidate	no	external_acidic_soil_project_reads	yes	yes	Metagenome or environmental sample from soil metagenome; topsoil samples; China:Jiangxi,yingtan; missing
SRR25377829	PRJNA995321	SAMN36467528	Asia	Acidic paddy soil	Paddy soil	China:Jiangxi,yingtan				needs_metadata_or_OpenLandMap_confirmation	Asia representative; Acidic paddy soil	PRJNA995321	China:Jiangxi,yingtan		needs_geocoding	not_selected_after_project_dedup:candidate	no	external_acidic_soil_project_reads	yes	yes	Metagenome or environmental sample from soil metagenome; topsoil samples; China:Jiangxi,yingtan; missing
SRR25377830	PRJNA995321	SAMN36467527	Asia	Acidic paddy soil	Paddy soil	China:Jiangxi,yingtan				needs_metadata_or_OpenLandMap_confirmation	Asia representative; Acidic paddy soil	PRJNA995321	China:Jiangxi,yingtan		needs_geocoding	not_selected_after_project_dedup:candidate	no	external_acidic_soil_project_reads	yes	yes	Metagenome or environmental sample from soil metagenome; topsoil samples; China:Jiangxi,yingtan; missing
SRR25377831	PRJNA995321	SAMN36467526	Asia	Acidic paddy soil	Paddy soil	China:Jiangxi,yingtan				needs_metadata_or_OpenLandMap_confirmation	Asia representative; Acidic paddy soil	PRJNA995321	China:Jiangxi,yingtan		needs_geocoding	not_selected_after_project_dedup:candidate	no	external_acidic_soil_project_reads	yes	yes	Metagenome or environmental sample from soil metagenome; topsoil samples; China:Jiangxi,yingtan; missing
SRR25377832	PRJNA995321	SAMN36467525	Asia	Acidic paddy soil	Paddy soil	China:Jiangxi,yingtan				needs_metadata_or_OpenLandMap_confirmation	Asia representative; Acidic paddy soil	PRJNA995321	China:Jiangxi,yingtan		needs_geocoding	not_selected_after_project_dedup:candidate	no	external_acidic_soil_project_reads	yes	yes	Metagenome or environmental sample from soil metagenome; topsoil samples; China:Jiangxi,yingtan; missing
SRR25377833	PRJNA995321	SAMN36467524	Asia	Acidic paddy soil	Paddy soil	China:Jiangxi,yingtan				needs_metadata_or_OpenLandMap_confirmation	Asia representative; Acidic paddy soil	PRJNA995321	China:Jiangxi,yingtan		needs_geocoding	not_selected_after_project_dedup:candidate	no	external_acidic_soil_project_reads	yes	yes	Metagenome or environmental sample from soil metagenome; topsoil samples; China:Jiangxi,yingtan; missing
SRR25377834	PRJNA995321	SAMN36467523	Asia	Acidic paddy soil	Paddy soil	China:Jiangxi,yingtan				needs_metadata_or_OpenLandMap_confirmation	Asia representative; Acidic paddy soil	PRJNA995321	China:Jiangxi,yingtan		needs_geocoding	not_selected_after_project_dedup:candidate	no	external_acidic_soil_project_reads	yes	yes	Metagenome or environmental sample from soil metagenome; topsoil samples; China:Jiangxi,yingtan; missing
SRR25377835	PRJNA995321	SAMN36467522	Asia	Acidic paddy soil	Paddy soil	China:Jiangxi,yingtan				needs_metadata_or_OpenLandMap_confirmation	Asia representative; Acidic paddy soil	PRJNA995321	China:Jiangxi,yingtan		needs_geocoding	not_selected_after_project_dedup:candidate	no	external_acidic_soil_project_reads	yes	yes	Metagenome or environmental sample from soil metagenome; topsoil samples; China:Jiangxi,yingtan; missing
SRR25377836	PRJNA995321	SAMN36467521	Asia	Acidic paddy soil	Paddy soil	China:Jiangxi,yingtan				needs_metadata_or_OpenLandMap_confirmation	Asia representative; Acidic paddy soil	PRJNA995321	China:Jiangxi,yingtan		needs_geocoding	not_selected_after_project_dedup:candidate	no	external_acidic_soil_project_reads	yes	yes	Metagenome or environmental sample from soil metagenome; topsoil samples; China:Jiangxi,yingtan; missing
SRR25377837	PRJNA995321	SAMN36467520	Asia	Acidic paddy soil	Paddy soil	China:Jiangxi,yingtan				needs_metadata_or_OpenLandMap_confirmation	Asia representative; Acidic paddy soil	PRJNA995321	China:Jiangxi,yingtan		needs_geocoding	not_selected_after_project_dedup:candidate	no	external_acidic_soil_project_reads	yes	yes	Metagenome or environmental sample from soil metagenome; topsoil samples; China:Jiangxi,yingtan; missing
SRR25377838	PRJNA995321	SAMN36467484	Asia	Acidic paddy soil	Paddy soil	China:Jiangxi,yingtan				needs_metadata_or_OpenLandMap_confirmation	Asia representative; Acidic paddy soil	PRJNA995321	China:Jiangxi,yingtan		needs_geocoding	not_selected_after_project_dedup:candidate	no	external_acidic_soil_project_reads	yes	yes	Metagenome or environmental sample from soil metagenome; topsoil samples; China:Jiangxi,yingtan; missing
SRR25377839	PRJNA995321	SAMN36467519	Asia	Acidic paddy soil	Paddy soil	China:Jiangxi,yingtan				needs_metadata_or_OpenLandMap_confirmation	Asia representative; Acidic paddy soil	PRJNA995321	China:Jiangxi,yingtan		needs_geocoding	not_selected_after_project_dedup:candidate	no	external_acidic_soil_project_reads	yes	yes	Metagenome or environmental sample from soil metagenome; topsoil samples; China:Jiangxi,yingtan; missing
SRR25377840	PRJNA995321	SAMN36467518	Asia	Acidic paddy soil	Paddy soil	China:Jiangxi,yingtan				needs_metadata_or_OpenLandMap_confirmation	Asia representative; Acidic paddy soil	PRJNA995321	China:Jiangxi,yingtan		needs_geocoding	not_selected_after_project_dedup:candidate	no	external_acidic_soil_project_reads	yes	yes	Metagenome or environmental sample from soil metagenome; topsoil samples; China:Jiangxi,yingtan; missing
SRR25377841	PRJNA995321	SAMN36467517	Asia	Acidic paddy soil	Paddy soil	China:Jiangxi,yingtan				needs_metadata_or_OpenLandMap_confirmation	Asia representative; Acidic paddy soil	PRJNA995321	China:Jiangxi,yingtan		needs_geocoding	not_selected_after_project_dedup:candidate	no	external_acidic_soil_project_reads	yes	yes	Metagenome or environmental sample from soil metagenome; topsoil samples; China:Jiangxi,yingtan; missing
SRR25377842	PRJNA995321	SAMN36467516	Asia	Acidic paddy soil	Paddy soil	China:Jiangxi,yingtan				needs_metadata_or_OpenLandMap_confirmation	Asia representative; Acidic paddy soil	PRJNA995321	China:Jiangxi,yingtan		needs_geocoding	not_selected_after_project_dedup:candidate	no	external_acidic_soil_project_reads	yes	yes	Metagenome or environmental sample from soil metagenome; topsoil samples; China:Jiangxi,yingtan; missing
SRR25377843	PRJNA995321	SAMN36467515	Asia	Acidic paddy soil	Paddy soil	China:Jiangxi,yingtan				needs_metadata_or_OpenLandMap_confirmation	Asia representative; Acidic paddy soil	PRJNA995321	China:Jiangxi,yingtan		needs_geocoding	not_selected_after_project_dedup:candidate	no	external_acidic_soil_project_reads	yes	yes	Metagenome or environmental sample from soil metagenome; topsoil samples; China:Jiangxi,yingtan; missing
SRR25377844	PRJNA995321	SAMN36467514	Asia	Acidic paddy soil	Paddy soil	China:Jiangxi,yingtan				needs_metadata_or_OpenLandMap_confirmation	Asia representative; Acidic paddy soil	PRJNA995321	China:Jiangxi,yingtan		needs_geocoding	not_selected_after_project_dedup:candidate	no	external_acidic_soil_project_reads	yes	yes	Metagenome or environmental sample from soil metagenome; topsoil samples; China:Jiangxi,yingtan; missing
SRR25377845	PRJNA995321	SAMN36467513	Asia	Acidic paddy soil	Paddy soil	China:Jiangxi,yingtan				needs_metadata_or_OpenLandMap_confirmation	Asia representative; Acidic paddy soil	PRJNA995321	China:Jiangxi,yingtan		needs_geocoding	not_selected_after_project_dedup:candidate	no	external_acidic_soil_project_reads	yes	yes	Metagenome or environmental sample from soil metagenome; topsoil samples; China:Jiangxi,yingtan; missing
SRR25377846	PRJNA995321	SAMN36467512	Asia	Acidic paddy soil	Paddy soil	China:Jiangxi,yingtan				needs_metadata_or_OpenLandMap_confirmation	Asia representative; Acidic paddy soil	PRJNA995321	China:Jiangxi,yingtan		needs_geocoding	not_selected_after_project_dedup:candidate	no	external_acidic_soil_project_reads	yes	yes	Metagenome or environmental sample from soil metagenome; topsoil samples; China:Jiangxi,yingtan; missing
SRR25377847	PRJNA995321	SAMN36467511	Asia	Acidic paddy soil	Paddy soil	China:Jiangxi,yingtan				needs_metadata_or_OpenLandMap_confirmation	Asia representative; Acidic paddy soil	PRJNA995321	China:Jiangxi,yingtan		needs_geocoding	not_selected_after_project_dedup:candidate	no	external_acidic_soil_project_reads	yes	yes	Metagenome or environmental sample from soil metagenome; topsoil samples; China:Jiangxi,yingtan; missing
SRR25377848	PRJNA995321	SAMN36467510	Asia	Acidic paddy soil	Paddy soil	China:Jiangxi,yingtan				needs_metadata_or_OpenLandMap_confirmation	Asia representative; Acidic paddy soil	PRJNA995321	China:Jiangxi,yingtan		needs_geocoding	not_selected_after_project_dedup:candidate	no	external_acidic_soil_project_reads	yes	yes	Metagenome or environmental sample from soil metagenome; topsoil samples; China:Jiangxi,yingtan; missing
SRR25377849	PRJNA995321	SAMN36467483	Asia	Acidic paddy soil	Paddy soil	China:Jiangxi,yingtan				needs_metadata_or_OpenLandMap_confirmation	Asia representative; Acidic paddy soil	PRJNA995321	China:Jiangxi,yingtan		needs_geocoding	not_selected_after_project_dedup:candidate	no	external_acidic_soil_project_reads	yes	yes	Metagenome or environmental sample from soil metagenome; topsoil samples; China:Jiangxi,yingtan; missing
SRR25377850	PRJNA995321	SAMN36467509	Asia	Acidic paddy soil	Paddy soil	China:Jiangxi,yingtan				needs_metadata_or_OpenLandMap_confirmation	Asia representative; Acidic paddy soil	PRJNA995321	China:Jiangxi,yingtan		needs_geocoding	not_selected_after_project_dedup:candidate	no	external_acidic_soil_project_reads	yes	yes	Metagenome or environmental sample from soil metagenome; topsoil samples; China:Jiangxi,yingtan; missing
SRR25377851	PRJNA995321	SAMN36467508	Asia	Acidic paddy soil	Paddy soil	China:Jiangxi,yingtan				needs_metadata_or_OpenLandMap_confirmation	Asia representative; Acidic paddy soil	PRJNA995321	China:Jiangxi,yingtan		needs_geocoding	not_selected_after_project_dedup:candidate	no	external_acidic_soil_project_reads	yes	yes	Metagenome or environmental sample from soil metagenome; topsoil samples; China:Jiangxi,yingtan; missing
SRR25377852	PRJNA995321	SAMN36467507	Asia	Acidic paddy soil	Paddy soil	China:Jiangxi,yingtan				needs_metadata_or_OpenLandMap_confirmation	Asia representative; Acidic paddy soil	PRJNA995321	China:Jiangxi,yingtan		needs_geocoding	not_selected_after_project_dedup:candidate	no	external_acidic_soil_project_reads	yes	yes	Metagenome or environmental sample from soil metagenome; topsoil samples; China:Jiangxi,yingtan; missing
SRR25377853	PRJNA995321	SAMN36467506	Asia	Acidic paddy soil	Paddy soil	China:Jiangxi,yingtan				needs_metadata_or_OpenLandMap_confirmation	Asia representative; Acidic paddy soil	PRJNA995321	China:Jiangxi,yingtan		needs_geocoding	not_selected_after_project_dedup:candidate	no	external_acidic_soil_project_reads	yes	yes	Metagenome or environmental sample from soil metagenome; topsoil samples; China:Jiangxi,yingtan; missing
SRR25377854	PRJNA995321	SAMN36467505	Asia	Acidic paddy soil	Paddy soil	China:Jiangxi,yingtan				needs_metadata_or_OpenLandMap_confirmation	Asia representative; Acidic paddy soil	PRJNA995321	China:Jiangxi,yingtan		needs_geocoding	not_selected_after_project_dedup:candidate	no	external_acidic_soil_project_reads	yes	yes	Metagenome or environmental sample from soil metagenome; topsoil samples; China:Jiangxi,yingtan; missing
SRR25377855	PRJNA995321	SAMN36467504	Asia	Acidic paddy soil	Paddy soil	China:Jiangxi,yingtan				needs_metadata_or_OpenLandMap_confirmation	Asia representative; Acidic paddy soil	PRJNA995321	China:Jiangxi,yingtan		needs_geocoding	not_selected_after_project_dedup:candidate	no	external_acidic_soil_project_reads	yes	yes	Metagenome or environmental sample from soil metagenome; topsoil samples; China:Jiangxi,yingtan; missing
SRR25377856	PRJNA995321	SAMN36467503	Asia	Acidic paddy soil	Paddy soil	China:Jiangxi,yingtan				needs_metadata_or_OpenLandMap_confirmation	Asia representative; Acidic paddy soil	PRJNA995321	China:Jiangxi,yingtan		needs_geocoding	not_selected_after_project_dedup:candidate	no	external_acidic_soil_project_reads	yes	yes	Metagenome or environmental sample from soil metagenome; topsoil samples; China:Jiangxi,yingtan; missing
SRR25377857	PRJNA995321	SAMN36467502	Asia	Acidic paddy soil	Paddy soil	China:Jiangxi,yingtan				needs_metadata_or_OpenLandMap_confirmation	Asia representative; Acidic paddy soil	PRJNA995321	China:Jiangxi,yingtan		needs_geocoding	not_selected_after_project_dedup:candidate	no	external_acidic_soil_project_reads	yes	yes	Metagenome or environmental sample from soil metagenome; topsoil samples; China:Jiangxi,yingtan; missing
SRR25377858	PRJNA995321	SAMN36467501	Asia	Acidic paddy soil	Paddy soil	China:Jiangxi,yingtan				needs_metadata_or_OpenLandMap_confirmation	Asia representative; Acidic paddy soil	PRJNA995321	China:Jiangxi,yingtan		needs_geocoding	not_selected_after_project_dedup:candidate	no	external_acidic_soil_project_reads	yes	yes	Metagenome or environmental sample from soil metagenome; topsoil samples; China:Jiangxi,yingtan; missing
SRR25377859	PRJNA995321	SAMN36467500	Asia	Acidic paddy soil	Paddy soil	China:Jiangxi,yingtan				needs_metadata_or_OpenLandMap_confirmation	Asia representative; Acidic paddy soil	PRJNA995321	China:Jiangxi,yingtan		needs_geocoding	not_selected_after_project_dedup:candidate	no	external_acidic_soil_project_reads	yes	yes	Metagenome or environmental sample from soil metagenome; topsoil samples; China:Jiangxi,yingtan; missing
SRR25377860	PRJNA995321	SAMN36467482	Asia	Acidic paddy soil	Paddy soil	China:Jiangxi,yingtan				needs_metadata_or_OpenLandMap_confirmation	Asia representative; Acidic paddy soil	PRJNA995321	China:Jiangxi,yingtan		needs_geocoding	not_selected_after_project_dedup:candidate	no	external_acidic_soil_project_reads	yes	yes	Metagenome or environmental sample from soil metagenome; topsoil samples; China:Jiangxi,yingtan; missing
SRR25377861	PRJNA995321	SAMN36467499	Asia	Acidic paddy soil	Paddy soil	China:Jiangxi,yingtan				needs_metadata_or_OpenLandMap_confirmation	Asia representative; Acidic paddy soil	PRJNA995321	China:Jiangxi,yingtan		needs_geocoding	not_selected_after_project_dedup:candidate	no	external_acidic_soil_project_reads	yes	yes	Metagenome or environmental sample from soil metagenome; topsoil samples; China:Jiangxi,yingtan; missing
SRR25377862	PRJNA995321	SAMN36467498	Asia	Acidic paddy soil	Paddy soil	China:Jiangxi,yingtan				needs_metadata_or_OpenLandMap_confirmation	Asia representative; Acidic paddy soil	PRJNA995321	China:Jiangxi,yingtan		needs_geocoding	not_selected_after_project_dedup:candidate	no	external_acidic_soil_project_reads	yes	yes	Metagenome or environmental sample from soil metagenome; topsoil samples; China:Jiangxi,yingtan; missing
SRR25377863	PRJNA995321	SAMN36467497	Asia	Acidic paddy soil	Paddy soil	China:Jiangxi,yingtan				needs_metadata_or_OpenLandMap_confirmation	Asia representative; Acidic paddy soil	PRJNA995321	China:Jiangxi,yingtan		needs_geocoding	not_selected_after_project_dedup:candidate	no	external_acidic_soil_project_reads	yes	yes	Metagenome or environmental sample from soil metagenome; topsoil samples; China:Jiangxi,yingtan; missing
SRR25377864	PRJNA995321	SAMN36467496	Asia	Acidic paddy soil	Paddy soil	China:Jiangxi,yingtan				needs_metadata_or_OpenLandMap_confirmation	Asia representative; Acidic paddy soil	PRJNA995321	China:Jiangxi,yingtan		needs_geocoding	not_selected_after_project_dedup:candidate	no	external_acidic_soil_project_reads	yes	yes	Metagenome or environmental sample from soil metagenome; topsoil samples; China:Jiangxi,yingtan; missing
SRR25377865	PRJNA995321	SAMN36467495	Asia	Acidic paddy soil	Paddy soil	China:Jiangxi,yingtan				needs_metadata_or_OpenLandMap_confirmation	Asia representative; Acidic paddy soil	PRJNA995321	China:Jiangxi,yingtan		needs_geocoding	not_selected_after_project_dedup:candidate	no	external_acidic_soil_project_reads	yes	yes	Metagenome or environmental sample from soil metagenome; topsoil samples; China:Jiangxi,yingtan; missing
SRR25377866	PRJNA995321	SAMN36467494	Asia	Acidic paddy soil	Paddy soil	China:Jiangxi,yingtan				needs_metadata_or_OpenLandMap_confirmation	Asia representative; Acidic paddy soil	PRJNA995321	China:Jiangxi,yingtan		needs_geocoding	not_selected_after_project_dedup:candidate	no	external_acidic_soil_project_reads	yes	yes	Metagenome or environmental sample from soil metagenome; topsoil samples; China:Jiangxi,yingtan; missing
SRR25377867	PRJNA995321	SAMN36467493	Asia	Acidic paddy soil	Paddy soil	China:Jiangxi,yingtan				needs_metadata_or_OpenLandMap_confirmation	Asia representative; Acidic paddy soil	PRJNA995321	China:Jiangxi,yingtan		needs_geocoding	not_selected_after_project_dedup:candidate	no	external_acidic_soil_project_reads	yes	yes	Metagenome or environmental sample from soil metagenome; topsoil samples; China:Jiangxi,yingtan; missing
SRR25377868	PRJNA995321	SAMN36467492	Asia	Acidic paddy soil	Paddy soil	China:Jiangxi,yingtan				needs_metadata_or_OpenLandMap_confirmation	Asia representative; Acidic paddy soil	PRJNA995321	China:Jiangxi,yingtan		needs_geocoding	not_selected_after_project_dedup:candidate	no	external_acidic_soil_project_reads	yes	yes	Metagenome or environmental sample from soil metagenome; topsoil samples; China:Jiangxi,yingtan; missing
SRR25377869	PRJNA995321	SAMN36467491	Asia	Acidic paddy soil	Paddy soil	China:Jiangxi,yingtan				needs_metadata_or_OpenLandMap_confirmation	Asia representative; Acidic paddy soil	PRJNA995321	China:Jiangxi,yingtan		needs_geocoding	not_selected_after_project_dedup:candidate	no	external_acidic_soil_project_reads	yes	yes	Metagenome or environmental sample from soil metagenome; topsoil samples; China:Jiangxi,yingtan; missing
SRR25377870	PRJNA995321	SAMN36467490	Asia	Acidic paddy soil	Paddy soil	China:Jiangxi,yingtan				needs_metadata_or_OpenLandMap_confirmation	Asia representative; Acidic paddy soil	PRJNA995321	China:Jiangxi,yingtan		needs_geocoding	not_selected_after_project_dedup:candidate	no	external_acidic_soil_project_reads	yes	yes	Metagenome or environmental sample from soil metagenome; topsoil samples; China:Jiangxi,yingtan; missing
SRR25377871	PRJNA995321	SAMN36467481	Asia	Acidic paddy soil	Paddy soil	China:Jiangxi,yingtan				needs_metadata_or_OpenLandMap_confirmation	Asia representative; Acidic paddy soil	PRJNA995321	China:Jiangxi,yingtan		needs_geocoding	not_selected_after_project_dedup:candidate	no	external_acidic_soil_project_reads	yes	yes	Metagenome or environmental sample from soil metagenome; topsoil samples; China:Jiangxi,yingtan; missing
SRR25377872	PRJNA995321	SAMN36467480	Asia	Acidic paddy soil	Paddy soil	China:Jiangxi,yingtan				needs_metadata_or_OpenLandMap_confirmation	Asia representative; Acidic paddy soil	PRJNA995321	China:Jiangxi,yingtan		needs_geocoding	not_selected_after_project_dedup:candidate	no	external_acidic_soil_project_reads	yes	yes	Metagenome or environmental sample from soil metagenome; topsoil samples; China:Jiangxi,yingtan; missing
SRR25298474	PRJNA995319	SAMN36467392	Asia	Acidic paddy soil	Paddy soil	China:Jiangxi,yingtan				needs_metadata_or_OpenLandMap_confirmation	Asia representative; Acidic paddy soil	PRJNA995319	China:Jiangxi,yingtan		needs_geocoding	not_selected_after_project_dedup:candidate	no	external_acidic_soil_project_reads	yes	yes	Metagenome or environmental sample from soil metagenome; topsoil samples; China:Jiangxi,yingtan; missing
SRR25298475	PRJNA995319	SAMN36467391	Asia	Acidic paddy soil	Paddy soil	China:Jiangxi,yingtan				needs_metadata_or_OpenLandMap_confirmation	Asia representative; Acidic paddy soil	PRJNA995319	China:Jiangxi,yingtan		needs_geocoding	not_selected_after_project_dedup:candidate	no	external_acidic_soil_project_reads	yes	yes	Metagenome or environmental sample from soil metagenome; topsoil samples; China:Jiangxi,yingtan; missing
SRR25298476	PRJNA995319	SAMN36467457	Asia	Acidic paddy soil	Paddy soil	China:Jiangxi,yingtan				needs_metadata_or_OpenLandMap_confirmation	Asia representative; Acidic paddy soil	PRJNA995319	China:Jiangxi,yingtan		needs_geocoding	not_selected_after_project_dedup:candidate	no	external_acidic_soil_project_reads	yes	yes	Metagenome or environmental sample from soil metagenome; topsoil samples; China:Jiangxi,yingtan; missing
SRR25298477	PRJNA995319	SAMN36467456	Asia	Acidic paddy soil	Paddy soil	China:Jiangxi,yingtan				needs_metadata_or_OpenLandMap_confirmation	Asia representative; Acidic paddy soil	PRJNA995319	China:Jiangxi,yingtan		needs_geocoding	not_selected_after_project_dedup:candidate	no	external_acidic_soil_project_reads	yes	yes	Metagenome or environmental sample from soil metagenome; topsoil samples; China:Jiangxi,yingtan; missing
SRR25298478	PRJNA995319	SAMN36467455	Asia	Acidic paddy soil	Paddy soil	China:Jiangxi,yingtan				needs_metadata_or_OpenLandMap_confirmation	Asia representative; Acidic paddy soil	PRJNA995319	China:Jiangxi,yingtan		needs_geocoding	not_selected_after_project_dedup:candidate	no	external_acidic_soil_project_reads	yes	yes	Metagenome or environmental sample from soil metagenome; topsoil samples; China:Jiangxi,yingtan; missing
SRR25298479	PRJNA995319	SAMN36467454	Asia	Acidic paddy soil	Paddy soil	China:Jiangxi,yingtan				needs_metadata_or_OpenLandMap_confirmation	Asia representative; Acidic paddy soil	PRJNA995319	China:Jiangxi,yingtan		needs_geocoding	not_selected_after_project_dedup:candidate	no	external_acidic_soil_project_reads	yes	yes	Metagenome or environmental sample from soil metagenome; topsoil samples; China:Jiangxi,yingtan; missing
SRR25298480	PRJNA995319	SAMN36467453	Asia	Acidic paddy soil	Paddy soil	China:Jiangxi,yingtan				needs_metadata_or_OpenLandMap_confirmation	Asia representative; Acidic paddy soil	PRJNA995319	China:Jiangxi,yingtan		needs_geocoding	not_selected_after_project_dedup:candidate	no	external_acidic_soil_project_reads	yes	yes	Metagenome or environmental sample from soil metagenome; topsoil samples; China:Jiangxi,yingtan; missing
SRR25298481	PRJNA995319	SAMN36467390	Asia	Acidic paddy soil	Paddy soil	China:Jiangxi,yingtan				needs_metadata_or_OpenLandMap_confirmation	Asia representative; Acidic paddy soil	PRJNA995319	China:Jiangxi,yingtan		needs_geocoding	not_selected_after_project_dedup:candidate	no	external_acidic_soil_project_reads	yes	yes	Metagenome or environmental sample from soil metagenome; topsoil samples; China:Jiangxi,yingtan; missing
SRR25298482	PRJNA995319	SAMN36467452	Asia	Acidic paddy soil	Paddy soil	China:Jiangxi,yingtan				needs_metadata_or_OpenLandMap_confirmation	Asia representative; Acidic paddy soil	PRJNA995319	China:Jiangxi,yingtan		needs_geocoding	not_selected_after_project_dedup:candidate	no	external_acidic_soil_project_reads	yes	yes	Metagenome or environmental sample from soil metagenome; topsoil samples; China:Jiangxi,yingtan; missing
SRR25298483	PRJNA995319	SAMN36467451	Asia	Acidic paddy soil	Paddy soil	China:Jiangxi,yingtan				needs_metadata_or_OpenLandMap_confirmation	Asia representative; Acidic paddy soil	PRJNA995319	China:Jiangxi,yingtan		needs_geocoding	not_selected_after_project_dedup:candidate	no	external_acidic_soil_project_reads	yes	yes	Metagenome or environmental sample from soil metagenome; topsoil samples; China:Jiangxi,yingtan; missing
SRR25298484	PRJNA995319	SAMN36467450	Asia	Acidic paddy soil	Paddy soil	China:Jiangxi,yingtan				needs_metadata_or_OpenLandMap_confirmation	Asia representative; Acidic paddy soil	PRJNA995319	China:Jiangxi,yingtan		needs_geocoding	not_selected_after_project_dedup:candidate	no	external_acidic_soil_project_reads	yes	yes	Metagenome or environmental sample from soil metagenome; topsoil samples; China:Jiangxi,yingtan; missing
SRR25298485	PRJNA995319	SAMN36467449	Asia	Acidic paddy soil	Paddy soil	China:Jiangxi,yingtan				needs_metadata_or_OpenLandMap_confirmation	Asia representative; Acidic paddy soil	PRJNA995319	China:Jiangxi,yingtan		needs_geocoding	not_selected_after_project_dedup:candidate	no	external_acidic_soil_project_reads	yes	yes	Metagenome or environmental sample from soil metagenome; topsoil samples; China:Jiangxi,yingtan; missing
SRR25298486	PRJNA995319	SAMN36467448	Asia	Acidic paddy soil	Paddy soil	China:Jiangxi,yingtan				needs_metadata_or_OpenLandMap_confirmation	Asia representative; Acidic paddy soil	PRJNA995319	China:Jiangxi,yingtan		needs_geocoding	not_selected_after_project_dedup:candidate	no	external_acidic_soil_project_reads	yes	yes	Metagenome or environmental sample from soil metagenome; topsoil samples; China:Jiangxi,yingtan; missing
SRR25298487	PRJNA995319	SAMN36467447	Asia	Acidic paddy soil	Paddy soil	China:Jiangxi,yingtan				needs_metadata_or_OpenLandMap_confirmation	Asia representative; Acidic paddy soil	PRJNA995319	China:Jiangxi,yingtan		needs_geocoding	not_selected_after_project_dedup:candidate	no	external_acidic_soil_project_reads	yes	yes	Metagenome or environmental sample from soil metagenome; topsoil samples; China:Jiangxi,yingtan; missing
SRR25298488	PRJNA995319	SAMN36467446	Asia	Acidic paddy soil	Paddy soil	China:Jiangxi,yingtan				needs_metadata_or_OpenLandMap_confirmation	Asia representative; Acidic paddy soil	PRJNA995319	China:Jiangxi,yingtan		needs_geocoding	not_selected_after_project_dedup:candidate	no	external_acidic_soil_project_reads	yes	yes	Metagenome or environmental sample from soil metagenome; topsoil samples; China:Jiangxi,yingtan; missing
SRR25298489	PRJNA995319	SAMN36467445	Asia	Acidic paddy soil	Paddy soil	China:Jiangxi,yingtan				needs_metadata_or_OpenLandMap_confirmation	Asia representative; Acidic paddy soil	PRJNA995319	China:Jiangxi,yingtan		needs_geocoding	not_selected_after_project_dedup:candidate	no	external_acidic_soil_project_reads	yes	yes	Metagenome or environmental sample from soil metagenome; topsoil samples; China:Jiangxi,yingtan; missing
SRR25298490	PRJNA995319	SAMN36467444	Asia	Acidic paddy soil	Paddy soil	China:Jiangxi,yingtan				needs_metadata_or_OpenLandMap_confirmation	Asia representative; Acidic paddy soil	PRJNA995319	China:Jiangxi,yingtan		needs_geocoding	not_selected_after_project_dedup:candidate	no	external_acidic_soil_project_reads	yes	yes	Metagenome or environmental sample from soil metagenome; topsoil samples; China:Jiangxi,yingtan; missing
SRR25298491	PRJNA995319	SAMN36467443	Asia	Acidic paddy soil	Paddy soil	China:Jiangxi,yingtan				needs_metadata_or_OpenLandMap_confirmation	Asia representative; Acidic paddy soil	PRJNA995319	China:Jiangxi,yingtan		needs_geocoding	not_selected_after_project_dedup:candidate	no	external_acidic_soil_project_reads	yes	yes	Metagenome or environmental sample from soil metagenome; topsoil samples; China:Jiangxi,yingtan; missing
SRR25298492	PRJNA995319	SAMN36467389	Asia	Acidic paddy soil	Paddy soil	China:Jiangxi,yingtan				needs_metadata_or_OpenLandMap_confirmation	Asia representative; Acidic paddy soil	PRJNA995319	China:Jiangxi,yingtan		needs_geocoding	not_selected_after_project_dedup:candidate	no	external_acidic_soil_project_reads	yes	yes	Metagenome or environmental sample from soil metagenome; topsoil samples; China:Jiangxi,yingtan; missing
SRR25298493	PRJNA995319	SAMN36467442	Asia	Acidic paddy soil	Paddy soil	China:Jiangxi,yingtan				needs_metadata_or_OpenLandMap_confirmation	Asia representative; Acidic paddy soil	PRJNA995319	China:Jiangxi,yingtan		needs_geocoding	not_selected_after_project_dedup:candidate	no	external_acidic_soil_project_reads	yes	yes	Metagenome or environmental sample from soil metagenome; topsoil samples; China:Jiangxi,yingtan; missing
SRR25298494	PRJNA995319	SAMN36467441	Asia	Acidic paddy soil	Paddy soil	China:Jiangxi,yingtan				needs_metadata_or_OpenLandMap_confirmation	Asia representative; Acidic paddy soil	PRJNA995319	China:Jiangxi,yingtan		needs_geocoding	not_selected_after_project_dedup:candidate	no	external_acidic_soil_project_reads	yes	yes	Metagenome or environmental sample from soil metagenome; topsoil samples; China:Jiangxi,yingtan; missing
SRR25298495	PRJNA995319	SAMN36467440	Asia	Acidic paddy soil	Paddy soil	China:Jiangxi,yingtan				needs_metadata_or_OpenLandMap_confirmation	Asia representative; Acidic paddy soil	PRJNA995319	China:Jiangxi,yingtan		needs_geocoding	not_selected_after_project_dedup:candidate	no	external_acidic_soil_project_reads	yes	yes	Metagenome or environmental sample from soil metagenome; topsoil samples; China:Jiangxi,yingtan; missing
SRR25298496	PRJNA995319	SAMN36467439	Asia	Acidic paddy soil	Paddy soil	China:Jiangxi,yingtan				needs_metadata_or_OpenLandMap_confirmation	Asia representative; Acidic paddy soil	PRJNA995319	China:Jiangxi,yingtan		needs_geocoding	not_selected_after_project_dedup:candidate	no	external_acidic_soil_project_reads	yes	yes	Metagenome or environmental sample from soil metagenome; topsoil samples; China:Jiangxi,yingtan; missing
SRR25298497	PRJNA995319	SAMN36467438	Asia	Acidic paddy soil	Paddy soil	China:Jiangxi,yingtan				needs_metadata_or_OpenLandMap_confirmation	Asia representative; Acidic paddy soil	PRJNA995319	China:Jiangxi,yingtan		needs_geocoding	not_selected_after_project_dedup:candidate	no	external_acidic_soil_project_reads	yes	yes	Metagenome or environmental sample from soil metagenome; topsoil samples; China:Jiangxi,yingtan; missing
SRR25298498	PRJNA995319	SAMN36467437	Asia	Acidic paddy soil	Paddy soil	China:Jiangxi,yingtan				needs_metadata_or_OpenLandMap_confirmation	Asia representative; Acidic paddy soil	PRJNA995319	China:Jiangxi,yingtan		needs_geocoding	not_selected_after_project_dedup:candidate	no	external_acidic_soil_project_reads	yes	yes	Metagenome or environmental sample from soil metagenome; topsoil samples; China:Jiangxi,yingtan; missing
SRR25298499	PRJNA995319	SAMN36467436	Asia	Acidic paddy soil	Paddy soil	China:Jiangxi,yingtan				needs_metadata_or_OpenLandMap_confirmation	Asia representative; Acidic paddy soil	PRJNA995319	China:Jiangxi,yingtan		needs_geocoding	not_selected_after_project_dedup:candidate	no	external_acidic_soil_project_reads	yes	yes	Metagenome or environmental sample from soil metagenome; topsoil samples; China:Jiangxi,yingtan; missing
SRR25298500	PRJNA995319	SAMN36467435	Asia	Acidic paddy soil	Paddy soil	China:Jiangxi,yingtan				needs_metadata_or_OpenLandMap_confirmation	Asia representative; Acidic paddy soil	PRJNA995319	China:Jiangxi,yingtan		needs_geocoding	not_selected_after_project_dedup:candidate	no	external_acidic_soil_project_reads	yes	yes	Metagenome or environmental sample from soil metagenome; topsoil samples; China:Jiangxi,yingtan; missing
SRR25298501	PRJNA995319	SAMN36467434	Asia	Acidic paddy soil	Paddy soil	China:Jiangxi,yingtan				needs_metadata_or_OpenLandMap_confirmation	Asia representative; Acidic paddy soil	PRJNA995319	China:Jiangxi,yingtan		needs_geocoding	not_selected_after_project_dedup:candidate	no	external_acidic_soil_project_reads	yes	yes	Metagenome or environmental sample from soil metagenome; topsoil samples; China:Jiangxi,yingtan; missing
SRR25298502	PRJNA995319	SAMN36467433	Asia	Acidic paddy soil	Paddy soil	China:Jiangxi,yingtan				needs_metadata_or_OpenLandMap_confirmation	Asia representative; Acidic paddy soil	PRJNA995319	China:Jiangxi,yingtan		needs_geocoding	not_selected_after_project_dedup:candidate	no	external_acidic_soil_project_reads	yes	yes	Metagenome or environmental sample from soil metagenome; topsoil samples; China:Jiangxi,yingtan; missing
SRR25298503	PRJNA995319	SAMN36467388	Asia	Acidic paddy soil	Paddy soil	China:Jiangxi,yingtan				needs_metadata_or_OpenLandMap_confirmation	Asia representative; Acidic paddy soil	PRJNA995319	China:Jiangxi,yingtan		needs_geocoding	not_selected_after_project_dedup:candidate	no	external_acidic_soil_project_reads	yes	yes	Metagenome or environmental sample from soil metagenome; topsoil samples; China:Jiangxi,yingtan; missing
SRR25298504	PRJNA995319	SAMN36467432	Asia	Acidic paddy soil	Paddy soil	China:Jiangxi,yingtan				needs_metadata_or_OpenLandMap_confirmation	Asia representative; Acidic paddy soil	PRJNA995319	China:Jiangxi,yingtan		needs_geocoding	not_selected_after_project_dedup:candidate	no	external_acidic_soil_project_reads	yes	yes	Metagenome or environmental sample from soil metagenome; topsoil samples; China:Jiangxi,yingtan; missing
SRR25298505	PRJNA995319	SAMN36467431	Asia	Acidic paddy soil	Paddy soil	China:Jiangxi,yingtan				needs_metadata_or_OpenLandMap_confirmation	Asia representative; Acidic paddy soil	PRJNA995319	China:Jiangxi,yingtan		needs_geocoding	not_selected_after_project_dedup:candidate	no	external_acidic_soil_project_reads	yes	yes	Metagenome or environmental sample from soil metagenome; topsoil samples; China:Jiangxi,yingtan; missing
SRR25298506	PRJNA995319	SAMN36467430	Asia	Acidic paddy soil	Paddy soil	China:Jiangxi,yingtan				needs_metadata_or_OpenLandMap_confirmation	Asia representative; Acidic paddy soil	PRJNA995319	China:Jiangxi,yingtan		needs_geocoding	not_selected_after_project_dedup:candidate	no	external_acidic_soil_project_reads	yes	yes	Metagenome or environmental sample from soil metagenome; topsoil samples; China:Jiangxi,yingtan; missing
SRR25298507	PRJNA995319	SAMN36467429	Asia	Acidic paddy soil	Paddy soil	China:Jiangxi,yingtan				needs_metadata_or_OpenLandMap_confirmation	Asia representative; Acidic paddy soil	PRJNA995319	China:Jiangxi,yingtan		needs_geocoding	not_selected_after_project_dedup:candidate	no	external_acidic_soil_project_reads	yes	yes	Metagenome or environmental sample from soil metagenome; topsoil samples; China:Jiangxi,yingtan; missing
SRR22033959	PRJNA891929	SAMN31360695	Asia	Acidic paddy soil	Paddy soil	China:Jiangxi,Nanchang	28.76	115.83		needs_metadata_or_OpenLandMap_confirmation	Asia representative; Acidic paddy soil	PRJNA891929	China:Jiangxi,Nanchang		confirmed_lat_lon	exclude_non_soil_or_unclear_source	no	external_acidic_soil_project_reads	no	yes	4; China:Jiangxi,Nanchang; 28.76 N 115.83 E
SRR22033960	PRJNA891929	SAMN31360694	Asia	Acidic paddy soil	Paddy soil	China:Jiangxi,Nanchang	28.76	115.83		needs_metadata_or_OpenLandMap_confirmation	Asia representative; Acidic paddy soil	PRJNA891929	China:Jiangxi,Nanchang		confirmed_lat_lon	exclude_non_soil_or_unclear_source	no	external_acidic_soil_project_reads	no	yes	3; China:Jiangxi,Nanchang; 28.76 N 115.83 E
SRR22033967	PRJNA891929	SAMN31360693	Asia	Acidic paddy soil	Paddy soil	China:Jiangxi,Nanchang	28.76	115.83		needs_metadata_or_OpenLandMap_confirmation	Asia representative; Acidic paddy soil	PRJNA891929	China:Jiangxi,Nanchang		confirmed_lat_lon	exclude_non_soil_or_unclear_source	no	external_acidic_soil_project_reads	no	yes	2; China:Jiangxi,Nanchang; 28.76 N 115.83 E
SRR22033968	PRJNA891929	SAMN31360692	Asia	Acidic paddy soil	Paddy soil	China:Jiangxi,Nanchang	28.76	115.83		needs_metadata_or_OpenLandMap_confirmation	Asia representative; Acidic paddy soil	PRJNA891929	China:Jiangxi,Nanchang		confirmed_lat_lon	exclude_non_soil_or_unclear_source	no	external_acidic_soil_project_reads	no	yes	1; China:Jiangxi,Nanchang; 28.76 N 115.83 E
SRR37443112	PRJNA1431341	SAMN56009528	Europe	Acidic forest soil	Forest soil	Czechia: Bohemian Switzerland	50.879306	14.296569		needs_metadata_or_OpenLandMap_confirmation	Europe representative; Acidic forest soil	PRJNA1431341	Czechia: Bohemian Switzerland		confirmed_lat_lon	not_selected_after_project_dedup:candidate	no	external_acidic_soil_project_reads	yes	yes	BW5-BS_S25; temperate biome [ENVO_01001831]; temperate broadleaf forest; forest soil [ENVO_00002261]; Czechia: Bohemian Switzerland; 50.879306 N 14.296569 E
SRR37443113	PRJNA1431341	SAMN56009527	Europe	Acidic forest soil	Forest soil	Czechia: Bohemian Switzerland	50.8733181	14.2955789		needs_metadata_or_OpenLandMap_confirmation	Europe representative; Acidic forest soil	PRJNA1431341	Czechia: Bohemian Switzerland		confirmed_lat_lon	not_selected_after_project_dedup:candidate	no	external_acidic_soil_project_reads	yes	yes	BW4-BS_S24; temperate biome [ENVO_01001831]; temperate broadleaf forest; forest soil [ENVO_00002261]; Czechia: Bohemian Switzerland; 50.8733181 N 14.2955789 E
SRR37443114	PRJNA1431341	SAMN56009526	Europe	Acidic forest soil	Forest soil	Czechia: Bohemian Switzerland	50.8758439	14.2787511		needs_metadata_or_OpenLandMap_confirmation	Europe representative; Acidic forest soil	PRJNA1431341	Czechia: Bohemian Switzerland		confirmed_lat_lon	not_selected_after_project_dedup:candidate	no	external_acidic_soil_project_reads	yes	yes	BW3-BS_S23; temperate biome [ENVO_01001831]; temperate broadleaf forest; forest soil [ENVO_00002261]; Czechia: Bohemian Switzerland; 50.8758439 N 14.2787511 E
SRR37443115	PRJNA1431341	SAMN56009525	Europe	Acidic forest soil	Forest soil	Czechia: Bohemian Switzerland	50.8773808	14.2747142		needs_metadata_or_OpenLandMap_confirmation	Europe representative; Acidic forest soil	PRJNA1431341	Czechia: Bohemian Switzerland		confirmed_lat_lon	not_selected_after_project_dedup:candidate	no	external_acidic_soil_project_reads	yes	yes	BW2-BS_S22; temperate biome [ENVO_01001831]; temperate broadleaf forest; forest soil [ENVO_00002261]; Czechia: Bohemian Switzerland; 50.8773808 N 14.2747142 E
SRR37443116	PRJNA1431341	SAMN56009524	Europe	Acidic forest soil	Forest soil	Czechia: Bohemian Switzerland	50.8908169	14.2523731		needs_metadata_or_OpenLandMap_confirmation	Europe representative; Acidic forest soil	PRJNA1431341	Czechia: Bohemian Switzerland		confirmed_lat_lon	not_selected_after_project_dedup:candidate	no	external_acidic_soil_project_reads	yes	yes	BW1-BS_S21; temperate biome [ENVO_01001831]; temperate broadleaf forest; forest soil [ENVO_00002261]; Czechia: Bohemian Switzerland; 50.8908169 N 14.2523731 E
SRR37443117	PRJNA1431341	SAMN56009561	Europe	Acidic forest soil	Forest soil	Czechia: Bohemian Switzerland	50.8789639	14.307025		needs_metadata_or_OpenLandMap_confirmation	Europe representative; Acidic forest soil	PRJNA1431341	Czechia: Bohemian Switzerland		confirmed_lat_lon	not_selected_after_project_dedup:candidate	no	external_acidic_soil_project_reads	yes	yes	BC6-BS_S297; temperate biome [ENVO_01001831]; temperate broadleaf forest; forest soil [ENVO_00002261]; Czechia: Bohemian Switzerland; 50.8789639 N 14.307025 E
SRR37443118	PRJNA1431341	SAMN56009560	Europe	Acidic forest soil	Forest soil	Czechia: Bohemian Switzerland	50.88015	14.3116839		needs_metadata_or_OpenLandMap_confirmation	Europe representative; Acidic forest soil	PRJNA1431341	Czechia: Bohemian Switzerland		confirmed_lat_lon	not_selected_after_project_dedup:candidate	no	external_acidic_soil_project_reads	yes	yes	BC5-BS_S296; temperate biome [ENVO_01001831]; temperate broadleaf forest; forest soil [ENVO_00002261]; Czechia: Bohemian Switzerland; 50.88015 N 14.3116839 E
SRR37443119	PRJNA1431341	SAMN56009559	Europe	Acidic forest soil	Forest soil	Czechia: Bohemian Switzerland	50.875441	14.31352		needs_metadata_or_OpenLandMap_confirmation	Europe representative; Acidic forest soil	PRJNA1431341	Czechia: Bohemian Switzerland		confirmed_lat_lon	not_selected_after_project_dedup:candidate	no	external_acidic_soil_project_reads	yes	yes	BC4-BS_S295; temperate biome [ENVO_01001831]; temperate broadleaf forest; forest soil [ENVO_00002261]; Czechia: Bohemian Switzerland; 50.875441 N 14.31352 E
SRR37443120	PRJNA1431341	SAMN56009523	Europe	Acidic forest soil	Forest soil	Czechia: Bohemian Switzerland	50.866701	14.31881		needs_metadata_or_OpenLandMap_confirmation	Europe representative; Acidic forest soil	PRJNA1431341	Czechia: Bohemian Switzerland		confirmed_lat_lon	not_selected_after_project_dedup:candidate	no	external_acidic_soil_project_reads	yes	yes	PC6-BS_S20; temperate biome [ENVO_01001831]; temperate broadleaf forest; forest soil [ENVO_00002261]; Czechia: Bohemian Switzerland; 50.866701 N 14.31881 E
SRR37443121	PRJNA1431341	SAMN56009558	Europe	Acidic forest soil	Forest soil	Czechia: Bohemian Switzerland	50.8769281	14.27451		needs_metadata_or_OpenLandMap_confirmation	Europe representative; Acidic forest soil	PRJNA1431341	Czechia: Bohemian Switzerland		confirmed_lat_lon	not_selected_after_project_dedup:candidate	no	external_acidic_soil_project_reads	yes	yes	BC2-BS_S294; temperate biome [ENVO_01001831]; temperate broadleaf forest; forest soil [ENVO_00002261]; Czechia: Bohemian Switzerland; 50.8769281 N 14.27451 E
SRR37443122	PRJNA1431341	SAMN56009557	Europe	Acidic forest soil	Forest soil	Czechia: Bohemian Switzerland	50.8908778	14.2538253		needs_metadata_or_OpenLandMap_confirmation	Europe representative; Acidic forest soil	PRJNA1431341	Czechia: Bohemian Switzerland		confirmed_lat_lon	not_selected_after_project_dedup:candidate	no	external_acidic_soil_project_reads	yes	yes	BC1-BS_S293; temperate biome [ENVO_01001831]; temperate broadleaf forest; forest soil [ENVO_00002261]; Czechia: Bohemian Switzerland; 50.8908778 N 14.2538253 E
SRR37443123	PRJNA1431341	SAMN56009556	Europe	Acidic forest soil	Forest soil	Czechia: Bohemian Switzerland	50.8794272	14.2980839		needs_metadata_or_OpenLandMap_confirmation	Europe representative; Acidic forest soil	PRJNA1431341	Czechia: Bohemian Switzerland		confirmed_lat_lon	not_selected_after_project_dedup:candidate	no	external_acidic_soil_project_reads	yes	yes	PW7-BS_S292; temperate biome [ENVO_01001831]; temperate broadleaf forest; forest soil [ENVO_00002261]; Czechia: Bohemian Switzerland; 50.8794272 N 14.2980839 E
SRR37443124	PRJNA1431341	SAMN56009555	Europe	Acidic forest soil	Forest soil	Czechia: Bohemian Switzerland	50.877455	14.297035		needs_metadata_or_OpenLandMap_confirmation	Europe representative; Acidic forest soil	PRJNA1431341	Czechia: Bohemian Switzerland		confirmed_lat_lon	not_selected_after_project_dedup:candidate	no	external_acidic_soil_project_reads	yes	yes	PW6-BS_S291; temperate biome [ENVO_01001831]; temperate broadleaf forest; forest soil [ENVO_00002261]; Czechia: Bohemian Switzerland; 50.877455 N 14.297035 E
SRR37443125	PRJNA1431341	SAMN56009554	Europe	Acidic forest soil	Forest soil	Czechia: Bohemian Switzerland	50.875734	14.331693		needs_metadata_or_OpenLandMap_confirmation	Europe representative; Acidic forest soil	PRJNA1431341	Czechia: Bohemian Switzerland		confirmed_lat_lon	not_selected_after_project_dedup:candidate	no	external_acidic_soil_project_reads	yes	yes	PW4-BS_S290; temperate biome [ENVO_01001831]; temperate broadleaf forest; forest soil [ENVO_00002261]; Czechia: Bohemian Switzerland; 50.875734 N 14.331693 E
SRR37443126	PRJNA1431341	SAMN56009553	Europe	Acidic forest soil	Forest soil	Czechia: Bohemian Switzerland	50.881962	14.312192		needs_metadata_or_OpenLandMap_confirmation	Europe representative; Acidic forest soil	PRJNA1431341	Czechia: Bohemian Switzerland		confirmed_lat_lon	not_selected_after_project_dedup:candidate	no	external_acidic_soil_project_reads	yes	yes	PW3-BS_S289; temperate biome [ENVO_01001831]; temperate broadleaf forest; forest soil [ENVO_00002261]; Czechia: Bohemian Switzerland; 50.881962 N 14.312192 E
SRR37443127	PRJNA1431341	SAMN56009552	Europe	Acidic forest soil	Forest soil	Czechia: Bohemian Switzerland	50.8710158	14.3002072		needs_metadata_or_OpenLandMap_confirmation	Europe representative; Acidic forest soil	PRJNA1431341	Czechia: Bohemian Switzerland		confirmed_lat_lon	not_selected_after_project_dedup:candidate	no	external_acidic_soil_project_reads	yes	yes	PW2-BS_S288; temperate biome [ENVO_01001831]; temperate broadleaf forest; forest soil [ENVO_00002261]; Czechia: Bohemian Switzerland; 50.8710158 N 14.3002072 E
SRR37443128	PRJNA1431341	SAMN56009551	Europe	Acidic forest soil	Forest soil	Czechia: Bohemian Switzerland	50.8731511	14.2869969		needs_metadata_or_OpenLandMap_confirmation	Europe representative; Acidic forest soil	PRJNA1431341	Czechia: Bohemian Switzerland		confirmed_lat_lon	not_selected_after_project_dedup:candidate	no	external_acidic_soil_project_reads	yes	yes	PW1-BS_S287; temperate biome [ENVO_01001831]; temperate broadleaf forest; forest soil [ENVO_00002261]; Czechia: Bohemian Switzerland; 50.8731511 N 14.2869969 E
SRR37443129	PRJNA1431341	SAMN56009550	Europe	Acidic forest soil	Forest soil	Czechia: Bohemian Switzerland	50.8687108	14.3180214		needs_metadata_or_OpenLandMap_confirmation	Europe representative; Acidic forest soil	PRJNA1431341	Czechia: Bohemian Switzerland		confirmed_lat_lon	not_selected_after_project_dedup:candidate	no	external_acidic_soil_project_reads	yes	yes	SCdead4-BS_S286; temperate biome [ENVO_01001831]; temperate broadleaf forest; forest soil [ENVO_00002261]; Czechia: Bohemian Switzerland; 50.8687108 N 14.3180214 E
SRR37443130	PRJNA1431341	SAMN56009549	Europe	Acidic forest soil	Forest soil	Czechia: Bohemian Switzerland	50.8934075	14.2436575		needs_metadata_or_OpenLandMap_confirmation	Europe representative; Acidic forest soil	PRJNA1431341	Czechia: Bohemian Switzerland		confirmed_lat_lon	not_selected_after_project_dedup:candidate	no	external_acidic_soil_project_reads	yes	yes	SCdead3-BS_S285; temperate biome [ENVO_01001831]; temperate broadleaf forest; forest soil [ENVO_00002261]; Czechia: Bohemian Switzerland; 50.8934075 N 14.2436575 E
SRR37443131	PRJNA1431341	SAMN56009522	Europe	Acidic forest soil	Forest soil	Czechia: Bohemian Switzerland	50.87368	14.3283489		needs_metadata_or_OpenLandMap_confirmation	Europe representative; Acidic forest soil	PRJNA1431341	Czechia: Bohemian Switzerland		confirmed_lat_lon	not_selected_after_project_dedup:candidate	no	external_acidic_soil_project_reads	yes	yes	PC5-BS_S19; temperate biome [ENVO_01001831]; temperate broadleaf forest; forest soil [ENVO_00002261]; Czechia: Bohemian Switzerland; 50.87368 N 14.3283489 E
SRR37443132	PRJNA1431341	SAMN56009548	Europe	Acidic forest soil	Forest soil	Czechia: Bohemian Switzerland	50.8805047	14.2872336		needs_metadata_or_OpenLandMap_confirmation	Europe representative; Acidic forest soil	PRJNA1431341	Czechia: Bohemian Switzerland		confirmed_lat_lon	not_selected_after_project_dedup:candidate	no	external_acidic_soil_project_reads	yes	yes	SCdead1-BS_S284; temperate biome [ENVO_01001831]; temperate broadleaf forest; forest soil [ENVO_00002261]; Czechia: Bohemian Switzerland; 50.8805047 N 14.2872336 E
SRR37443133	PRJNA1431341	SAMN56009547	Europe	Acidic forest soil	Forest soil	Czechia: Bohemian Switzerland	50.8791858	14.3009325		needs_metadata_or_OpenLandMap_confirmation	Europe representative; Acidic forest soil	PRJNA1431341	Czechia: Bohemian Switzerland		confirmed_lat_lon	not_selected_after_project_dedup:candidate	no	external_acidic_soil_project_reads	yes	yes	Sburnt2-BS-Jul_S45; temperate biome [ENVO_01001831]; temperate broadleaf forest; forest soil [ENVO_00002261]; Czechia: Bohemian Switzerland; 50.8791858 N 14.3009325 E
SRR37443134	PRJNA1431341	SAMN56009546	Europe	Acidic forest soil	Forest soil	Czechia: Bohemian Switzerland	50.87802	14.3193764		needs_metadata_or_OpenLandMap_confirmation	Europe representative; Acidic forest soil	PRJNA1431341	Czechia: Bohemian Switzerland		confirmed_lat_lon	not_selected_after_project_dedup:candidate	no	external_acidic_soil_project_reads	yes	yes	Sburnt1-BS-Jul_S44; temperate biome [ENVO_01001831]; temperate broadleaf forest; forest soil [ENVO_00002261]; Czechia: Bohemian Switzerland; 50.87802 N 14.3193764 E
SRR37443135	PRJNA1431341	SAMN56009545	Europe	Acidic forest soil	Forest soil	Czechia: Bohemian Switzerland	50.87439	14.2870489		needs_metadata_or_OpenLandMap_confirmation	Europe representative; Acidic forest soil	PRJNA1431341	Czechia: Bohemian Switzerland		confirmed_lat_lon	not_selected_after_project_dedup:candidate	no	external_acidic_soil_project_reads	yes	yes	PS6-BS-Jul_S43; temperate biome [ENVO_01001831]; temperate broadleaf forest; forest soil [ENVO_00002261]; Czechia: Bohemian Switzerland; 50.87439 N 14.2870489 E
SRR37443136	PRJNA1431341	SAMN56009544	Europe	Acidic forest soil	Forest soil	Czechia: Bohemian Switzerland	50.8815425	14.3107978		needs_metadata_or_OpenLandMap_confirmation	Europe representative; Acidic forest soil	PRJNA1431341	Czechia: Bohemian Switzerland		confirmed_lat_lon	not_selected_after_project_dedup:candidate	no	external_acidic_soil_project_reads	yes	yes	BS4-BS-Jul_S42; temperate biome [ENVO_01001831]; temperate broadleaf forest; forest soil [ENVO_00002261]; Czechia: Bohemian Switzerland; 50.8815425 N 14.3107978 E
SRR37443137	PRJNA1431341	SAMN56009543	Europe	Acidic forest soil	Forest soil	Czechia: Bohemian Switzerland	50.8775161	14.3249931		needs_metadata_or_OpenLandMap_confirmation	Europe representative; Acidic forest soil	PRJNA1431341	Czechia: Bohemian Switzerland		confirmed_lat_lon	not_selected_after_project_dedup:candidate	no	external_acidic_soil_project_reads	yes	yes	BS2-BS-Jul_S41; temperate biome [ENVO_01001831]; temperate broadleaf forest; forest soil [ENVO_00002261]; Czechia: Bohemian Switzerland; 50.8775161 N 14.3249931 E
SRR37443138	PRJNA1431341	SAMN56009542	Europe	Acidic forest soil	Forest soil	Czechia: Bohemian Switzerland	50.8953417	14.2712603		needs_metadata_or_OpenLandMap_confirmation	Europe representative; Acidic forest soil	PRJNA1431341	Czechia: Bohemian Switzerland		confirmed_lat_lon	not_selected_after_project_dedup:candidate	no	external_acidic_soil_project_reads	yes	yes	BS1-BS-Jul_S40; temperate biome [ENVO_01001831]; temperate broadleaf forest; forest soil [ENVO_00002261]; Czechia: Bohemian Switzerland; 50.8953417 N 14.2712603 E
SRR37443139	PRJNA1431341	SAMN56009541	Europe	Acidic forest soil	Forest soil	Czechia: Bohemian Switzerland	50.875883	14.298444		needs_metadata_or_OpenLandMap_confirmation	Europe representative; Acidic forest soil	PRJNA1431341	Czechia: Bohemian Switzerland		confirmed_lat_lon	not_selected_after_project_dedup:candidate	no	external_acidic_soil_project_reads	yes	yes	PS5-BS-Jul_S39; temperate biome [ENVO_01001831]; temperate broadleaf forest; forest soil [ENVO_00002261]; Czechia: Bohemian Switzerland; 50.875883 N 14.298444 E
SRR37443140	PRJNA1431341	SAMN56009540	Europe	Acidic forest soil	Forest soil	Czechia: Bohemian Switzerland	50.87686	14.3055719		needs_metadata_or_OpenLandMap_confirmation	Europe representative; Acidic forest soil	PRJNA1431341	Czechia: Bohemian Switzerland		confirmed_lat_lon	not_selected_after_project_dedup:candidate	no	external_acidic_soil_project_reads	yes	yes	PS4-BS-Jul_S38; temperate biome [ENVO_01001831]; temperate broadleaf forest; forest soil [ENVO_00002261]; Czechia: Bohemian Switzerland; 50.87686 N 14.3055719 E
SRR37443141	PRJNA1431341	SAMN56009539	Europe	Acidic forest soil	Forest soil	Czechia: Bohemian Switzerland	50.87399	14.3087469		needs_metadata_or_OpenLandMap_confirmation	Europe representative; Acidic forest soil	PRJNA1431341	Czechia: Bohemian Switzerland		confirmed_lat_lon	not_selected_after_project_dedup:candidate	no	external_acidic_soil_project_reads	yes	yes	PS3-BS-Jul_S37; temperate biome [ENVO_01001831]; temperate broadleaf forest; forest soil [ENVO_00002261]; Czechia: Bohemian Switzerland; 50.87399 N 14.3087469 E
SRR37443142	PRJNA1431341	SAMN56009521	Europe	Acidic forest soil	Forest soil	Czechia: Bohemian Switzerland	50.8702419	14.3274389		needs_metadata_or_OpenLandMap_confirmation	Europe representative; Acidic forest soil	PRJNA1431341	Czechia: Bohemian Switzerland		confirmed_lat_lon	not_selected_after_project_dedup:candidate	no	external_acidic_soil_project_reads	yes	yes	PC4-BS_S18; temperate biome [ENVO_01001831]; temperate broadleaf forest; forest soil [ENVO_00002261]; Czechia: Bohemian Switzerland; 50.8702419 N 14.3274389 E
SRR37443143	PRJNA1431341	SAMN56009538	Europe	Acidic forest soil	Forest soil	Czechia: Bohemian Switzerland	50.8731981	14.29832		needs_metadata_or_OpenLandMap_confirmation	Europe representative; Acidic forest soil	PRJNA1431341	Czechia: Bohemian Switzerland		confirmed_lat_lon	not_selected_after_project_dedup:candidate	no	external_acidic_soil_project_reads	yes	yes	PS2-BS-Jul_S36; temperate biome [ENVO_01001831]; temperate broadleaf forest; forest soil [ENVO_00002261]; Czechia: Bohemian Switzerland; 50.8731981 N 14.29832 E
SRR37443144	PRJNA1431341	SAMN56009537	Europe	Acidic forest soil	Forest soil	Czechia: Bohemian Switzerland	50.8781647	14.2720011		needs_metadata_or_OpenLandMap_confirmation	Europe representative; Acidic forest soil	PRJNA1431341	Czechia: Bohemian Switzerland		confirmed_lat_lon	not_selected_after_project_dedup:candidate	no	external_acidic_soil_project_reads	yes	yes	PS1-BS-Jul_S35; temperate biome [ENVO_01001831]; temperate broadleaf forest; forest soil [ENVO_00002261]; Czechia: Bohemian Switzerland; 50.8781647 N 14.2720011 E
SRR37443145	PRJNA1431341	SAMN56009536	Europe	Acidic forest soil	Forest soil	Czechia: Bohemian Switzerland	50.895405	14.2728867		needs_metadata_or_OpenLandMap_confirmation	Europe representative; Acidic forest soil	PRJNA1431341	Czechia: Bohemian Switzerland		confirmed_lat_lon	not_selected_after_project_dedup:candidate	no	external_acidic_soil_project_reads	yes	yes	Sburnt3-BS-Jul_S34; temperate biome [ENVO_01001831]; temperate broadleaf forest; forest soil [ENVO_00002261]; Czechia: Bohemian Switzerland; 50.895405 N 14.2728867 E
SRR37443146	PRJNA1431341	SAMN56009535	Europe	Acidic forest soil	Forest soil	Czechia: Bohemian Switzerland	50.8786542	14.3101539		needs_metadata_or_OpenLandMap_confirmation	Europe representative; Acidic forest soil	PRJNA1431341	Czechia: Bohemian Switzerland		confirmed_lat_lon	not_selected_after_project_dedup:candidate	no	external_acidic_soil_project_reads	yes	yes	BS5-BS-Jul_S33; temperate biome [ENVO_01001831]; temperate broadleaf forest; forest soil [ENVO_00002261]; Czechia: Bohemian Switzerland; 50.8786542 N 14.3101539 E
SRR37443147	PRJNA1431341	SAMN56009534	Europe	Acidic forest soil	Forest soil	Czechia: Bohemian Switzerland	50.875856	14.285504		needs_metadata_or_OpenLandMap_confirmation	Europe representative; Acidic forest soil	PRJNA1431341	Czechia: Bohemian Switzerland		confirmed_lat_lon	not_selected_after_project_dedup:candidate	no	external_acidic_soil_project_reads	yes	yes	BS6-BS-Jul_S32; temperate biome [ENVO_01001831]; temperate broadleaf forest; forest soil [ENVO_00002261]; Czechia: Bohemian Switzerland; 50.875856 N 14.285504 E
SRR37443148	PRJNA1431341	SAMN56009533	Europe	Acidic forest soil	Forest soil	Czechia: Bohemian Switzerland	50.8788264	14.2703503		needs_metadata_or_OpenLandMap_confirmation	Europe representative; Acidic forest soil	PRJNA1431341	Czechia: Bohemian Switzerland		confirmed_lat_lon	not_selected_after_project_dedup:candidate	no	external_acidic_soil_project_reads	yes	yes	Sburnt4-BS-Jul_S31; temperate biome [ENVO_01001831]; temperate broadleaf forest; forest soil [ENVO_00002261]; Czechia: Bohemian Switzerland; 50.8788264 N 14.2703503 E
SRR37443149	PRJNA1431341	SAMN56009532	Europe	Acidic forest soil	Forest soil	Czechia: Bohemian Switzerland	50.8779811	14.3235511		needs_metadata_or_OpenLandMap_confirmation	Europe representative; Acidic forest soil	PRJNA1431341	Czechia: Bohemian Switzerland		confirmed_lat_lon	not_selected_after_project_dedup:candidate	no	external_acidic_soil_project_reads	yes	yes	BS3-BS-Jul_S30; temperate biome [ENVO_01001831]; temperate broadleaf forest; forest soil [ENVO_00002261]; Czechia: Bohemian Switzerland; 50.8779811 N 14.3235511 E
SRR37443150	PRJNA1431341	SAMN56009531	Europe	Acidic forest soil	Forest soil	Czechia: Bohemian Switzerland	50.8764581	14.2782681		needs_metadata_or_OpenLandMap_confirmation	Europe representative; Acidic forest soil	PRJNA1431341	Czechia: Bohemian Switzerland		confirmed_lat_lon	not_selected_after_project_dedup:candidate	no	external_acidic_soil_project_reads	yes	yes	BC3-BS-Jul_S29; temperate biome [ENVO_01001831]; temperate broadleaf forest; forest soil [ENVO_00002261]; Czechia: Bohemian Switzerland; 50.8764581 N 14.2782681 E
SRR37443151	PRJNA1431341	SAMN56009530	Europe	Acidic forest soil	Forest soil	Czechia: Bohemian Switzerland	50.8764567	14.3203711		needs_metadata_or_OpenLandMap_confirmation	Europe representative; Acidic forest soil	PRJNA1431341	Czechia: Bohemian Switzerland		confirmed_lat_lon	not_selected_after_project_dedup:candidate	no	external_acidic_soil_project_reads	yes	yes	SCdead2-BS_S27; temperate biome [ENVO_01001831]; temperate broadleaf forest; forest soil [ENVO_00002261]; Czechia: Bohemian Switzerland; 50.8764567 N 14.3203711 E
SRR37443152	PRJNA1431341	SAMN56009529	Europe	Acidic forest soil	Forest soil	Czechia: Bohemian Switzerland	50.87852	14.3089019		needs_metadata_or_OpenLandMap_confirmation	Europe representative; Acidic forest soil	PRJNA1431341	Czechia: Bohemian Switzerland		confirmed_lat_lon	not_selected_after_project_dedup:candidate	no	external_acidic_soil_project_reads	yes	yes	BW6-BS_S26; temperate biome [ENVO_01001831]; temperate broadleaf forest; forest soil [ENVO_00002261]; Czechia: Bohemian Switzerland; 50.87852 N 14.3089019 E
ERR6747357	PRJEB33611	SAMEA9956549	Europe	Acidic forest soil	Forest soil					needs_metadata_or_OpenLandMap_confirmation	Europe representative; Acidic forest soil	PRJEB33611	SAMEA9956549		missing_location	exclude_non_soil_or_unclear_source	no	external_acidic_soil_project_reads	no	yes	
ERR6747356	PRJEB33611	SAMEA9956548	Europe	Acidic forest soil	Forest soil					needs_metadata_or_OpenLandMap_confirmation	Europe representative; Acidic forest soil	PRJEB33611	SAMEA9956548		missing_location	exclude_non_soil_or_unclear_source	no	external_acidic_soil_project_reads	no	yes	
ERR6747355	PRJEB33611	SAMEA9956547	Europe	Acidic forest soil	Forest soil					needs_metadata_or_OpenLandMap_confirmation	Europe representative; Acidic forest soil	PRJEB33611	SAMEA9956547		missing_location	exclude_non_soil_or_unclear_source	no	external_acidic_soil_project_reads	no	yes	
ERR6747354	PRJEB33611	SAMEA9956546	Europe	Acidic forest soil	Forest soil					needs_metadata_or_OpenLandMap_confirmation	Europe representative; Acidic forest soil	PRJEB33611	SAMEA9956546		missing_location	exclude_non_soil_or_unclear_source	no	external_acidic_soil_project_reads	no	yes	
ERR6747353	PRJEB33611	SAMEA9956545	Europe	Acidic forest soil	Forest soil					needs_metadata_or_OpenLandMap_confirmation	Europe representative; Acidic forest soil	PRJEB33611	SAMEA9956545		missing_location	exclude_non_soil_or_unclear_source	no	external_acidic_soil_project_reads	no	yes	
ERR6747352	PRJEB33611	SAMEA9956544	Europe	Acidic forest soil	Forest soil					needs_metadata_or_OpenLandMap_confirmation	Europe representative; Acidic forest soil	PRJEB33611	SAMEA9956544		missing_location	exclude_non_soil_or_unclear_source	no	external_acidic_soil_project_reads	no	yes	
ERR6747351	PRJEB33611	SAMEA9956543	Europe	Acidic forest soil	Forest soil					needs_metadata_or_OpenLandMap_confirmation	Europe representative; Acidic forest soil	PRJEB33611	SAMEA9956543		missing_location	exclude_non_soil_or_unclear_source	no	external_acidic_soil_project_reads	no	yes	
ERR6747350	PRJEB33611	SAMEA9956542	Europe	Acidic forest soil	Forest soil					needs_metadata_or_OpenLandMap_confirmation	Europe representative; Acidic forest soil	PRJEB33611	SAMEA9956542		missing_location	exclude_non_soil_or_unclear_source	no	external_acidic_soil_project_reads	no	yes	
ERR6747349	PRJEB33611	SAMEA9956541	Europe	Acidic forest soil	Forest soil					needs_metadata_or_OpenLandMap_confirmation	Europe representative; Acidic forest soil	PRJEB33611	SAMEA9956541		missing_location	exclude_non_soil_or_unclear_source	no	external_acidic_soil_project_reads	no	yes	
ERR6747348	PRJEB33611	SAMEA9956540	Europe	Acidic forest soil	Forest soil					needs_metadata_or_OpenLandMap_confirmation	Europe representative; Acidic forest soil	PRJEB33611	SAMEA9956540		missing_location	exclude_non_soil_or_unclear_source	no	external_acidic_soil_project_reads	no	yes	
ERR6747347	PRJEB33611	SAMEA9956539	Europe	Acidic forest soil	Forest soil					needs_metadata_or_OpenLandMap_confirmation	Europe representative; Acidic forest soil	PRJEB33611	SAMEA9956539		missing_location	exclude_non_soil_or_unclear_source	no	external_acidic_soil_project_reads	no	yes	
ERR6747346	PRJEB33611	SAMEA9956538	Europe	Acidic forest soil	Forest soil					needs_metadata_or_OpenLandMap_confirmation	Europe representative; Acidic forest soil	PRJEB33611	SAMEA9956538		missing_location	exclude_non_soil_or_unclear_source	no	external_acidic_soil_project_reads	no	yes	
ERR6747345	PRJEB33611	SAMEA9956537	Europe	Acidic forest soil	Forest soil					needs_metadata_or_OpenLandMap_confirmation	Europe representative; Acidic forest soil	PRJEB33611	SAMEA9956537		missing_location	exclude_non_soil_or_unclear_source	no	external_acidic_soil_project_reads	no	yes	
ERR6747344	PRJEB33611	SAMEA9956536	Europe	Acidic forest soil	Forest soil					needs_metadata_or_OpenLandMap_confirmation	Europe representative; Acidic forest soil	PRJEB33611	SAMEA9956536		missing_location	exclude_non_soil_or_unclear_source	no	external_acidic_soil_project_reads	no	yes	
ERR6747343	PRJEB33611	SAMEA9956535	Europe	Acidic forest soil	Forest soil					needs_metadata_or_OpenLandMap_confirmation	Europe representative; Acidic forest soil	PRJEB33611	SAMEA9956535		missing_location	exclude_non_soil_or_unclear_source	no	external_acidic_soil_project_reads	no	yes	
ERR6747342	PRJEB33611	SAMEA9956534	Europe	Acidic forest soil	Forest soil					needs_metadata_or_OpenLandMap_confirmation	Europe representative; Acidic forest soil	PRJEB33611	SAMEA9956534		missing_location	exclude_non_soil_or_unclear_source	no	external_acidic_soil_project_reads	no	yes	
ERR6747341	PRJEB33611	SAMEA9956533	Europe	Acidic forest soil	Forest soil					needs_metadata_or_OpenLandMap_confirmation	Europe representative; Acidic forest soil	PRJEB33611	SAMEA9956533		missing_location	exclude_non_soil_or_unclear_source	no	external_acidic_soil_project_reads	no	yes	
ERR6747340	PRJEB33611	SAMEA9956532	Europe	Acidic forest soil	Forest soil					needs_metadata_or_OpenLandMap_confirmation	Europe representative; Acidic forest soil	PRJEB33611	SAMEA9956532		missing_location	exclude_non_soil_or_unclear_source	no	external_acidic_soil_project_reads	no	yes	
ERR6747339	PRJEB33611	SAMEA9956531	Europe	Acidic forest soil	Forest soil					needs_metadata_or_OpenLandMap_confirmation	Europe representative; Acidic forest soil	PRJEB33611	SAMEA9956531		missing_location	exclude_non_soil_or_unclear_source	no	external_acidic_soil_project_reads	no	yes	
ERR6747338	PRJEB33611	SAMEA9956530	Europe	Acidic forest soil	Forest soil					needs_metadata_or_OpenLandMap_confirmation	Europe representative; Acidic forest soil	PRJEB33611	SAMEA9956530		missing_location	exclude_non_soil_or_unclear_source	no	external_acidic_soil_project_reads	no	yes	
ERR6747337	PRJEB33611	SAMEA9956529	Europe	Acidic forest soil	Forest soil					needs_metadata_or_OpenLandMap_confirmation	Europe representative; Acidic forest soil	PRJEB33611	SAMEA9956529		missing_location	exclude_non_soil_or_unclear_source	no	external_acidic_soil_project_reads	no	yes	
ERR6747336	PRJEB33611	SAMEA9956528	Europe	Acidic forest soil	Forest soil					needs_metadata_or_OpenLandMap_confirmation	Europe representative; Acidic forest soil	PRJEB33611	SAMEA9956528		missing_location	exclude_non_soil_or_unclear_source	no	external_acidic_soil_project_reads	no	yes	
ERR6747335	PRJEB33611	SAMEA9956527	Europe	Acidic forest soil	Forest soil					needs_metadata_or_OpenLandMap_confirmation	Europe representative; Acidic forest soil	PRJEB33611	SAMEA9956527		missing_location	exclude_non_soil_or_unclear_source	no	external_acidic_soil_project_reads	no	yes	
ERR6747334	PRJEB33611	SAMEA9956526	Europe	Acidic forest soil	Forest soil					needs_metadata_or_OpenLandMap_confirmation	Europe representative; Acidic forest soil	PRJEB33611	SAMEA9956526		missing_location	exclude_non_soil_or_unclear_source	no	external_acidic_soil_project_reads	no	yes	
ERR6747333	PRJEB33611	SAMEA9956525	Europe	Acidic forest soil	Forest soil					needs_metadata_or_OpenLandMap_confirmation	Europe representative; Acidic forest soil	PRJEB33611	SAMEA9956525		missing_location	exclude_non_soil_or_unclear_source	no	external_acidic_soil_project_reads	no	yes	
ERR6747332	PRJEB33611	SAMEA9956524	Europe	Acidic forest soil	Forest soil					needs_metadata_or_OpenLandMap_confirmation	Europe representative; Acidic forest soil	PRJEB33611	SAMEA9956524		missing_location	exclude_non_soil_or_unclear_source	no	external_acidic_soil_project_reads	no	yes	
ERR6747331	PRJEB33611	SAMEA9956523	Europe	Acidic forest soil	Forest soil					needs_metadata_or_OpenLandMap_confirmation	Europe representative; Acidic forest soil	PRJEB33611	SAMEA9956523		missing_location	exclude_non_soil_or_unclear_source	no	external_acidic_soil_project_reads	no	yes	
ERR6747330	PRJEB33611	SAMEA9956522	Europe	Acidic forest soil	Forest soil					needs_metadata_or_OpenLandMap_confirmation	Europe representative; Acidic forest soil	PRJEB33611	SAMEA9956522		missing_location	exclude_non_soil_or_unclear_source	no	external_acidic_soil_project_reads	no	yes	
ERR6747329	PRJEB33611	SAMEA9956521	Europe	Acidic forest soil	Forest soil					needs_metadata_or_OpenLandMap_confirmation	Europe representative; Acidic forest soil	PRJEB33611	SAMEA9956521		missing_location	exclude_non_soil_or_unclear_source	no	external_acidic_soil_project_reads	no	yes	
ERR6747328	PRJEB33611	SAMEA9956520	Europe	Acidic forest soil	Forest soil					needs_metadata_or_OpenLandMap_confirmation	Europe representative; Acidic forest soil	PRJEB33611	SAMEA9956520		missing_location	exclude_non_soil_or_unclear_source	no	external_acidic_soil_project_reads	no	yes	
ERR6747327	PRJEB33611	SAMEA9956519	Europe	Acidic forest soil	Forest soil					needs_metadata_or_OpenLandMap_confirmation	Europe representative; Acidic forest soil	PRJEB33611	SAMEA9956519		missing_location	exclude_non_soil_or_unclear_source	no	external_acidic_soil_project_reads	no	yes	
ERR6747326	PRJEB33611	SAMEA9956518	Europe	Acidic forest soil	Forest soil					needs_metadata_or_OpenLandMap_confirmation	Europe representative; Acidic forest soil	PRJEB33611	SAMEA9956518		missing_location	exclude_non_soil_or_unclear_source	no	external_acidic_soil_project_reads	no	yes	
ERR6747325	PRJEB33611	SAMEA9956517	Europe	Acidic forest soil	Forest soil					needs_metadata_or_OpenLandMap_confirmation	Europe representative; Acidic forest soil	PRJEB33611	SAMEA9956517		missing_location	exclude_non_soil_or_unclear_source	no	external_acidic_soil_project_reads	no	yes	
ERR6747324	PRJEB33611	SAMEA9956516	Europe	Acidic forest soil	Forest soil					needs_metadata_or_OpenLandMap_confirmation	Europe representative; Acidic forest soil	PRJEB33611	SAMEA9956516		missing_location	exclude_non_soil_or_unclear_source	no	external_acidic_soil_project_reads	no	yes	
ERR6747323	PRJEB33611	SAMEA9956515	Europe	Acidic forest soil	Forest soil					needs_metadata_or_OpenLandMap_confirmation	Europe representative; Acidic forest soil	PRJEB33611	SAMEA9956515		missing_location	exclude_non_soil_or_unclear_source	no	external_acidic_soil_project_reads	no	yes	
ERR6747322	PRJEB33611	SAMEA9956514	Europe	Acidic forest soil	Forest soil					needs_metadata_or_OpenLandMap_confirmation	Europe representative; Acidic forest soil	PRJEB33611	SAMEA9956514		missing_location	exclude_non_soil_or_unclear_source	no	external_acidic_soil_project_reads	no	yes	
ERR6747321	PRJEB33611	SAMEA9956513	Europe	Acidic forest soil	Forest soil					needs_metadata_or_OpenLandMap_confirmation	Europe representative; Acidic forest soil	PRJEB33611	SAMEA9956513		missing_location	exclude_non_soil_or_unclear_source	no	external_acidic_soil_project_reads	no	yes	
ERR6747320	PRJEB33611	SAMEA9956512	Europe	Acidic forest soil	Forest soil					needs_metadata_or_OpenLandMap_confirmation	Europe representative; Acidic forest soil	PRJEB33611	SAMEA9956512		missing_location	exclude_non_soil_or_unclear_source	no	external_acidic_soil_project_reads	no	yes	
ERR6747319	PRJEB33611	SAMEA9956511	Europe	Acidic forest soil	Forest soil					needs_metadata_or_OpenLandMap_confirmation	Europe representative; Acidic forest soil	PRJEB33611	SAMEA9956511		missing_location	exclude_non_soil_or_unclear_source	no	external_acidic_soil_project_reads	no	yes	
ERR6747318	PRJEB33611	SAMEA9956510	Europe	Acidic forest soil	Forest soil					needs_metadata_or_OpenLandMap_confirmation	Europe representative; Acidic forest soil	PRJEB33611	SAMEA9956510		missing_location	exclude_non_soil_or_unclear_source	no	external_acidic_soil_project_reads	no	yes	
ERR6747317	PRJEB33611	SAMEA9956509	Europe	Acidic forest soil	Forest soil					needs_metadata_or_OpenLandMap_confirmation	Europe representative; Acidic forest soil	PRJEB33611	SAMEA9956509		missing_location	exclude_non_soil_or_unclear_source	no	external_acidic_soil_project_reads	no	yes	
ERR6747316	PRJEB33611	SAMEA9956508	Europe	Acidic forest soil	Forest soil					needs_metadata_or_OpenLandMap_confirmation	Europe representative; Acidic forest soil	PRJEB33611	SAMEA9956508		missing_location	exclude_non_soil_or_unclear_source	no	external_acidic_soil_project_reads	no	yes	
ERR6747315	PRJEB33611	SAMEA9956507	Europe	Acidic forest soil	Forest soil					needs_metadata_or_OpenLandMap_confirmation	Europe representative; Acidic forest soil	PRJEB33611	SAMEA9956507		missing_location	exclude_non_soil_or_unclear_source	no	external_acidic_soil_project_reads	no	yes	
ERR6747314	PRJEB33611	SAMEA9956506	Europe	Acidic forest soil	Forest soil					needs_metadata_or_OpenLandMap_confirmation	Europe representative; Acidic forest soil	PRJEB33611	SAMEA9956506		missing_location	exclude_non_soil_or_unclear_source	no	external_acidic_soil_project_reads	no	yes	
ERR6747313	PRJEB33611	SAMEA9956505	Europe	Acidic forest soil	Forest soil					needs_metadata_or_OpenLandMap_confirmation	Europe representative; Acidic forest soil	PRJEB33611	SAMEA9956505		missing_location	exclude_non_soil_or_unclear_source	no	external_acidic_soil_project_reads	no	yes	
ERR6747312	PRJEB33611	SAMEA9956504	Europe	Acidic forest soil	Forest soil					needs_metadata_or_OpenLandMap_confirmation	Europe representative; Acidic forest soil	PRJEB33611	SAMEA9956504		missing_location	exclude_non_soil_or_unclear_source	no	external_acidic_soil_project_reads	no	yes	
ERR6747311	PRJEB33611	SAMEA9956503	Europe	Acidic forest soil	Forest soil					needs_metadata_or_OpenLandMap_confirmation	Europe representative; Acidic forest soil	PRJEB33611	SAMEA9956503		missing_location	exclude_non_soil_or_unclear_source	no	external_acidic_soil_project_reads	no	yes	
ERR6747310	PRJEB33611	SAMEA9956502	Europe	Acidic forest soil	Forest soil					needs_metadata_or_OpenLandMap_confirmation	Europe representative; Acidic forest soil	PRJEB33611	SAMEA9956502		missing_location	exclude_non_soil_or_unclear_source	no	external_acidic_soil_project_reads	no	yes	
ERR6747309	PRJEB33611	SAMEA9956501	Europe	Acidic forest soil	Forest soil					needs_metadata_or_OpenLandMap_confirmation	Europe representative; Acidic forest soil	PRJEB33611	SAMEA9956501		missing_location	exclude_non_soil_or_unclear_source	no	external_acidic_soil_project_reads	no	yes	
ERR6747308	PRJEB33611	SAMEA9956500	Europe	Acidic forest soil	Forest soil					needs_metadata_or_OpenLandMap_confirmation	Europe representative; Acidic forest soil	PRJEB33611	SAMEA9956500		missing_location	exclude_non_soil_or_unclear_source	no	external_acidic_soil_project_reads	no	yes	
ERR6747307	PRJEB33611	SAMEA9956499	Europe	Acidic forest soil	Forest soil					needs_metadata_or_OpenLandMap_confirmation	Europe representative; Acidic forest soil	PRJEB33611	SAMEA9956499		missing_location	exclude_non_soil_or_unclear_source	no	external_acidic_soil_project_reads	no	yes	
ERR6747306	PRJEB33611	SAMEA9956498	Europe	Acidic forest soil	Forest soil					needs_metadata_or_OpenLandMap_confirmation	Europe representative; Acidic forest soil	PRJEB33611	SAMEA9956498		missing_location	exclude_non_soil_or_unclear_source	no	external_acidic_soil_project_reads	no	yes	
ERR6747305	PRJEB33611	SAMEA9956497	Europe	Acidic forest soil	Forest soil					needs_metadata_or_OpenLandMap_confirmation	Europe representative; Acidic forest soil	PRJEB33611	SAMEA9956497		missing_location	exclude_non_soil_or_unclear_source	no	external_acidic_soil_project_reads	no	yes	
ERR6747304	PRJEB33611	SAMEA9956496	Europe	Acidic forest soil	Forest soil					needs_metadata_or_OpenLandMap_confirmation	Europe representative; Acidic forest soil	PRJEB33611	SAMEA9956496		missing_location	exclude_non_soil_or_unclear_source	no	external_acidic_soil_project_reads	no	yes	
ERR6747303	PRJEB33611	SAMEA9956495	Europe	Acidic forest soil	Forest soil					needs_metadata_or_OpenLandMap_confirmation	Europe representative; Acidic forest soil	PRJEB33611	SAMEA9956495		missing_location	exclude_non_soil_or_unclear_source	no	external_acidic_soil_project_reads	no	yes	
ERR6747302	PRJEB33611	SAMEA9956494	Europe	Acidic forest soil	Forest soil					needs_metadata_or_OpenLandMap_confirmation	Europe representative; Acidic forest soil	PRJEB33611	SAMEA9956494		missing_location	exclude_non_soil_or_unclear_source	no	external_acidic_soil_project_reads	no	yes	
ERR6747301	PRJEB33611	SAMEA9956493	Europe	Acidic forest soil	Forest soil					needs_metadata_or_OpenLandMap_confirmation	Europe representative; Acidic forest soil	PRJEB33611	SAMEA9956493		missing_location	exclude_non_soil_or_unclear_source	no	external_acidic_soil_project_reads	no	yes	
ERR6747300	PRJEB33611	SAMEA9956492	Europe	Acidic forest soil	Forest soil					needs_metadata_or_OpenLandMap_confirmation	Europe representative; Acidic forest soil	PRJEB33611	SAMEA9956492		missing_location	exclude_non_soil_or_unclear_source	no	external_acidic_soil_project_reads	no	yes	
ERR6747299	PRJEB33611	SAMEA9956491	Europe	Acidic forest soil	Forest soil					needs_metadata_or_OpenLandMap_confirmation	Europe representative; Acidic forest soil	PRJEB33611	SAMEA9956491		missing_location	exclude_non_soil_or_unclear_source	no	external_acidic_soil_project_reads	no	yes	
ERR6747298	PRJEB33611	SAMEA9956490	Europe	Acidic forest soil	Forest soil					needs_metadata_or_OpenLandMap_confirmation	Europe representative; Acidic forest soil	PRJEB33611	SAMEA9956490		missing_location	exclude_non_soil_or_unclear_source	no	external_acidic_soil_project_reads	no	yes	
ERR6747297	PRJEB33611	SAMEA9956489	Europe	Acidic forest soil	Forest soil					needs_metadata_or_OpenLandMap_confirmation	Europe representative; Acidic forest soil	PRJEB33611	SAMEA9956489		missing_location	exclude_non_soil_or_unclear_source	no	external_acidic_soil_project_reads	no	yes	
ERR6747296	PRJEB33611	SAMEA9956488	Europe	Acidic forest soil	Forest soil					needs_metadata_or_OpenLandMap_confirmation	Europe representative; Acidic forest soil	PRJEB33611	SAMEA9956488		missing_location	exclude_non_soil_or_unclear_source	no	external_acidic_soil_project_reads	no	yes	
ERR6747295	PRJEB33611	SAMEA9956487	Europe	Acidic forest soil	Forest soil					needs_metadata_or_OpenLandMap_confirmation	Europe representative; Acidic forest soil	PRJEB33611	SAMEA9956487		missing_location	exclude_non_soil_or_unclear_source	no	external_acidic_soil_project_reads	no	yes	
ERR6747294	PRJEB33611	SAMEA9956486	Europe	Acidic forest soil	Forest soil					needs_metadata_or_OpenLandMap_confirmation	Europe representative; Acidic forest soil	PRJEB33611	SAMEA9956486		missing_location	exclude_non_soil_or_unclear_source	no	external_acidic_soil_project_reads	no	yes	
ERR6747293	PRJEB33611	SAMEA9956485	Europe	Acidic forest soil	Forest soil					needs_metadata_or_OpenLandMap_confirmation	Europe representative; Acidic forest soil	PRJEB33611	SAMEA9956485		missing_location	exclude_non_soil_or_unclear_source	no	external_acidic_soil_project_reads	no	yes	
ERR6747292	PRJEB33611	SAMEA9956484	Europe	Acidic forest soil	Forest soil					needs_metadata_or_OpenLandMap_confirmation	Europe representative; Acidic forest soil	PRJEB33611	SAMEA9956484		missing_location	exclude_non_soil_or_unclear_source	no	external_acidic_soil_project_reads	no	yes	
ERR6747291	PRJEB33611	SAMEA9956483	Europe	Acidic forest soil	Forest soil					needs_metadata_or_OpenLandMap_confirmation	Europe representative; Acidic forest soil	PRJEB33611	SAMEA9956483		missing_location	exclude_non_soil_or_unclear_source	no	external_acidic_soil_project_reads	no	yes	
ERR6747290	PRJEB33611	SAMEA9956482	Europe	Acidic forest soil	Forest soil					needs_metadata_or_OpenLandMap_confirmation	Europe representative; Acidic forest soil	PRJEB33611	SAMEA9956482		missing_location	exclude_non_soil_or_unclear_source	no	external_acidic_soil_project_reads	no	yes	
ERR6747289	PRJEB33611	SAMEA9956481	Europe	Acidic forest soil	Forest soil					needs_metadata_or_OpenLandMap_confirmation	Europe representative; Acidic forest soil	PRJEB33611	SAMEA9956481		missing_location	exclude_non_soil_or_unclear_source	no	external_acidic_soil_project_reads	no	yes	
ERR6747288	PRJEB33611	SAMEA9956480	Europe	Acidic forest soil	Forest soil					needs_metadata_or_OpenLandMap_confirmation	Europe representative; Acidic forest soil	PRJEB33611	SAMEA9956480		missing_location	exclude_non_soil_or_unclear_source	no	external_acidic_soil_project_reads	no	yes	
ERR6747287	PRJEB33611	SAMEA9956479	Europe	Acidic forest soil	Forest soil					needs_metadata_or_OpenLandMap_confirmation	Europe representative; Acidic forest soil	PRJEB33611	SAMEA9956479		missing_location	exclude_non_soil_or_unclear_source	no	external_acidic_soil_project_reads	no	yes	
ERR6747286	PRJEB33611	SAMEA9956478	Europe	Acidic forest soil	Forest soil					needs_metadata_or_OpenLandMap_confirmation	Europe representative; Acidic forest soil	PRJEB33611	SAMEA9956478		missing_location	exclude_non_soil_or_unclear_source	no	external_acidic_soil_project_reads	no	yes	
ERR6747285	PRJEB33611	SAMEA9956477	Europe	Acidic forest soil	Forest soil					needs_metadata_or_OpenLandMap_confirmation	Europe representative; Acidic forest soil	PRJEB33611	SAMEA9956477		missing_location	exclude_non_soil_or_unclear_source	no	external_acidic_soil_project_reads	no	yes	
ERR6747284	PRJEB33611	SAMEA9956476	Europe	Acidic forest soil	Forest soil					needs_metadata_or_OpenLandMap_confirmation	Europe representative; Acidic forest soil	PRJEB33611	SAMEA9956476		missing_location	exclude_non_soil_or_unclear_source	no	external_acidic_soil_project_reads	no	yes	
ERR6747283	PRJEB33611	SAMEA9956475	Europe	Acidic forest soil	Forest soil					needs_metadata_or_OpenLandMap_confirmation	Europe representative; Acidic forest soil	PRJEB33611	SAMEA9956475		missing_location	exclude_non_soil_or_unclear_source	no	external_acidic_soil_project_reads	no	yes	
ERR6747282	PRJEB33611	SAMEA9956474	Europe	Acidic forest soil	Forest soil					needs_metadata_or_OpenLandMap_confirmation	Europe representative; Acidic forest soil	PRJEB33611	SAMEA9956474		missing_location	exclude_non_soil_or_unclear_source	no	external_acidic_soil_project_reads	no	yes	
ERR6747281	PRJEB33611	SAMEA9956473	Europe	Acidic forest soil	Forest soil					needs_metadata_or_OpenLandMap_confirmation	Europe representative; Acidic forest soil	PRJEB33611	SAMEA9956473		missing_location	exclude_non_soil_or_unclear_source	no	external_acidic_soil_project_reads	no	yes	
ERR6747280	PRJEB33611	SAMEA9956472	Europe	Acidic forest soil	Forest soil					needs_metadata_or_OpenLandMap_confirmation	Europe representative; Acidic forest soil	PRJEB33611	SAMEA9956472		missing_location	exclude_non_soil_or_unclear_source	no	external_acidic_soil_project_reads	no	yes	
ERR6747279	PRJEB33611	SAMEA9956471	Europe	Acidic forest soil	Forest soil					needs_metadata_or_OpenLandMap_confirmation	Europe representative; Acidic forest soil	PRJEB33611	SAMEA9956471		missing_location	exclude_non_soil_or_unclear_source	no	external_acidic_soil_project_reads	no	yes	
ERR6747278	PRJEB33611	SAMEA9956470	Europe	Acidic forest soil	Forest soil					needs_metadata_or_OpenLandMap_confirmation	Europe representative; Acidic forest soil	PRJEB33611	SAMEA9956470		missing_location	exclude_non_soil_or_unclear_source	no	external_acidic_soil_project_reads	no	yes	
ERR6747277	PRJEB33611	SAMEA9956469	Europe	Acidic forest soil	Forest soil					needs_metadata_or_OpenLandMap_confirmation	Europe representative; Acidic forest soil	PRJEB33611	SAMEA9956469		missing_location	exclude_non_soil_or_unclear_source	no	external_acidic_soil_project_reads	no	yes	
ERR6747276	PRJEB33611	SAMEA9956468	Europe	Acidic forest soil	Forest soil					needs_metadata_or_OpenLandMap_confirmation	Europe representative; Acidic forest soil	PRJEB33611	SAMEA9956468		missing_location	exclude_non_soil_or_unclear_source	no	external_acidic_soil_project_reads	no	yes	
ERR6747275	PRJEB33611	SAMEA9956467	Europe	Acidic forest soil	Forest soil					needs_metadata_or_OpenLandMap_confirmation	Europe representative; Acidic forest soil	PRJEB33611	SAMEA9956467		missing_location	exclude_non_soil_or_unclear_source	no	external_acidic_soil_project_reads	no	yes	
ERR6747274	PRJEB33611	SAMEA9956466	Europe	Acidic forest soil	Forest soil					needs_metadata_or_OpenLandMap_confirmation	Europe representative; Acidic forest soil	PRJEB33611	SAMEA9956466		missing_location	exclude_non_soil_or_unclear_source	no	external_acidic_soil_project_reads	no	yes	
ERR6747273	PRJEB33611	SAMEA9956465	Europe	Acidic forest soil	Forest soil					needs_metadata_or_OpenLandMap_confirmation	Europe representative; Acidic forest soil	PRJEB33611	SAMEA9956465		missing_location	exclude_non_soil_or_unclear_source	no	external_acidic_soil_project_reads	no	yes	
ERR6747272	PRJEB33611	SAMEA9956464	Europe	Acidic forest soil	Forest soil					needs_metadata_or_OpenLandMap_confirmation	Europe representative; Acidic forest soil	PRJEB33611	SAMEA9956464		missing_location	exclude_non_soil_or_unclear_source	no	external_acidic_soil_project_reads	no	yes	
ERR6747271	PRJEB33611	SAMEA9956463	Europe	Acidic forest soil	Forest soil					needs_metadata_or_OpenLandMap_confirmation	Europe representative; Acidic forest soil	PRJEB33611	SAMEA9956463		missing_location	exclude_non_soil_or_unclear_source	no	external_acidic_soil_project_reads	no	yes	
ERR6747270	PRJEB33611	SAMEA9956462	Europe	Acidic forest soil	Forest soil					needs_metadata_or_OpenLandMap_confirmation	Europe representative; Acidic forest soil	PRJEB33611	SAMEA9956462		missing_location	exclude_non_soil_or_unclear_source	no	external_acidic_soil_project_reads	no	yes	
ERR6747269	PRJEB33611	SAMEA9956461	Europe	Acidic forest soil	Forest soil					needs_metadata_or_OpenLandMap_confirmation	Europe representative; Acidic forest soil	PRJEB33611	SAMEA9956461		missing_location	exclude_non_soil_or_unclear_source	no	external_acidic_soil_project_reads	no	yes	
ERR6747268	PRJEB33611	SAMEA9956460	Europe	Acidic forest soil	Forest soil					needs_metadata_or_OpenLandMap_confirmation	Europe representative; Acidic forest soil	PRJEB33611	SAMEA9956460		missing_location	exclude_non_soil_or_unclear_source	no	external_acidic_soil_project_reads	no	yes	
ERR6747267	PRJEB33611	SAMEA9956459	Europe	Acidic forest soil	Forest soil					needs_metadata_or_OpenLandMap_confirmation	Europe representative; Acidic forest soil	PRJEB33611	SAMEA9956459		missing_location	exclude_non_soil_or_unclear_source	no	external_acidic_soil_project_reads	no	yes	
ERR6747266	PRJEB33611	SAMEA9956458	Europe	Acidic forest soil	Forest soil					needs_metadata_or_OpenLandMap_confirmation	Europe representative; Acidic forest soil	PRJEB33611	SAMEA9956458		missing_location	exclude_non_soil_or_unclear_source	no	external_acidic_soil_project_reads	no	yes	
ERR6747265	PRJEB33611	SAMEA9956457	Europe	Acidic forest soil	Forest soil					needs_metadata_or_OpenLandMap_confirmation	Europe representative; Acidic forest soil	PRJEB33611	SAMEA9956457		missing_location	exclude_non_soil_or_unclear_source	no	external_acidic_soil_project_reads	no	yes	
ERR6747264	PRJEB33611	SAMEA9956456	Europe	Acidic forest soil	Forest soil					needs_metadata_or_OpenLandMap_confirmation	Europe representative; Acidic forest soil	PRJEB33611	SAMEA9956456		missing_location	exclude_non_soil_or_unclear_source	no	external_acidic_soil_project_reads	no	yes	
ERR6747263	PRJEB33611	SAMEA9956455	Europe	Acidic forest soil	Forest soil					needs_metadata_or_OpenLandMap_confirmation	Europe representative; Acidic forest soil	PRJEB33611	SAMEA9956455		missing_location	exclude_non_soil_or_unclear_source	no	external_acidic_soil_project_reads	no	yes	
ERR6747262	PRJEB33611	SAMEA9956454	Europe	Acidic forest soil	Forest soil					needs_metadata_or_OpenLandMap_confirmation	Europe representative; Acidic forest soil	PRJEB33611	SAMEA9956454		missing_location	exclude_non_soil_or_unclear_source	no	external_acidic_soil_project_reads	no	yes	
ERR6747261	PRJEB33611	SAMEA9956453	Europe	Acidic forest soil	Forest soil					needs_metadata_or_OpenLandMap_confirmation	Europe representative; Acidic forest soil	PRJEB33611	SAMEA9956453		missing_location	exclude_non_soil_or_unclear_source	no	external_acidic_soil_project_reads	no	yes	
ERR6747260	PRJEB33611	SAMEA9956452	Europe	Acidic forest soil	Forest soil					needs_metadata_or_OpenLandMap_confirmation	Europe representative; Acidic forest soil	PRJEB33611	SAMEA9956452		missing_location	exclude_non_soil_or_unclear_source	no	external_acidic_soil_project_reads	no	yes	
ERR6747259	PRJEB33611	SAMEA9956451	Europe	Acidic forest soil	Forest soil					needs_metadata_or_OpenLandMap_confirmation	Europe representative; Acidic forest soil	PRJEB33611	SAMEA9956451		missing_location	exclude_non_soil_or_unclear_source	no	external_acidic_soil_project_reads	no	yes	
ERR6747258	PRJEB33611	SAMEA9956450	Europe	Acidic forest soil	Forest soil					needs_metadata_or_OpenLandMap_confirmation	Europe representative; Acidic forest soil	PRJEB33611	SAMEA9956450		missing_location	exclude_non_soil_or_unclear_source	no	external_acidic_soil_project_reads	no	yes	
ERR6747257	PRJEB33611	SAMEA9956449	Europe	Acidic forest soil	Forest soil					needs_metadata_or_OpenLandMap_confirmation	Europe representative; Acidic forest soil	PRJEB33611	SAMEA9956449		missing_location	exclude_non_soil_or_unclear_source	no	external_acidic_soil_project_reads	no	yes	
ERR6747256	PRJEB33611	SAMEA9956448	Europe	Acidic forest soil	Forest soil					needs_metadata_or_OpenLandMap_confirmation	Europe representative; Acidic forest soil	PRJEB33611	SAMEA9956448		missing_location	exclude_non_soil_or_unclear_source	no	external_acidic_soil_project_reads	no	yes	
ERR6747255	PRJEB33611	SAMEA9956447	Europe	Acidic forest soil	Forest soil					needs_metadata_or_OpenLandMap_confirmation	Europe representative; Acidic forest soil	PRJEB33611	SAMEA9956447		missing_location	exclude_non_soil_or_unclear_source	no	external_acidic_soil_project_reads	no	yes	
ERR6747254	PRJEB33611	SAMEA9956446	Europe	Acidic forest soil	Forest soil					needs_metadata_or_OpenLandMap_confirmation	Europe representative; Acidic forest soil	PRJEB33611	SAMEA9956446		missing_location	exclude_non_soil_or_unclear_source	no	external_acidic_soil_project_reads	no	yes	
ERR6747253	PRJEB33611	SAMEA9956445	Europe	Acidic forest soil	Forest soil					needs_metadata_or_OpenLandMap_confirmation	Europe representative; Acidic forest soil	PRJEB33611	SAMEA9956445		missing_location	exclude_non_soil_or_unclear_source	no	external_acidic_soil_project_reads	no	yes	
ERR6747252	PRJEB33611	SAMEA9956444	Europe	Acidic forest soil	Forest soil					needs_metadata_or_OpenLandMap_confirmation	Europe representative; Acidic forest soil	PRJEB33611	SAMEA9956444		missing_location	exclude_non_soil_or_unclear_source	no	external_acidic_soil_project_reads	no	yes	
ERR6747251	PRJEB33611	SAMEA9956443	Europe	Acidic forest soil	Forest soil					needs_metadata_or_OpenLandMap_confirmation	Europe representative; Acidic forest soil	PRJEB33611	SAMEA9956443		missing_location	exclude_non_soil_or_unclear_source	no	external_acidic_soil_project_reads	no	yes	
ERR6747250	PRJEB33611	SAMEA9956442	Europe	Acidic forest soil	Forest soil					needs_metadata_or_OpenLandMap_confirmation	Europe representative; Acidic forest soil	PRJEB33611	SAMEA9956442		missing_location	exclude_non_soil_or_unclear_source	no	external_acidic_soil_project_reads	no	yes	
ERR6747249	PRJEB33611	SAMEA9956441	Europe	Acidic forest soil	Forest soil					needs_metadata_or_OpenLandMap_confirmation	Europe representative; Acidic forest soil	PRJEB33611	SAMEA9956441		missing_location	exclude_non_soil_or_unclear_source	no	external_acidic_soil_project_reads	no	yes	
ERR6747248	PRJEB33611	SAMEA9956440	Europe	Acidic forest soil	Forest soil					needs_metadata_or_OpenLandMap_confirmation	Europe representative; Acidic forest soil	PRJEB33611	SAMEA9956440		missing_location	exclude_non_soil_or_unclear_source	no	external_acidic_soil_project_reads	no	yes	
ERR6747247	PRJEB33611	SAMEA9956439	Europe	Acidic forest soil	Forest soil					needs_metadata_or_OpenLandMap_confirmation	Europe representative; Acidic forest soil	PRJEB33611	SAMEA9956439		missing_location	exclude_non_soil_or_unclear_source	no	external_acidic_soil_project_reads	no	yes	
ERR6747246	PRJEB33611	SAMEA9956438	Europe	Acidic forest soil	Forest soil					needs_metadata_or_OpenLandMap_confirmation	Europe representative; Acidic forest soil	PRJEB33611	SAMEA9956438		missing_location	exclude_non_soil_or_unclear_source	no	external_acidic_soil_project_reads	no	yes	
ERR6747245	PRJEB33611	SAMEA9956437	Europe	Acidic forest soil	Forest soil					needs_metadata_or_OpenLandMap_confirmation	Europe representative; Acidic forest soil	PRJEB33611	SAMEA9956437		missing_location	exclude_non_soil_or_unclear_source	no	external_acidic_soil_project_reads	no	yes	
ERR6747244	PRJEB33611	SAMEA9956436	Europe	Acidic forest soil	Forest soil					needs_metadata_or_OpenLandMap_confirmation	Europe representative; Acidic forest soil	PRJEB33611	SAMEA9956436		missing_location	exclude_non_soil_or_unclear_source	no	external_acidic_soil_project_reads	no	yes	
ERR6747243	PRJEB33611	SAMEA9956435	Europe	Acidic forest soil	Forest soil					needs_metadata_or_OpenLandMap_confirmation	Europe representative; Acidic forest soil	PRJEB33611	SAMEA9956435		missing_location	exclude_non_soil_or_unclear_source	no	external_acidic_soil_project_reads	no	yes	
ERR6747242	PRJEB33611	SAMEA9956434	Europe	Acidic forest soil	Forest soil					needs_metadata_or_OpenLandMap_confirmation	Europe representative; Acidic forest soil	PRJEB33611	SAMEA9956434		missing_location	exclude_non_soil_or_unclear_source	no	external_acidic_soil_project_reads	no	yes	
ERR6747241	PRJEB33611	SAMEA9956433	Europe	Acidic forest soil	Forest soil					needs_metadata_or_OpenLandMap_confirmation	Europe representative; Acidic forest soil	PRJEB33611	SAMEA9956433		missing_location	exclude_non_soil_or_unclear_source	no	external_acidic_soil_project_reads	no	yes	
ERR6747240	PRJEB33611	SAMEA9956432	Europe	Acidic forest soil	Forest soil					needs_metadata_or_OpenLandMap_confirmation	Europe representative; Acidic forest soil	PRJEB33611	SAMEA9956432		missing_location	exclude_non_soil_or_unclear_source	no	external_acidic_soil_project_reads	no	yes	
ERR6747239	PRJEB33611	SAMEA9956431	Europe	Acidic forest soil	Forest soil					needs_metadata_or_OpenLandMap_confirmation	Europe representative; Acidic forest soil	PRJEB33611	SAMEA9956431		missing_location	exclude_non_soil_or_unclear_source	no	external_acidic_soil_project_reads	no	yes	
ERR6747238	PRJEB33611	SAMEA9956430	Europe	Acidic forest soil	Forest soil					needs_metadata_or_OpenLandMap_confirmation	Europe representative; Acidic forest soil	PRJEB33611	SAMEA9956430		missing_location	exclude_non_soil_or_unclear_source	no	external_acidic_soil_project_reads	no	yes	
ERR6747237	PRJEB33611	SAMEA9956429	Europe	Acidic forest soil	Forest soil					needs_metadata_or_OpenLandMap_confirmation	Europe representative; Acidic forest soil	PRJEB33611	SAMEA9956429		missing_location	exclude_non_soil_or_unclear_source	no	external_acidic_soil_project_reads	no	yes	
ERR6747236	PRJEB33611	SAMEA9956428	Europe	Acidic forest soil	Forest soil					needs_metadata_or_OpenLandMap_confirmation	Europe representative; Acidic forest soil	PRJEB33611	SAMEA9956428		missing_location	exclude_non_soil_or_unclear_source	no	external_acidic_soil_project_reads	no	yes	
ERR6747235	PRJEB33611	SAMEA9956427	Europe	Acidic forest soil	Forest soil					needs_metadata_or_OpenLandMap_confirmation	Europe representative; Acidic forest soil	PRJEB33611	SAMEA9956427		missing_location	exclude_non_soil_or_unclear_source	no	external_acidic_soil_project_reads	no	yes	
ERR6747234	PRJEB33611	SAMEA9956426	Europe	Acidic forest soil	Forest soil					needs_metadata_or_OpenLandMap_confirmation	Europe representative; Acidic forest soil	PRJEB33611	SAMEA9956426		missing_location	exclude_non_soil_or_unclear_source	no	external_acidic_soil_project_reads	no	yes	
ERR6747233	PRJEB33611	SAMEA9956425	Europe	Acidic forest soil	Forest soil					needs_metadata_or_OpenLandMap_confirmation	Europe representative; Acidic forest soil	PRJEB33611	SAMEA9956425		missing_location	exclude_non_soil_or_unclear_source	no	external_acidic_soil_project_reads	no	yes	
ERR6747232	PRJEB33611	SAMEA9956424	Europe	Acidic forest soil	Forest soil					needs_metadata_or_OpenLandMap_confirmation	Europe representative; Acidic forest soil	PRJEB33611	SAMEA9956424		missing_location	exclude_non_soil_or_unclear_source	no	external_acidic_soil_project_reads	no	yes	
ERR5527184	PRJEB33611	SAMEA8394502	Europe	Acidic forest soil	Forest soil					needs_metadata_or_OpenLandMap_confirmation	Europe representative; Acidic forest soil	PRJEB33611	SAMEA8394502		missing_location	exclude_non_soil_or_unclear_source	no	external_acidic_soil_project_reads	no	yes	
ERR5527183	PRJEB33611	SAMEA8394501	Europe	Acidic forest soil	Forest soil					needs_metadata_or_OpenLandMap_confirmation	Europe representative; Acidic forest soil	PRJEB33611	SAMEA8394501		missing_location	exclude_non_soil_or_unclear_source	no	external_acidic_soil_project_reads	no	yes	
ERR5527182	PRJEB33611	SAMEA8394500	Europe	Acidic forest soil	Forest soil					needs_metadata_or_OpenLandMap_confirmation	Europe representative; Acidic forest soil	PRJEB33611	SAMEA8394500		missing_location	exclude_non_soil_or_unclear_source	no	external_acidic_soil_project_reads	no	yes	
ERR5527181	PRJEB33611	SAMEA8394499	Europe	Acidic forest soil	Forest soil					needs_metadata_or_OpenLandMap_confirmation	Europe representative; Acidic forest soil	PRJEB33611	SAMEA8394499		missing_location	exclude_non_soil_or_unclear_source	no	external_acidic_soil_project_reads	no	yes	
ERR5527180	PRJEB33611	SAMEA8394498	Europe	Acidic forest soil	Forest soil					needs_metadata_or_OpenLandMap_confirmation	Europe representative; Acidic forest soil	PRJEB33611	SAMEA8394498		missing_location	exclude_non_soil_or_unclear_source	no	external_acidic_soil_project_reads	no	yes	
ERR5527179	PRJEB33611	SAMEA8394497	Europe	Acidic forest soil	Forest soil					needs_metadata_or_OpenLandMap_confirmation	Europe representative; Acidic forest soil	PRJEB33611	SAMEA8394497		missing_location	exclude_non_soil_or_unclear_source	no	external_acidic_soil_project_reads	no	yes	
ERR5527178	PRJEB33611	SAMEA8394496	Europe	Acidic forest soil	Forest soil					needs_metadata_or_OpenLandMap_confirmation	Europe representative; Acidic forest soil	PRJEB33611	SAMEA8394496		missing_location	exclude_non_soil_or_unclear_source	no	external_acidic_soil_project_reads	no	yes	
ERR5527177	PRJEB33611	SAMEA8394495	Europe	Acidic forest soil	Forest soil					needs_metadata_or_OpenLandMap_confirmation	Europe representative; Acidic forest soil	PRJEB33611	SAMEA8394495		missing_location	exclude_non_soil_or_unclear_source	no	external_acidic_soil_project_reads	no	yes	
ERR5527176	PRJEB33611	SAMEA8394494	Europe	Acidic forest soil	Forest soil					needs_metadata_or_OpenLandMap_confirmation	Europe representative; Acidic forest soil	PRJEB33611	SAMEA8394494		missing_location	exclude_non_soil_or_unclear_source	no	external_acidic_soil_project_reads	no	yes	
ERR5527175	PRJEB33611	SAMEA8394493	Europe	Acidic forest soil	Forest soil					needs_metadata_or_OpenLandMap_confirmation	Europe representative; Acidic forest soil	PRJEB33611	SAMEA8394493		missing_location	exclude_non_soil_or_unclear_source	no	external_acidic_soil_project_reads	no	yes	
ERR5527174	PRJEB33611	SAMEA8394492	Europe	Acidic forest soil	Forest soil					needs_metadata_or_OpenLandMap_confirmation	Europe representative; Acidic forest soil	PRJEB33611	SAMEA8394492		missing_location	exclude_non_soil_or_unclear_source	no	external_acidic_soil_project_reads	no	yes	
ERR5527173	PRJEB33611	SAMEA8394491	Europe	Acidic forest soil	Forest soil					needs_metadata_or_OpenLandMap_confirmation	Europe representative; Acidic forest soil	PRJEB33611	SAMEA8394491		missing_location	exclude_non_soil_or_unclear_source	no	external_acidic_soil_project_reads	no	yes	
ERR5527172	PRJEB33611	SAMEA8394490	Europe	Acidic forest soil	Forest soil					needs_metadata_or_OpenLandMap_confirmation	Europe representative; Acidic forest soil	PRJEB33611	SAMEA8394490		missing_location	exclude_non_soil_or_unclear_source	no	external_acidic_soil_project_reads	no	yes	
ERR5527171	PRJEB33611	SAMEA8394489	Europe	Acidic forest soil	Forest soil					needs_metadata_or_OpenLandMap_confirmation	Europe representative; Acidic forest soil	PRJEB33611	SAMEA8394489		missing_location	exclude_non_soil_or_unclear_source	no	external_acidic_soil_project_reads	no	yes	
ERR5527170	PRJEB33611	SAMEA8394488	Europe	Acidic forest soil	Forest soil					needs_metadata_or_OpenLandMap_confirmation	Europe representative; Acidic forest soil	PRJEB33611	SAMEA8394488		missing_location	exclude_non_soil_or_unclear_source	no	external_acidic_soil_project_reads	no	yes	
ERR5527169	PRJEB33611	SAMEA8394487	Europe	Acidic forest soil	Forest soil					needs_metadata_or_OpenLandMap_confirmation	Europe representative; Acidic forest soil	PRJEB33611	SAMEA8394487		missing_location	exclude_non_soil_or_unclear_source	no	external_acidic_soil_project_reads	no	yes	
ERR5527168	PRJEB33611	SAMEA8394486	Europe	Acidic forest soil	Forest soil					needs_metadata_or_OpenLandMap_confirmation	Europe representative; Acidic forest soil	PRJEB33611	SAMEA8394486		missing_location	exclude_non_soil_or_unclear_source	no	external_acidic_soil_project_reads	no	yes	
ERR5527167	PRJEB33611	SAMEA8394485	Europe	Acidic forest soil	Forest soil					needs_metadata_or_OpenLandMap_confirmation	Europe representative; Acidic forest soil	PRJEB33611	SAMEA8394485		missing_location	exclude_non_soil_or_unclear_source	no	external_acidic_soil_project_reads	no	yes	
ERR5527166	PRJEB33611	SAMEA8394484	Europe	Acidic forest soil	Forest soil					needs_metadata_or_OpenLandMap_confirmation	Europe representative; Acidic forest soil	PRJEB33611	SAMEA8394484		missing_location	exclude_non_soil_or_unclear_source	no	external_acidic_soil_project_reads	no	yes	
ERR5527165	PRJEB33611	SAMEA8394483	Europe	Acidic forest soil	Forest soil					needs_metadata_or_OpenLandMap_confirmation	Europe representative; Acidic forest soil	PRJEB33611	SAMEA8394483		missing_location	exclude_non_soil_or_unclear_source	no	external_acidic_soil_project_reads	no	yes	
ERR5527164	PRJEB33611	SAMEA8394482	Europe	Acidic forest soil	Forest soil					needs_metadata_or_OpenLandMap_confirmation	Europe representative; Acidic forest soil	PRJEB33611	SAMEA8394482		missing_location	exclude_non_soil_or_unclear_source	no	external_acidic_soil_project_reads	no	yes	
ERR5527163	PRJEB33611	SAMEA8394481	Europe	Acidic forest soil	Forest soil					needs_metadata_or_OpenLandMap_confirmation	Europe representative; Acidic forest soil	PRJEB33611	SAMEA8394481		missing_location	exclude_non_soil_or_unclear_source	no	external_acidic_soil_project_reads	no	yes	
ERR5527162	PRJEB33611	SAMEA8394480	Europe	Acidic forest soil	Forest soil					needs_metadata_or_OpenLandMap_confirmation	Europe representative; Acidic forest soil	PRJEB33611	SAMEA8394480		missing_location	exclude_non_soil_or_unclear_source	no	external_acidic_soil_project_reads	no	yes	
ERR5527161	PRJEB33611	SAMEA8394479	Europe	Acidic forest soil	Forest soil					needs_metadata_or_OpenLandMap_confirmation	Europe representative; Acidic forest soil	PRJEB33611	SAMEA8394479		missing_location	exclude_non_soil_or_unclear_source	no	external_acidic_soil_project_reads	no	yes	
ERR5527160	PRJEB33611	SAMEA8394478	Europe	Acidic forest soil	Forest soil					needs_metadata_or_OpenLandMap_confirmation	Europe representative; Acidic forest soil	PRJEB33611	SAMEA8394478		missing_location	exclude_non_soil_or_unclear_source	no	external_acidic_soil_project_reads	no	yes	
ERR5527159	PRJEB33611	SAMEA8394477	Europe	Acidic forest soil	Forest soil					needs_metadata_or_OpenLandMap_confirmation	Europe representative; Acidic forest soil	PRJEB33611	SAMEA8394477		missing_location	exclude_non_soil_or_unclear_source	no	external_acidic_soil_project_reads	no	yes	
ERR5527158	PRJEB33611	SAMEA8394476	Europe	Acidic forest soil	Forest soil					needs_metadata_or_OpenLandMap_confirmation	Europe representative; Acidic forest soil	PRJEB33611	SAMEA8394476		missing_location	exclude_non_soil_or_unclear_source	no	external_acidic_soil_project_reads	no	yes	
ERR5527157	PRJEB33611	SAMEA8394475	Europe	Acidic forest soil	Forest soil					needs_metadata_or_OpenLandMap_confirmation	Europe representative; Acidic forest soil	PRJEB33611	SAMEA8394475		missing_location	exclude_non_soil_or_unclear_source	no	external_acidic_soil_project_reads	no	yes	
ERR5527156	PRJEB33611	SAMEA8394474	Europe	Acidic forest soil	Forest soil					needs_metadata_or_OpenLandMap_confirmation	Europe representative; Acidic forest soil	PRJEB33611	SAMEA8394474		missing_location	exclude_non_soil_or_unclear_source	no	external_acidic_soil_project_reads	no	yes	
ERR5527155	PRJEB33611	SAMEA8394473	Europe	Acidic forest soil	Forest soil					needs_metadata_or_OpenLandMap_confirmation	Europe representative; Acidic forest soil	PRJEB33611	SAMEA8394473		missing_location	exclude_non_soil_or_unclear_source	no	external_acidic_soil_project_reads	no	yes	
ERR5527154	PRJEB33611	SAMEA8394472	Europe	Acidic forest soil	Forest soil					needs_metadata_or_OpenLandMap_confirmation	Europe representative; Acidic forest soil	PRJEB33611	SAMEA8394472		missing_location	exclude_non_soil_or_unclear_source	no	external_acidic_soil_project_reads	no	yes	
SRR38979036	PRJNA1474608	SAMN60601326	North America	Peat/permafrost/tundra soil	Peat/permafrost soil	Taiwan: Nantou, Hehuanshan	24.1336	121.2714		needs_metadata_or_OpenLandMap_confirmation	North America representative; Peat/permafrost/tundra soil	PRJNA1474608	Taiwan: Nantou, Hehuanshan		confirmed_lat_lon	exclude_location_outside_continent	no	external_acidic_soil_project_reads	yes	yes	MIMARKS Survey related sample from rhizosphere metagenome; rhizosphere soil; alpine tundra biome [ENVO:01001505]; meadow soil [ENVO:00005761]; rhizosphere [ENVO:00005801]; Taiwan: Nantou, Hehuanshan; 24.1336 N 121.2714 E
SRR38979037	PRJNA1474608	SAMN60601325	North America	Peat/permafrost/tundra soil	Peat/permafrost soil	Taiwan: Nantou, Hehuanshan	24.1336	121.2714		needs_metadata_or_OpenLandMap_confirmation	North America representative; Peat/permafrost/tundra soil	PRJNA1474608	Taiwan: Nantou, Hehuanshan		confirmed_lat_lon	exclude_location_outside_continent	no	external_acidic_soil_project_reads	yes	yes	MIMARKS Survey related sample from rhizosphere metagenome; rhizosphere soil; alpine tundra biome [ENVO:01001505]; meadow soil [ENVO:00005761]; rhizosphere [ENVO:00005801]; Taiwan: Nantou, Hehuanshan; 24.1336 N 121.2714 E
SRR38979038	PRJNA1474608	SAMN60601324	North America	Peat/permafrost/tundra soil	Peat/permafrost soil	Taiwan: Nantou, Hehuanshan	24.1336	121.2714		needs_metadata_or_OpenLandMap_confirmation	North America representative; Peat/permafrost/tundra soil	PRJNA1474608	Taiwan: Nantou, Hehuanshan		confirmed_lat_lon	exclude_location_outside_continent	no	external_acidic_soil_project_reads	yes	yes	MIMARKS Survey related sample from root metagenome; root endosphere; alpine tundra biome [ENVO:01001505]; meadow soil [ENVO:00005761]; root [PO:0009005]; Taiwan: Nantou, Hehuanshan; 24.1336 N 121.2714 E
SRR38979043	PRJNA1474608	SAMN60601323	North America	Peat/permafrost/tundra soil	Peat/permafrost soil	Taiwan: Nantou, Hehuanshan	24.1336	121.2714		needs_metadata_or_OpenLandMap_confirmation	North America representative; Peat/permafrost/tundra soil	PRJNA1474608	Taiwan: Nantou, Hehuanshan		confirmed_lat_lon	exclude_location_outside_continent	no	external_acidic_soil_project_reads	yes	yes	MIMARKS Survey related sample from root metagenome; root endosphere; alpine tundra biome [ENVO:01001505]; meadow soil [ENVO:00005761]; root [PO:0009005]; Taiwan: Nantou, Hehuanshan; 24.1336 N 121.2714 E
SRR38979054	PRJNA1474608	SAMN60601322	North America	Peat/permafrost/tundra soil	Peat/permafrost soil	Taiwan: Nantou, Hehuanshan	24.1336	121.2714		needs_metadata_or_OpenLandMap_confirmation	North America representative; Peat/permafrost/tundra soil	PRJNA1474608	Taiwan: Nantou, Hehuanshan		confirmed_lat_lon	exclude_location_outside_continent	no	external_acidic_soil_project_reads	yes	yes	MIMARKS Survey related sample from root metagenome; root endosphere; alpine tundra biome [ENVO:01001505]; meadow soil [ENVO:00005761]; root [PO:0009005]; Taiwan: Nantou, Hehuanshan; 24.1336 N 121.2714 E
SRR38979059	PRJNA1474608	SAMN60601362	North America	Peat/permafrost/tundra soil	Peat/permafrost soil	Taiwan: Nantou, Hehuanshan	24.1336	121.2714		needs_metadata_or_OpenLandMap_confirmation	North America representative; Peat/permafrost/tundra soil	PRJNA1474608	Taiwan: Nantou, Hehuanshan		confirmed_lat_lon	exclude_location_outside_continent	no	external_acidic_soil_project_reads	yes	yes	MIMARKS Survey related sample from root metagenome; root endosphere; alpine tundra biome [ENVO:01001505]; meadow soil [ENVO:00005761]; root [PO:0009005]; Taiwan: Nantou, Hehuanshan; 24.1336 N 121.2714 E
SRR38979060	PRJNA1474608	SAMN60601361	North America	Peat/permafrost/tundra soil	Peat/permafrost soil	Taiwan: Nantou, Hehuanshan	24.1336	121.2714		needs_metadata_or_OpenLandMap_confirmation	North America representative; Peat/permafrost/tundra soil	PRJNA1474608	Taiwan: Nantou, Hehuanshan		confirmed_lat_lon	exclude_location_outside_continent	no	external_acidic_soil_project_reads	yes	yes	MIMARKS Survey related sample from root metagenome; root endosphere; alpine tundra biome [ENVO:01001505]; meadow soil [ENVO:00005761]; root [PO:0009005]; Taiwan: Nantou, Hehuanshan; 24.1336 N 121.2714 E
SRR38979061	PRJNA1474608	SAMN60601360	North America	Peat/permafrost/tundra soil	Peat/permafrost soil	Taiwan: Nantou, Hehuanshan	24.1336	121.2714		needs_metadata_or_OpenLandMap_confirmation	North America representative; Peat/permafrost/tundra soil	PRJNA1474608	Taiwan: Nantou, Hehuanshan		confirmed_lat_lon	exclude_location_outside_continent	no	external_acidic_soil_project_reads	yes	yes	MIMARKS Survey related sample from root metagenome; root endosphere; alpine tundra biome [ENVO:01001505]; meadow soil [ENVO:00005761]; root [PO:0009005]; Taiwan: Nantou, Hehuanshan; 24.1336 N 121.2714 E
SRR38979062	PRJNA1474608	SAMN60601359	North America	Peat/permafrost/tundra soil	Peat/permafrost soil	Taiwan: Nantou, Hehuanshan	24.1336	121.2714		needs_metadata_or_OpenLandMap_confirmation	North America representative; Peat/permafrost/tundra soil	PRJNA1474608	Taiwan: Nantou, Hehuanshan		confirmed_lat_lon	exclude_location_outside_continent	no	external_acidic_soil_project_reads	yes	yes	MIMARKS Survey related sample from rhizosphere metagenome; rhizosphere soil; alpine tundra biome [ENVO:01001505]; meadow soil [ENVO:00005761]; rhizosphere [ENVO:00005801]; Taiwan: Nantou, Hehuanshan; 24.1336 N 121.2714 E
SRR38979063	PRJNA1474608	SAMN60601358	North America	Peat/permafrost/tundra soil	Peat/permafrost soil	Taiwan: Nantou, Hehuanshan	24.1336	121.2714		needs_metadata_or_OpenLandMap_confirmation	North America representative; Peat/permafrost/tundra soil	PRJNA1474608	Taiwan: Nantou, Hehuanshan		confirmed_lat_lon	exclude_location_outside_continent	no	external_acidic_soil_project_reads	yes	yes	MIMARKS Survey related sample from rhizosphere metagenome; rhizosphere soil; alpine tundra biome [ENVO:01001505]; meadow soil [ENVO:00005761]; rhizosphere [ENVO:00005801]; Taiwan: Nantou, Hehuanshan; 24.1336 N 121.2714 E
SRR38979064	PRJNA1474608	SAMN60601357	North America	Peat/permafrost/tundra soil	Peat/permafrost soil	Taiwan: Nantou, Hehuanshan	24.1336	121.2714		needs_metadata_or_OpenLandMap_confirmation	North America representative; Peat/permafrost/tundra soil	PRJNA1474608	Taiwan: Nantou, Hehuanshan		confirmed_lat_lon	exclude_location_outside_continent	no	external_acidic_soil_project_reads	yes	yes	MIMARKS Survey related sample from rhizosphere metagenome; rhizosphere soil; alpine tundra biome [ENVO:01001505]; meadow soil [ENVO:00005761]; rhizosphere [ENVO:00005801]; Taiwan: Nantou, Hehuanshan; 24.1336 N 121.2714 E
SRR38979065	PRJNA1474608	SAMN60601321	North America	Peat/permafrost/tundra soil	Peat/permafrost soil	Taiwan: Nantou, Hehuanshan	24.1336	121.2714		needs_metadata_or_OpenLandMap_confirmation	North America representative; Peat/permafrost/tundra soil	PRJNA1474608	Taiwan: Nantou, Hehuanshan		confirmed_lat_lon	exclude_location_outside_continent	no	external_acidic_soil_project_reads	yes	yes	MIMARKS Survey related sample from root metagenome; root endosphere; alpine tundra biome [ENVO:01001505]; meadow soil [ENVO:00005761]; root [PO:0009005]; Taiwan: Nantou, Hehuanshan; 24.1336 N 121.2714 E
SRR38979066	PRJNA1474608	SAMN60601356	North America	Peat/permafrost/tundra soil	Peat/permafrost soil	Taiwan: Nantou, Hehuanshan	24.1336	121.2714		needs_metadata_or_OpenLandMap_confirmation	North America representative; Peat/permafrost/tundra soil	PRJNA1474608	Taiwan: Nantou, Hehuanshan		confirmed_lat_lon	exclude_location_outside_continent	no	external_acidic_soil_project_reads	yes	yes	MIMARKS Survey related sample from root metagenome; root endosphere; alpine tundra biome [ENVO:01001505]; meadow soil [ENVO:00005761]; root [PO:0009005]; Taiwan: Nantou, Hehuanshan; 24.1336 N 121.2714 E
SRR38979067	PRJNA1474608	SAMN60601355	North America	Peat/permafrost/tundra soil	Peat/permafrost soil	Taiwan: Nantou, Hehuanshan	24.1336	121.2714		needs_metadata_or_OpenLandMap_confirmation	North America representative; Peat/permafrost/tundra soil	PRJNA1474608	Taiwan: Nantou, Hehuanshan		confirmed_lat_lon	exclude_location_outside_continent	no	external_acidic_soil_project_reads	yes	yes	MIMARKS Survey related sample from root metagenome; root endosphere; alpine tundra biome [ENVO:01001505]; meadow soil [ENVO:00005761]; root [PO:0009005]; Taiwan: Nantou, Hehuanshan; 24.1336 N 121.2714 E
SRR38979068	PRJNA1474608	SAMN60601354	North America	Peat/permafrost/tundra soil	Peat/permafrost soil	Taiwan: Nantou, Hehuanshan	24.1336	121.2714		needs_metadata_or_OpenLandMap_confirmation	North America representative; Peat/permafrost/tundra soil	PRJNA1474608	Taiwan: Nantou, Hehuanshan		confirmed_lat_lon	exclude_location_outside_continent	no	external_acidic_soil_project_reads	yes	yes	MIMARKS Survey related sample from root metagenome; root endosphere; alpine tundra biome [ENVO:01001505]; meadow soil [ENVO:00005761]; root [PO:0009005]; Taiwan: Nantou, Hehuanshan; 24.1336 N 121.2714 E
SRR38979069	PRJNA1474608	SAMN60601353	North America	Peat/permafrost/tundra soil	Peat/permafrost soil	Taiwan: Nantou, Hehuanshan	24.1336	121.2714		needs_metadata_or_OpenLandMap_confirmation	North America representative; Peat/permafrost/tundra soil	PRJNA1474608	Taiwan: Nantou, Hehuanshan		confirmed_lat_lon	exclude_location_outside_continent	no	external_acidic_soil_project_reads	yes	yes	MIMARKS Survey related sample from root metagenome; root endosphere; alpine tundra biome [ENVO:01001505]; meadow soil [ENVO:00005761]; root [PO:0009005]; Taiwan: Nantou, Hehuanshan; 24.1336 N 121.2714 E
SRR38979070	PRJNA1474608	SAMN60601352	North America	Peat/permafrost/tundra soil	Peat/permafrost soil	Taiwan: Nantou, Hehuanshan	24.1336	121.2714		needs_metadata_or_OpenLandMap_confirmation	North America representative; Peat/permafrost/tundra soil	PRJNA1474608	Taiwan: Nantou, Hehuanshan		confirmed_lat_lon	exclude_location_outside_continent	no	external_acidic_soil_project_reads	yes	yes	MIMARKS Survey related sample from rhizosphere metagenome; rhizosphere soil; alpine tundra biome [ENVO:01001505]; meadow soil [ENVO:00005761]; rhizosphere [ENVO:00005801]; Taiwan: Nantou, Hehuanshan; 24.1336 N 121.2714 E
SRR38979071	PRJNA1474608	SAMN60601351	North America	Peat/permafrost/tundra soil	Peat/permafrost soil	Taiwan: Nantou, Hehuanshan	24.1336	121.2714		needs_metadata_or_OpenLandMap_confirmation	North America representative; Peat/permafrost/tundra soil	PRJNA1474608	Taiwan: Nantou, Hehuanshan		confirmed_lat_lon	exclude_location_outside_continent	no	external_acidic_soil_project_reads	yes	yes	MIMARKS Survey related sample from rhizosphere metagenome; rhizosphere soil; alpine tundra biome [ENVO:01001505]; meadow soil [ENVO:00005761]; rhizosphere [ENVO:00005801]; Taiwan: Nantou, Hehuanshan; 24.1336 N 121.2714 E
SRR38979072	PRJNA1474608	SAMN60601350	North America	Peat/permafrost/tundra soil	Peat/permafrost soil	Taiwan: Nantou, Hehuanshan	24.1336	121.2714		needs_metadata_or_OpenLandMap_confirmation	North America representative; Peat/permafrost/tundra soil	PRJNA1474608	Taiwan: Nantou, Hehuanshan		confirmed_lat_lon	exclude_location_outside_continent	no	external_acidic_soil_project_reads	yes	yes	MIMARKS Survey related sample from rhizosphere metagenome; rhizosphere soil; alpine tundra biome [ENVO:01001505]; meadow soil [ENVO:00005761]; rhizosphere [ENVO:00005801]; Taiwan: Nantou, Hehuanshan; 24.1336 N 121.2714 E
SRR38979073	PRJNA1474608	SAMN60601349	North America	Peat/permafrost/tundra soil	Peat/permafrost soil	Taiwan: Nantou, Hehuanshan	24.1336	121.2714		needs_metadata_or_OpenLandMap_confirmation	North America representative; Peat/permafrost/tundra soil	PRJNA1474608	Taiwan: Nantou, Hehuanshan		confirmed_lat_lon	exclude_location_outside_continent	no	external_acidic_soil_project_reads	yes	yes	MIMARKS Survey related sample from rhizosphere metagenome; rhizosphere soil; alpine tundra biome [ENVO:01001505]; meadow soil [ENVO:00005761]; rhizosphere [ENVO:00005801]; Taiwan: Nantou, Hehuanshan; 24.1336 N 121.2714 E
SRR38979076	PRJNA1474608	SAMN60601320	North America	Peat/permafrost/tundra soil	Peat/permafrost soil	Taiwan: Nantou, Hehuanshan	24.1336	121.2714		needs_metadata_or_OpenLandMap_confirmation	North America representative; Peat/permafrost/tundra soil	PRJNA1474608	Taiwan: Nantou, Hehuanshan		confirmed_lat_lon	exclude_location_outside_continent	no	external_acidic_soil_project_reads	yes	yes	MIMARKS Survey related sample from rhizosphere metagenome; rhizosphere soil; alpine tundra biome [ENVO:01001505]; meadow soil [ENVO:00005761]; rhizosphere [ENVO:00005801]; Taiwan: Nantou, Hehuanshan; 24.1336 N 121.2714 E
SRR38979087	PRJNA1474608	SAMN60601319	North America	Peat/permafrost/tundra soil	Peat/permafrost soil	Taiwan: Nantou, Hehuanshan	24.1336	121.2714		needs_metadata_or_OpenLandMap_confirmation	North America representative; Peat/permafrost/tundra soil	PRJNA1474608	Taiwan: Nantou, Hehuanshan		confirmed_lat_lon	exclude_location_outside_continent	no	external_acidic_soil_project_reads	yes	yes	MIMARKS Survey related sample from rhizosphere metagenome; rhizosphere soil; alpine tundra biome [ENVO:01001505]; meadow soil [ENVO:00005761]; rhizosphere [ENVO:00005801]; Taiwan: Nantou, Hehuanshan; 24.1336 N 121.2714 E
SRR38979094	PRJNA1474608	SAMN60601330	North America	Peat/permafrost/tundra soil	Peat/permafrost soil	Taiwan: Nantou, Hehuanshan	24.1336	121.2714		needs_metadata_or_OpenLandMap_confirmation	North America representative; Peat/permafrost/tundra soil	PRJNA1474608	Taiwan: Nantou, Hehuanshan		confirmed_lat_lon	exclude_location_outside_continent	no	external_acidic_soil_project_reads	yes	yes	MIMARKS Survey related sample from root metagenome; root endosphere; alpine tundra biome [ENVO:01001505]; meadow soil [ENVO:00005761]; root [PO:0009005]; Taiwan: Nantou, Hehuanshan; 24.1336 N 121.2714 E
SRR38979095	PRJNA1474608	SAMN60601329	North America	Peat/permafrost/tundra soil	Peat/permafrost soil	Taiwan: Nantou, Hehuanshan	24.1336	121.2714		needs_metadata_or_OpenLandMap_confirmation	North America representative; Peat/permafrost/tundra soil	PRJNA1474608	Taiwan: Nantou, Hehuanshan		confirmed_lat_lon	exclude_location_outside_continent	no	external_acidic_soil_project_reads	yes	yes	MIMARKS Survey related sample from root metagenome; root endosphere; alpine tundra biome [ENVO:01001505]; meadow soil [ENVO:00005761]; root [PO:0009005]; Taiwan: Nantou, Hehuanshan; 24.1336 N 121.2714 E
SRR38979096	PRJNA1474608	SAMN60601328	North America	Peat/permafrost/tundra soil	Peat/permafrost soil	Taiwan: Nantou, Hehuanshan	24.1336	121.2714		needs_metadata_or_OpenLandMap_confirmation	North America representative; Peat/permafrost/tundra soil	PRJNA1474608	Taiwan: Nantou, Hehuanshan		confirmed_lat_lon	exclude_location_outside_continent	no	external_acidic_soil_project_reads	yes	yes	MIMARKS Survey related sample from root metagenome; root endosphere; alpine tundra biome [ENVO:01001505]; meadow soil [ENVO:00005761]; root [PO:0009005]; Taiwan: Nantou, Hehuanshan; 24.1336 N 121.2714 E
SRR38979097	PRJNA1474608	SAMN60601327	North America	Peat/permafrost/tundra soil	Peat/permafrost soil	Taiwan: Nantou, Hehuanshan	24.1336	121.2714		needs_metadata_or_OpenLandMap_confirmation	North America representative; Peat/permafrost/tundra soil	PRJNA1474608	Taiwan: Nantou, Hehuanshan		confirmed_lat_lon	exclude_location_outside_continent	no	external_acidic_soil_project_reads	yes	yes	MIMARKS Survey related sample from rhizosphere metagenome; rhizosphere soil; alpine tundra biome [ENVO:01001505]; meadow soil [ENVO:00005761]; rhizosphere [ENVO:00005801]; Taiwan: Nantou, Hehuanshan; 24.1336 N 121.2714 E
SRR38979098	PRJNA1474608	SAMN60601318	North America	Peat/permafrost/tundra soil	Peat/permafrost soil	Taiwan: Nantou, Hehuanshan	24.1336	121.2714		needs_metadata_or_OpenLandMap_confirmation	North America representative; Peat/permafrost/tundra soil	PRJNA1474608	Taiwan: Nantou, Hehuanshan		confirmed_lat_lon	exclude_location_outside_continent	no	external_acidic_soil_project_reads	yes	yes	MIMARKS Survey related sample from rhizosphere metagenome; rhizosphere soil; alpine tundra biome [ENVO:01001505]; meadow soil [ENVO:00005761]; rhizosphere [ENVO:00005801]; Taiwan: Nantou, Hehuanshan; 24.1336 N 121.2714 E
SRR38979099	PRJNA1474608	SAMN60601317	North America	Peat/permafrost/tundra soil	Peat/permafrost soil	Taiwan: Nantou, Hehuanshan	24.1336	121.2714		needs_metadata_or_OpenLandMap_confirmation	North America representative; Peat/permafrost/tundra soil	PRJNA1474608	Taiwan: Nantou, Hehuanshan		confirmed_lat_lon	exclude_location_outside_continent	no	external_acidic_soil_project_reads	yes	yes	MIMARKS Survey related sample from rhizosphere metagenome; rhizosphere soil; alpine tundra biome [ENVO:01001505]; meadow soil [ENVO:00005761]; rhizosphere [ENVO:00005801]; Taiwan: Nantou, Hehuanshan; 24.1336 N 121.2714 E
SRR38838210	PRJNA1470159	SAMN60398149	North America	Peat/permafrost/tundra soil	Peat/permafrost soil	USA: Alaska, Council	64.84	-163.71		needs_metadata_or_OpenLandMap_confirmation	North America representative; Peat/permafrost/tundra soil	PRJNA1470159	USA: Alaska, Council		confirmed_lat_lon	not_selected_after_project_dedup:candidate	no	external_acidic_soil_project_reads	yes	yes	MIMARKS Survey related sample from soil metagenome; tundra ecosystem [ENVO:01001370]; active permafrost layer [ENVO:04000009]; soil [ENVO:00001998]; USA: Alaska, Council; 64.84 N 163.71 W
SRR38838211	PRJNA1470159	SAMN60398148	North America	Peat/permafrost/tundra soil	Peat/permafrost soil	USA: Alaska, Council	64.84	-163.71		needs_metadata_or_OpenLandMap_confirmation	North America representative; Peat/permafrost/tundra soil	PRJNA1470159	USA: Alaska, Council		confirmed_lat_lon	not_selected_after_project_dedup:candidate	no	external_acidic_soil_project_reads	yes	yes	MIMARKS Survey related sample from soil metagenome; tundra ecosystem [ENVO:01001370]; active permafrost layer [ENVO:04000009]; soil [ENVO:00001998]; USA: Alaska, Council; 64.84 N 163.71 W
SRR38838212	PRJNA1470159	SAMN60398147	North America	Peat/permafrost/tundra soil	Peat/permafrost soil	USA: Alaska, Council	64.84	-163.71		needs_metadata_or_OpenLandMap_confirmation	North America representative; Peat/permafrost/tundra soil	PRJNA1470159	USA: Alaska, Council		confirmed_lat_lon	not_selected_after_project_dedup:candidate	no	external_acidic_soil_project_reads	yes	yes	MIMARKS Survey related sample from soil metagenome; tundra ecosystem [ENVO:01001370]; active permafrost layer [ENVO:04000009]; soil [ENVO:00001998]; USA: Alaska, Council; 64.84 N 163.71 W
SRR38838213	PRJNA1470159	SAMN60398146	North America	Peat/permafrost/tundra soil	Peat/permafrost soil	USA: Alaska, Council	64.84	-163.71		needs_metadata_or_OpenLandMap_confirmation	North America representative; Peat/permafrost/tundra soil	PRJNA1470159	USA: Alaska, Council		confirmed_lat_lon	not_selected_after_project_dedup:candidate	no	external_acidic_soil_project_reads	yes	yes	MIMARKS Survey related sample from soil metagenome; tundra ecosystem [ENVO:01001370]; active permafrost layer [ENVO:04000009]; soil [ENVO:00001998]; USA: Alaska, Council; 64.84 N 163.71 W
SRR38838214	PRJNA1470159	SAMN60398065	North America	Peat/permafrost/tundra soil	Peat/permafrost soil	USA: Alaska, Council	64.84	-163.71		needs_metadata_or_OpenLandMap_confirmation	North America representative; Peat/permafrost/tundra soil	PRJNA1470159	USA: Alaska, Council		confirmed_lat_lon	not_selected_after_project_dedup:candidate	no	external_acidic_soil_project_reads	yes	yes	MIMARKS Survey related sample from soil metagenome; tundra ecosystem [ENVO:01001370]; active permafrost layer [ENVO:04000009]; soil [ENVO:00001998]; USA: Alaska, Council; 64.84 N 163.71 W
SRR38838215	PRJNA1470159	SAMN60398145	North America	Peat/permafrost/tundra soil	Peat/permafrost soil	USA: Alaska, Council	64.84	-163.71		needs_metadata_or_OpenLandMap_confirmation	North America representative; Peat/permafrost/tundra soil	PRJNA1470159	USA: Alaska, Council		confirmed_lat_lon	not_selected_after_project_dedup:candidate	no	external_acidic_soil_project_reads	yes	yes	MIMARKS Survey related sample from soil metagenome; tundra ecosystem [ENVO:01001370]; active permafrost layer [ENVO:04000009]; soil [ENVO:00001998]; USA: Alaska, Council; 64.84 N 163.71 W
SRR38838216	PRJNA1470159	SAMN60398144	North America	Peat/permafrost/tundra soil	Peat/permafrost soil	USA: Alaska, Council	64.84	-163.71		needs_metadata_or_OpenLandMap_confirmation	North America representative; Peat/permafrost/tundra soil	PRJNA1470159	USA: Alaska, Council		confirmed_lat_lon	not_selected_after_project_dedup:candidate	no	external_acidic_soil_project_reads	yes	yes	MIMARKS Survey related sample from soil metagenome; tundra ecosystem [ENVO:01001370]; active permafrost layer [ENVO:04000009]; soil [ENVO:00001998]; USA: Alaska, Council; 64.84 N 163.71 W
SRR38838217	PRJNA1470159	SAMN60398143	North America	Peat/permafrost/tundra soil	Peat/permafrost soil	USA: Alaska, Council	64.84	-163.71		needs_metadata_or_OpenLandMap_confirmation	North America representative; Peat/permafrost/tundra soil	PRJNA1470159	USA: Alaska, Council		confirmed_lat_lon	not_selected_after_project_dedup:candidate	no	external_acidic_soil_project_reads	yes	yes	MIMARKS Survey related sample from soil metagenome; tundra ecosystem [ENVO:01001370]; active permafrost layer [ENVO:04000009]; soil [ENVO:00001998]; USA: Alaska, Council; 64.84 N 163.71 W
SRR38838218	PRJNA1470159	SAMN60398142	North America	Peat/permafrost/tundra soil	Peat/permafrost soil	USA: Alaska, Council	64.84	-163.71		needs_metadata_or_OpenLandMap_confirmation	North America representative; Peat/permafrost/tundra soil	PRJNA1470159	USA: Alaska, Council		confirmed_lat_lon	not_selected_after_project_dedup:candidate	no	external_acidic_soil_project_reads	yes	yes	MIMARKS Survey related sample from soil metagenome; tundra ecosystem [ENVO:01001370]; active permafrost layer [ENVO:04000009]; soil [ENVO:00001998]; USA: Alaska, Council; 64.84 N 163.71 W
SRR38838219	PRJNA1470159	SAMN60398141	North America	Peat/permafrost/tundra soil	Peat/permafrost soil	USA: Alaska, Council	64.84	-163.71		needs_metadata_or_OpenLandMap_confirmation	North America representative; Peat/permafrost/tundra soil	PRJNA1470159	USA: Alaska, Council		confirmed_lat_lon	not_selected_after_project_dedup:candidate	no	external_acidic_soil_project_reads	yes	yes	MIMARKS Survey related sample from soil metagenome; tundra ecosystem [ENVO:01001370]; active permafrost layer [ENVO:04000009]; soil [ENVO:00001998]; USA: Alaska, Council; 64.84 N 163.71 W
SRR38838220	PRJNA1470159	SAMN60398140	North America	Peat/permafrost/tundra soil	Peat/permafrost soil	USA: Alaska, Council	64.84	-163.71		needs_metadata_or_OpenLandMap_confirmation	North America representative; Peat/permafrost/tundra soil	PRJNA1470159	USA: Alaska, Council		confirmed_lat_lon	not_selected_after_project_dedup:candidate	no	external_acidic_soil_project_reads	yes	yes	MIMARKS Survey related sample from soil metagenome; tundra ecosystem [ENVO:01001370]; active permafrost layer [ENVO:04000009]; soil [ENVO:00001998]; USA: Alaska, Council; 64.84 N 163.71 W
SRR38838221	PRJNA1470159	SAMN60398139	North America	Peat/permafrost/tundra soil	Peat/permafrost soil	USA: Alaska, Council	64.84	-163.71		needs_metadata_or_OpenLandMap_confirmation	North America representative; Peat/permafrost/tundra soil	PRJNA1470159	USA: Alaska, Council		confirmed_lat_lon	not_selected_after_project_dedup:candidate	no	external_acidic_soil_project_reads	yes	yes	MIMARKS Survey related sample from soil metagenome; tundra ecosystem [ENVO:01001370]; active permafrost layer [ENVO:04000009]; soil [ENVO:00001998]; USA: Alaska, Council; 64.84 N 163.71 W
SRR38838222	PRJNA1470159	SAMN60398138	North America	Peat/permafrost/tundra soil	Peat/permafrost soil	USA: Alaska, Council	64.84	-163.71		needs_metadata_or_OpenLandMap_confirmation	North America representative; Peat/permafrost/tundra soil	PRJNA1470159	USA: Alaska, Council		confirmed_lat_lon	not_selected_after_project_dedup:candidate	no	external_acidic_soil_project_reads	yes	yes	MIMARKS Survey related sample from soil metagenome; tundra ecosystem [ENVO:01001370]; active permafrost layer [ENVO:04000009]; soil [ENVO:00001998]; USA: Alaska, Council; 64.84 N 163.71 W
SRR38838223	PRJNA1470159	SAMN60398137	North America	Peat/permafrost/tundra soil	Peat/permafrost soil	USA: Alaska, Council	64.84	-163.71		needs_metadata_or_OpenLandMap_confirmation	North America representative; Peat/permafrost/tundra soil	PRJNA1470159	USA: Alaska, Council		confirmed_lat_lon	not_selected_after_project_dedup:candidate	no	external_acidic_soil_project_reads	yes	yes	MIMARKS Survey related sample from soil metagenome; tundra ecosystem [ENVO:01001370]; active permafrost layer [ENVO:04000009]; soil [ENVO:00001998]; USA: Alaska, Council; 64.84 N 163.71 W
SRR38838224	PRJNA1470159	SAMN60398136	North America	Peat/permafrost/tundra soil	Peat/permafrost soil	USA: Alaska, Council	64.84	-163.71		needs_metadata_or_OpenLandMap_confirmation	North America representative; Peat/permafrost/tundra soil	PRJNA1470159	USA: Alaska, Council		confirmed_lat_lon	not_selected_after_project_dedup:candidate	no	external_acidic_soil_project_reads	yes	yes	MIMARKS Survey related sample from soil metagenome; tundra ecosystem [ENVO:01001370]; active permafrost layer [ENVO:04000009]; soil [ENVO:00001998]; USA: Alaska, Council; 64.84 N 163.71 W
SRR38838225	PRJNA1470159	SAMN60398064	North America	Peat/permafrost/tundra soil	Peat/permafrost soil	USA: Alaska, Council	64.84	-163.71		needs_metadata_or_OpenLandMap_confirmation	North America representative; Peat/permafrost/tundra soil	PRJNA1470159	USA: Alaska, Council		confirmed_lat_lon	not_selected_after_project_dedup:candidate	no	external_acidic_soil_project_reads	yes	yes	MIMARKS Survey related sample from soil metagenome; tundra ecosystem [ENVO:01001370]; active permafrost layer [ENVO:04000009]; soil [ENVO:00001998]; USA: Alaska, Council; 64.84 N 163.71 W
SRR38838226	PRJNA1470159	SAMN60398135	North America	Peat/permafrost/tundra soil	Peat/permafrost soil	USA: Alaska, Council	64.84	-163.71		needs_metadata_or_OpenLandMap_confirmation	North America representative; Peat/permafrost/tundra soil	PRJNA1470159	USA: Alaska, Council		confirmed_lat_lon	not_selected_after_project_dedup:candidate	no	external_acidic_soil_project_reads	yes	yes	MIMARKS Survey related sample from soil metagenome; tundra ecosystem [ENVO:01001370]; active permafrost layer [ENVO:04000009]; soil [ENVO:00001998]; USA: Alaska, Council; 64.84 N 163.71 W
SRR38838227	PRJNA1470159	SAMN60398134	North America	Peat/permafrost/tundra soil	Peat/permafrost soil	USA: Alaska, Council	64.84	-163.71		needs_metadata_or_OpenLandMap_confirmation	North America representative; Peat/permafrost/tundra soil	PRJNA1470159	USA: Alaska, Council		confirmed_lat_lon	not_selected_after_project_dedup:candidate	no	external_acidic_soil_project_reads	yes	yes	MIMARKS Survey related sample from soil metagenome; tundra ecosystem [ENVO:01001370]; active permafrost layer [ENVO:04000009]; soil [ENVO:00001998]; USA: Alaska, Council; 64.84 N 163.71 W
SRR38838228	PRJNA1470159	SAMN60398133	North America	Peat/permafrost/tundra soil	Peat/permafrost soil	USA: Alaska, Council	64.84	-163.71		needs_metadata_or_OpenLandMap_confirmation	North America representative; Peat/permafrost/tundra soil	PRJNA1470159	USA: Alaska, Council		confirmed_lat_lon	not_selected_after_project_dedup:candidate	no	external_acidic_soil_project_reads	yes	yes	MIMARKS Survey related sample from soil metagenome; tundra ecosystem [ENVO:01001370]; active permafrost layer [ENVO:04000009]; soil [ENVO:00001998]; USA: Alaska, Council; 64.84 N 163.71 W
SRR38838229	PRJNA1470159	SAMN60398132	North America	Peat/permafrost/tundra soil	Peat/permafrost soil	USA: Alaska, Council	64.84	-163.71		needs_metadata_or_OpenLandMap_confirmation	North America representative; Peat/permafrost/tundra soil	PRJNA1470159	USA: Alaska, Council		confirmed_lat_lon	not_selected_after_project_dedup:candidate	no	external_acidic_soil_project_reads	yes	yes	MIMARKS Survey related sample from soil metagenome; tundra ecosystem [ENVO:01001370]; active permafrost layer [ENVO:04000009]; soil [ENVO:00001998]; USA: Alaska, Council; 64.84 N 163.71 W
SRR38838230	PRJNA1470159	SAMN60398131	North America	Peat/permafrost/tundra soil	Peat/permafrost soil	USA: Alaska, Council	64.84	-163.71		needs_metadata_or_OpenLandMap_confirmation	North America representative; Peat/permafrost/tundra soil	PRJNA1470159	USA: Alaska, Council		confirmed_lat_lon	not_selected_after_project_dedup:candidate	no	external_acidic_soil_project_reads	yes	yes	MIMARKS Survey related sample from soil metagenome; tundra ecosystem [ENVO:01001370]; active permafrost layer [ENVO:04000009]; soil [ENVO:00001998]; USA: Alaska, Council; 64.84 N 163.71 W
SRR38838231	PRJNA1470159	SAMN60398130	North America	Peat/permafrost/tundra soil	Peat/permafrost soil	USA: Alaska, Council	64.84	-163.71		needs_metadata_or_OpenLandMap_confirmation	North America representative; Peat/permafrost/tundra soil	PRJNA1470159	USA: Alaska, Council		confirmed_lat_lon	not_selected_after_project_dedup:candidate	no	external_acidic_soil_project_reads	yes	yes	MIMARKS Survey related sample from soil metagenome; tundra ecosystem [ENVO:01001370]; active permafrost layer [ENVO:04000009]; soil [ENVO:00001998]; USA: Alaska, Council; 64.84 N 163.71 W
SRR38838232	PRJNA1470159	SAMN60398129	North America	Peat/permafrost/tundra soil	Peat/permafrost soil	USA: Alaska, Council	64.84	-163.71		needs_metadata_or_OpenLandMap_confirmation	North America representative; Peat/permafrost/tundra soil	PRJNA1470159	USA: Alaska, Council		confirmed_lat_lon	not_selected_after_project_dedup:candidate	no	external_acidic_soil_project_reads	yes	yes	MIMARKS Survey related sample from soil metagenome; tundra ecosystem [ENVO:01001370]; active permafrost layer [ENVO:04000009]; soil [ENVO:00001998]; USA: Alaska, Council; 64.84 N 163.71 W
SRR38838233	PRJNA1470159	SAMN60398128	North America	Peat/permafrost/tundra soil	Peat/permafrost soil	USA: Alaska, Council	64.84	-163.71		needs_metadata_or_OpenLandMap_confirmation	North America representative; Peat/permafrost/tundra soil	PRJNA1470159	USA: Alaska, Council		confirmed_lat_lon	not_selected_after_project_dedup:candidate	no	external_acidic_soil_project_reads	yes	yes	MIMARKS Survey related sample from soil metagenome; tundra ecosystem [ENVO:01001370]; active permafrost layer [ENVO:04000009]; soil [ENVO:00001998]; USA: Alaska, Council; 64.84 N 163.71 W
SRR38838234	PRJNA1470159	SAMN60398127	North America	Peat/permafrost/tundra soil	Peat/permafrost soil	USA: Alaska, Council	64.84	-163.71		needs_metadata_or_OpenLandMap_confirmation	North America representative; Peat/permafrost/tundra soil	PRJNA1470159	USA: Alaska, Council		confirmed_lat_lon	not_selected_after_project_dedup:candidate	no	external_acidic_soil_project_reads	yes	yes	MIMARKS Survey related sample from soil metagenome; tundra ecosystem [ENVO:01001370]; active permafrost layer [ENVO:04000009]; soil [ENVO:00001998]; USA: Alaska, Council; 64.84 N 163.71 W
SRR38838235	PRJNA1470159	SAMN60398126	North America	Peat/permafrost/tundra soil	Peat/permafrost soil	USA: Alaska, Council	64.84	-163.71		needs_metadata_or_OpenLandMap_confirmation	North America representative; Peat/permafrost/tundra soil	PRJNA1470159	USA: Alaska, Council		confirmed_lat_lon	not_selected_after_project_dedup:candidate	no	external_acidic_soil_project_reads	yes	yes	MIMARKS Survey related sample from soil metagenome; tundra ecosystem [ENVO:01001370]; active permafrost layer [ENVO:04000009]; soil [ENVO:00001998]; USA: Alaska, Council; 64.84 N 163.71 W
SRR38838236	PRJNA1470159	SAMN60398063	North America	Peat/permafrost/tundra soil	Peat/permafrost soil	USA: Alaska, Council	64.84	-163.71		needs_metadata_or_OpenLandMap_confirmation	North America representative; Peat/permafrost/tundra soil	PRJNA1470159	USA: Alaska, Council		confirmed_lat_lon	not_selected_after_project_dedup:candidate	no	external_acidic_soil_project_reads	yes	yes	MIMARKS Survey related sample from soil metagenome; tundra ecosystem [ENVO:01001370]; active permafrost layer [ENVO:04000009]; soil [ENVO:00001998]; USA: Alaska, Council; 64.84 N 163.71 W
SRR38838237	PRJNA1470159	SAMN60398125	North America	Peat/permafrost/tundra soil	Peat/permafrost soil	USA: Alaska, Council	64.84	-163.71		needs_metadata_or_OpenLandMap_confirmation	North America representative; Peat/permafrost/tundra soil	PRJNA1470159	USA: Alaska, Council		confirmed_lat_lon	not_selected_after_project_dedup:candidate	no	external_acidic_soil_project_reads	yes	yes	MIMARKS Survey related sample from soil metagenome; tundra ecosystem [ENVO:01001370]; active permafrost layer [ENVO:04000009]; soil [ENVO:00001998]; USA: Alaska, Council; 64.84 N 163.71 W
SRR38838238	PRJNA1470159	SAMN60398124	North America	Peat/permafrost/tundra soil	Peat/permafrost soil	USA: Alaska, Council	64.84	-163.71		needs_metadata_or_OpenLandMap_confirmation	North America representative; Peat/permafrost/tundra soil	PRJNA1470159	USA: Alaska, Council		confirmed_lat_lon	not_selected_after_project_dedup:candidate	no	external_acidic_soil_project_reads	yes	yes	MIMARKS Survey related sample from soil metagenome; tundra ecosystem [ENVO:01001370]; active permafrost layer [ENVO:04000009]; soil [ENVO:00001998]; USA: Alaska, Council; 64.84 N 163.71 W
SRR38838239	PRJNA1470159	SAMN60398123	North America	Peat/permafrost/tundra soil	Peat/permafrost soil	USA: Alaska, Council	64.84	-163.71		needs_metadata_or_OpenLandMap_confirmation	North America representative; Peat/permafrost/tundra soil	PRJNA1470159	USA: Alaska, Council		confirmed_lat_lon	not_selected_after_project_dedup:candidate	no	external_acidic_soil_project_reads	yes	yes	MIMARKS Survey related sample from soil metagenome; tundra ecosystem [ENVO:01001370]; active permafrost layer [ENVO:04000009]; soil [ENVO:00001998]; USA: Alaska, Council; 64.84 N 163.71 W
SRR38838240	PRJNA1470159	SAMN60398122	North America	Peat/permafrost/tundra soil	Peat/permafrost soil	USA: Alaska, Council	64.84	-163.71		needs_metadata_or_OpenLandMap_confirmation	North America representative; Peat/permafrost/tundra soil	PRJNA1470159	USA: Alaska, Council		confirmed_lat_lon	not_selected_after_project_dedup:candidate	no	external_acidic_soil_project_reads	yes	yes	MIMARKS Survey related sample from soil metagenome; tundra ecosystem [ENVO:01001370]; active permafrost layer [ENVO:04000009]; soil [ENVO:00001998]; USA: Alaska, Council; 64.84 N 163.71 W
SRR38838241	PRJNA1470159	SAMN60398121	North America	Peat/permafrost/tundra soil	Peat/permafrost soil	USA: Alaska, Council	64.84	-163.71		needs_metadata_or_OpenLandMap_confirmation	North America representative; Peat/permafrost/tundra soil	PRJNA1470159	USA: Alaska, Council		confirmed_lat_lon	not_selected_after_project_dedup:candidate	no	external_acidic_soil_project_reads	yes	yes	MIMARKS Survey related sample from soil metagenome; tundra ecosystem [ENVO:01001370]; active permafrost layer [ENVO:04000009]; soil [ENVO:00001998]; USA: Alaska, Council; 64.84 N 163.71 W
SRR38838242	PRJNA1470159	SAMN60398120	North America	Peat/permafrost/tundra soil	Peat/permafrost soil	USA: Alaska, Council	64.84	-163.71		needs_metadata_or_OpenLandMap_confirmation	North America representative; Peat/permafrost/tundra soil	PRJNA1470159	USA: Alaska, Council		confirmed_lat_lon	not_selected_after_project_dedup:candidate	no	external_acidic_soil_project_reads	yes	yes	MIMARKS Survey related sample from soil metagenome; tundra ecosystem [ENVO:01001370]; active permafrost layer [ENVO:04000009]; soil [ENVO:00001998]; USA: Alaska, Council; 64.84 N 163.71 W
SRR38838243	PRJNA1470159	SAMN60398119	North America	Peat/permafrost/tundra soil	Peat/permafrost soil	USA: Alaska, Council	64.84	-163.71		needs_metadata_or_OpenLandMap_confirmation	North America representative; Peat/permafrost/tundra soil	PRJNA1470159	USA: Alaska, Council		confirmed_lat_lon	not_selected_after_project_dedup:candidate	no	external_acidic_soil_project_reads	yes	yes	MIMARKS Survey related sample from soil metagenome; tundra ecosystem [ENVO:01001370]; active permafrost layer [ENVO:04000009]; soil [ENVO:00001998]; USA: Alaska, Council; 64.84 N 163.71 W
SRR38838244	PRJNA1470159	SAMN60398118	North America	Peat/permafrost/tundra soil	Peat/permafrost soil	USA: Alaska, Council	64.84	-163.71		needs_metadata_or_OpenLandMap_confirmation	North America representative; Peat/permafrost/tundra soil	PRJNA1470159	USA: Alaska, Council		confirmed_lat_lon	not_selected_after_project_dedup:candidate	no	external_acidic_soil_project_reads	yes	yes	MIMARKS Survey related sample from soil metagenome; tundra ecosystem [ENVO:01001370]; active permafrost layer [ENVO:04000009]; soil [ENVO:00001998]; USA: Alaska, Council; 64.84 N 163.71 W
SRR38838245	PRJNA1470159	SAMN60398117	North America	Peat/permafrost/tundra soil	Peat/permafrost soil	USA: Alaska, Council	64.84	-163.71		needs_metadata_or_OpenLandMap_confirmation	North America representative; Peat/permafrost/tundra soil	PRJNA1470159	USA: Alaska, Council		confirmed_lat_lon	not_selected_after_project_dedup:candidate	no	external_acidic_soil_project_reads	yes	yes	MIMARKS Survey related sample from soil metagenome; tundra ecosystem [ENVO:01001370]; active permafrost layer [ENVO:04000009]; soil [ENVO:00001998]; USA: Alaska, Council; 64.84 N 163.71 W
SRR38838246	PRJNA1470159	SAMN60398116	North America	Peat/permafrost/tundra soil	Peat/permafrost soil	USA: Alaska, Council	64.84	-163.71		needs_metadata_or_OpenLandMap_confirmation	North America representative; Peat/permafrost/tundra soil	PRJNA1470159	USA: Alaska, Council		confirmed_lat_lon	not_selected_after_project_dedup:candidate	no	external_acidic_soil_project_reads	yes	yes	MIMARKS Survey related sample from soil metagenome; tundra ecosystem [ENVO:01001370]; active permafrost layer [ENVO:04000009]; soil [ENVO:00001998]; USA: Alaska, Council; 64.84 N 163.71 W
SRR38838247	PRJNA1470159	SAMN60398062	North America	Peat/permafrost/tundra soil	Peat/permafrost soil	USA: Alaska, Council	64.84	-163.71		needs_metadata_or_OpenLandMap_confirmation	North America representative; Peat/permafrost/tundra soil	PRJNA1470159	USA: Alaska, Council		confirmed_lat_lon	not_selected_after_project_dedup:candidate	no	external_acidic_soil_project_reads	yes	yes	MIMARKS Survey related sample from soil metagenome; tundra ecosystem [ENVO:01001370]; active permafrost layer [ENVO:04000009]; soil [ENVO:00001998]; USA: Alaska, Council; 64.84 N 163.71 W
SRR38838248	PRJNA1470159	SAMN60398115	North America	Peat/permafrost/tundra soil	Peat/permafrost soil	USA: Alaska, Council	64.84	-163.71		needs_metadata_or_OpenLandMap_confirmation	North America representative; Peat/permafrost/tundra soil	PRJNA1470159	USA: Alaska, Council		confirmed_lat_lon	not_selected_after_project_dedup:candidate	no	external_acidic_soil_project_reads	yes	yes	MIMARKS Survey related sample from soil metagenome; tundra ecosystem [ENVO:01001370]; active permafrost layer [ENVO:04000009]; soil [ENVO:00001998]; USA: Alaska, Council; 64.84 N 163.71 W
SRR38838249	PRJNA1470159	SAMN60398114	North America	Peat/permafrost/tundra soil	Peat/permafrost soil	USA: Alaska, Council	64.84	-163.71		needs_metadata_or_OpenLandMap_confirmation	North America representative; Peat/permafrost/tundra soil	PRJNA1470159	USA: Alaska, Council		confirmed_lat_lon	not_selected_after_project_dedup:candidate	no	external_acidic_soil_project_reads	yes	yes	MIMARKS Survey related sample from soil metagenome; tundra ecosystem [ENVO:01001370]; active permafrost layer [ENVO:04000009]; soil [ENVO:00001998]; USA: Alaska, Council; 64.84 N 163.71 W
SRR38838250	PRJNA1470159	SAMN60398113	North America	Peat/permafrost/tundra soil	Peat/permafrost soil	USA: Alaska, Council	64.84	-163.71		needs_metadata_or_OpenLandMap_confirmation	North America representative; Peat/permafrost/tundra soil	PRJNA1470159	USA: Alaska, Council		confirmed_lat_lon	not_selected_after_project_dedup:candidate	no	external_acidic_soil_project_reads	yes	yes	MIMARKS Survey related sample from soil metagenome; tundra ecosystem [ENVO:01001370]; active permafrost layer [ENVO:04000009]; soil [ENVO:00001998]; USA: Alaska, Council; 64.84 N 163.71 W
SRR38838251	PRJNA1470159	SAMN60398112	North America	Peat/permafrost/tundra soil	Peat/permafrost soil	USA: Alaska, Council	64.84	-163.71		needs_metadata_or_OpenLandMap_confirmation	North America representative; Peat/permafrost/tundra soil	PRJNA1470159	USA: Alaska, Council		confirmed_lat_lon	not_selected_after_project_dedup:candidate	no	external_acidic_soil_project_reads	yes	yes	MIMARKS Survey related sample from soil metagenome; tundra ecosystem [ENVO:01001370]; active permafrost layer [ENVO:04000009]; soil [ENVO:00001998]; USA: Alaska, Council; 64.84 N 163.71 W
SRR38838252	PRJNA1470159	SAMN60398111	North America	Peat/permafrost/tundra soil	Peat/permafrost soil	USA: Alaska, Council	64.84	-163.71		needs_metadata_or_OpenLandMap_confirmation	North America representative; Peat/permafrost/tundra soil	PRJNA1470159	USA: Alaska, Council		confirmed_lat_lon	not_selected_after_project_dedup:candidate	no	external_acidic_soil_project_reads	yes	yes	MIMARKS Survey related sample from soil metagenome; tundra ecosystem [ENVO:01001370]; active permafrost layer [ENVO:04000009]; soil [ENVO:00001998]; USA: Alaska, Council; 64.84 N 163.71 W
SRR38838253	PRJNA1470159	SAMN60398110	North America	Peat/permafrost/tundra soil	Peat/permafrost soil	USA: Alaska, Council	64.84	-163.71		needs_metadata_or_OpenLandMap_confirmation	North America representative; Peat/permafrost/tundra soil	PRJNA1470159	USA: Alaska, Council		confirmed_lat_lon	not_selected_after_project_dedup:candidate	no	external_acidic_soil_project_reads	yes	yes	MIMARKS Survey related sample from soil metagenome; tundra ecosystem [ENVO:01001370]; active permafrost layer [ENVO:04000009]; soil [ENVO:00001998]; USA: Alaska, Council; 64.84 N 163.71 W
SRR38838254	PRJNA1470159	SAMN60398109	North America	Peat/permafrost/tundra soil	Peat/permafrost soil	USA: Alaska, Council	64.84	-163.71		needs_metadata_or_OpenLandMap_confirmation	North America representative; Peat/permafrost/tundra soil	PRJNA1470159	USA: Alaska, Council		confirmed_lat_lon	not_selected_after_project_dedup:candidate	no	external_acidic_soil_project_reads	yes	yes	MIMARKS Survey related sample from soil metagenome; tundra ecosystem [ENVO:01001370]; active permafrost layer [ENVO:04000009]; soil [ENVO:00001998]; USA: Alaska, Council; 64.84 N 163.71 W
SRR38838255	PRJNA1470159	SAMN60398108	North America	Peat/permafrost/tundra soil	Peat/permafrost soil	USA: Alaska, Council	64.84	-163.71		needs_metadata_or_OpenLandMap_confirmation	North America representative; Peat/permafrost/tundra soil	PRJNA1470159	USA: Alaska, Council		confirmed_lat_lon	not_selected_after_project_dedup:candidate	no	external_acidic_soil_project_reads	yes	yes	MIMARKS Survey related sample from soil metagenome; tundra ecosystem [ENVO:01001370]; active permafrost layer [ENVO:04000009]; soil [ENVO:00001998]; USA: Alaska, Council; 64.84 N 163.71 W
SRR38838256	PRJNA1470159	SAMN60398107	North America	Peat/permafrost/tundra soil	Peat/permafrost soil	USA: Alaska, Council	64.84	-163.71		needs_metadata_or_OpenLandMap_confirmation	North America representative; Peat/permafrost/tundra soil	PRJNA1470159	USA: Alaska, Council		confirmed_lat_lon	not_selected_after_project_dedup:candidate	no	external_acidic_soil_project_reads	yes	yes	MIMARKS Survey related sample from soil metagenome; tundra ecosystem [ENVO:01001370]; active permafrost layer [ENVO:04000009]; soil [ENVO:00001998]; USA: Alaska, Council; 64.84 N 163.71 W
SRR38838257	PRJNA1470159	SAMN60398106	North America	Peat/permafrost/tundra soil	Peat/permafrost soil	USA: Alaska, Council	64.84	-163.71		needs_metadata_or_OpenLandMap_confirmation	North America representative; Peat/permafrost/tundra soil	PRJNA1470159	USA: Alaska, Council		confirmed_lat_lon	not_selected_after_project_dedup:candidate	no	external_acidic_soil_project_reads	yes	yes	MIMARKS Survey related sample from soil metagenome; tundra ecosystem [ENVO:01001370]; active permafrost layer [ENVO:04000009]; soil [ENVO:00001998]; USA: Alaska, Council; 64.84 N 163.71 W
SRR38838258	PRJNA1470159	SAMN60398061	North America	Peat/permafrost/tundra soil	Peat/permafrost soil	USA: Alaska, Council	64.84	-163.71		needs_metadata_or_OpenLandMap_confirmation	North America representative; Peat/permafrost/tundra soil	PRJNA1470159	USA: Alaska, Council		confirmed_lat_lon	not_selected_after_project_dedup:candidate	no	external_acidic_soil_project_reads	yes	yes	MIMARKS Survey related sample from soil metagenome; tundra ecosystem [ENVO:01001370]; active permafrost layer [ENVO:04000009]; soil [ENVO:00001998]; USA: Alaska, Council; 64.84 N 163.71 W
SRR38838259	PRJNA1470159	SAMN60398105	North America	Peat/permafrost/tundra soil	Peat/permafrost soil	USA: Alaska, Council	64.84	-163.71		needs_metadata_or_OpenLandMap_confirmation	North America representative; Peat/permafrost/tundra soil	PRJNA1470159	USA: Alaska, Council		confirmed_lat_lon	not_selected_after_project_dedup:candidate	no	external_acidic_soil_project_reads	yes	yes	MIMARKS Survey related sample from soil metagenome; tundra ecosystem [ENVO:01001370]; active permafrost layer [ENVO:04000009]; soil [ENVO:00001998]; USA: Alaska, Council; 64.84 N 163.71 W
SRR38838260	PRJNA1470159	SAMN60398104	North America	Peat/permafrost/tundra soil	Peat/permafrost soil	USA: Alaska, Council	64.84	-163.71		needs_metadata_or_OpenLandMap_confirmation	North America representative; Peat/permafrost/tundra soil	PRJNA1470159	USA: Alaska, Council		confirmed_lat_lon	not_selected_after_project_dedup:candidate	no	external_acidic_soil_project_reads	yes	yes	MIMARKS Survey related sample from soil metagenome; tundra ecosystem [ENVO:01001370]; active permafrost layer [ENVO:04000009]; soil [ENVO:00001998]; USA: Alaska, Council; 64.84 N 163.71 W
SRR38838261	PRJNA1470159	SAMN60398103	North America	Peat/permafrost/tundra soil	Peat/permafrost soil	USA: Alaska, Council	64.84	-163.71		needs_metadata_or_OpenLandMap_confirmation	North America representative; Peat/permafrost/tundra soil	PRJNA1470159	USA: Alaska, Council		confirmed_lat_lon	not_selected_after_project_dedup:candidate	no	external_acidic_soil_project_reads	yes	yes	MIMARKS Survey related sample from soil metagenome; tundra ecosystem [ENVO:01001370]; active permafrost layer [ENVO:04000009]; soil [ENVO:00001998]; USA: Alaska, Council; 64.84 N 163.71 W
SRR38838262	PRJNA1470159	SAMN60398102	North America	Peat/permafrost/tundra soil	Peat/permafrost soil	USA: Alaska, Council	64.84	-163.71		needs_metadata_or_OpenLandMap_confirmation	North America representative; Peat/permafrost/tundra soil	PRJNA1470159	USA: Alaska, Council		confirmed_lat_lon	not_selected_after_project_dedup:candidate	no	external_acidic_soil_project_reads	yes	yes	MIMARKS Survey related sample from soil metagenome; tundra ecosystem [ENVO:01001370]; active permafrost layer [ENVO:04000009]; soil [ENVO:00001998]; USA: Alaska, Council; 64.84 N 163.71 W
SRR38838263	PRJNA1470159	SAMN60398101	North America	Peat/permafrost/tundra soil	Peat/permafrost soil	USA: Alaska, Council	64.84	-163.71		needs_metadata_or_OpenLandMap_confirmation	North America representative; Peat/permafrost/tundra soil	PRJNA1470159	USA: Alaska, Council		confirmed_lat_lon	not_selected_after_project_dedup:candidate	no	external_acidic_soil_project_reads	yes	yes	MIMARKS Survey related sample from soil metagenome; tundra ecosystem [ENVO:01001370]; active permafrost layer [ENVO:04000009]; soil [ENVO:00001998]; USA: Alaska, Council; 64.84 N 163.71 W
SRR38838264	PRJNA1470159	SAMN60398100	North America	Peat/permafrost/tundra soil	Peat/permafrost soil	USA: Alaska, Council	64.84	-163.71		needs_metadata_or_OpenLandMap_confirmation	North America representative; Peat/permafrost/tundra soil	PRJNA1470159	USA: Alaska, Council		confirmed_lat_lon	not_selected_after_project_dedup:candidate	no	external_acidic_soil_project_reads	yes	yes	MIMARKS Survey related sample from soil metagenome; tundra ecosystem [ENVO:01001370]; active permafrost layer [ENVO:04000009]; soil [ENVO:00001998]; USA: Alaska, Council; 64.84 N 163.71 W
SRR38838265	PRJNA1470159	SAMN60398099	North America	Peat/permafrost/tundra soil	Peat/permafrost soil	USA: Alaska, Council	64.84	-163.71		needs_metadata_or_OpenLandMap_confirmation	North America representative; Peat/permafrost/tundra soil	PRJNA1470159	USA: Alaska, Council		confirmed_lat_lon	not_selected_after_project_dedup:candidate	no	external_acidic_soil_project_reads	yes	yes	MIMARKS Survey related sample from soil metagenome; tundra ecosystem [ENVO:01001370]; active permafrost layer [ENVO:04000009]; soil [ENVO:00001998]; USA: Alaska, Council; 64.84 N 163.71 W
SRR38838266	PRJNA1470159	SAMN60398098	North America	Peat/permafrost/tundra soil	Peat/permafrost soil	USA: Alaska, Council	64.84	-163.71		needs_metadata_or_OpenLandMap_confirmation	North America representative; Peat/permafrost/tundra soil	PRJNA1470159	USA: Alaska, Council		confirmed_lat_lon	not_selected_after_project_dedup:candidate	no	external_acidic_soil_project_reads	yes	yes	MIMARKS Survey related sample from soil metagenome; tundra ecosystem [ENVO:01001370]; active permafrost layer [ENVO:04000009]; soil [ENVO:00001998]; USA: Alaska, Council; 64.84 N 163.71 W
SRR38838267	PRJNA1470159	SAMN60398097	North America	Peat/permafrost/tundra soil	Peat/permafrost soil	USA: Alaska, Council	64.84	-163.71		needs_metadata_or_OpenLandMap_confirmation	North America representative; Peat/permafrost/tundra soil	PRJNA1470159	USA: Alaska, Council		confirmed_lat_lon	not_selected_after_project_dedup:candidate	no	external_acidic_soil_project_reads	yes	yes	MIMARKS Survey related sample from soil metagenome; tundra ecosystem [ENVO:01001370]; active permafrost layer [ENVO:04000009]; soil [ENVO:00001998]; USA: Alaska, Council; 64.84 N 163.71 W
SRR38838268	PRJNA1470159	SAMN60398096	North America	Peat/permafrost/tundra soil	Peat/permafrost soil	USA: Alaska, Council	64.84	-163.71		needs_metadata_or_OpenLandMap_confirmation	North America representative; Peat/permafrost/tundra soil	PRJNA1470159	USA: Alaska, Council		confirmed_lat_lon	not_selected_after_project_dedup:candidate	no	external_acidic_soil_project_reads	yes	yes	MIMARKS Survey related sample from soil metagenome; tundra ecosystem [ENVO:01001370]; active permafrost layer [ENVO:04000009]; soil [ENVO:00001998]; USA: Alaska, Council; 64.84 N 163.71 W
SRR38838269	PRJNA1470159	SAMN60398060	North America	Peat/permafrost/tundra soil	Peat/permafrost soil	USA: Alaska, Council	64.84	-163.71		needs_metadata_or_OpenLandMap_confirmation	North America representative; Peat/permafrost/tundra soil	PRJNA1470159	USA: Alaska, Council		confirmed_lat_lon	not_selected_after_project_dedup:candidate	no	external_acidic_soil_project_reads	yes	yes	MIMARKS Survey related sample from soil metagenome; tundra ecosystem [ENVO:01001370]; active permafrost layer [ENVO:04000009]; soil [ENVO:00001998]; USA: Alaska, Council; 64.84 N 163.71 W
SRR38838270	PRJNA1470159	SAMN60398095	North America	Peat/permafrost/tundra soil	Peat/permafrost soil	USA: Alaska, Council	64.84	-163.71		needs_metadata_or_OpenLandMap_confirmation	North America representative; Peat/permafrost/tundra soil	PRJNA1470159	USA: Alaska, Council		confirmed_lat_lon	not_selected_after_project_dedup:candidate	no	external_acidic_soil_project_reads	yes	yes	MIMARKS Survey related sample from soil metagenome; tundra ecosystem [ENVO:01001370]; active permafrost layer [ENVO:04000009]; soil [ENVO:00001998]; USA: Alaska, Council; 64.84 N 163.71 W
SRR38838271	PRJNA1470159	SAMN60398094	North America	Peat/permafrost/tundra soil	Peat/permafrost soil	USA: Alaska, Council	64.84	-163.71		needs_metadata_or_OpenLandMap_confirmation	North America representative; Peat/permafrost/tundra soil	PRJNA1470159	USA: Alaska, Council		confirmed_lat_lon	not_selected_after_project_dedup:candidate	no	external_acidic_soil_project_reads	yes	yes	MIMARKS Survey related sample from soil metagenome; tundra ecosystem [ENVO:01001370]; active permafrost layer [ENVO:04000009]; soil [ENVO:00001998]; USA: Alaska, Council; 64.84 N 163.71 W
SRR38838272	PRJNA1470159	SAMN60398093	North America	Peat/permafrost/tundra soil	Peat/permafrost soil	USA: Alaska, Council	64.84	-163.71		needs_metadata_or_OpenLandMap_confirmation	North America representative; Peat/permafrost/tundra soil	PRJNA1470159	USA: Alaska, Council		confirmed_lat_lon	not_selected_after_project_dedup:candidate	no	external_acidic_soil_project_reads	yes	yes	MIMARKS Survey related sample from soil metagenome; tundra ecosystem [ENVO:01001370]; active permafrost layer [ENVO:04000009]; soil [ENVO:00001998]; USA: Alaska, Council; 64.84 N 163.71 W
SRR38838273	PRJNA1470159	SAMN60398092	North America	Peat/permafrost/tundra soil	Peat/permafrost soil	USA: Alaska, Council	64.84	-163.71		needs_metadata_or_OpenLandMap_confirmation	North America representative; Peat/permafrost/tundra soil	PRJNA1470159	USA: Alaska, Council		confirmed_lat_lon	not_selected_after_project_dedup:candidate	no	external_acidic_soil_project_reads	yes	yes	MIMARKS Survey related sample from soil metagenome; tundra ecosystem [ENVO:01001370]; active permafrost layer [ENVO:04000009]; soil [ENVO:00001998]; USA: Alaska, Council; 64.84 N 163.71 W
SRR38838274	PRJNA1470159	SAMN60398091	North America	Peat/permafrost/tundra soil	Peat/permafrost soil	USA: Alaska, Council	64.84	-163.71		needs_metadata_or_OpenLandMap_confirmation	North America representative; Peat/permafrost/tundra soil	PRJNA1470159	USA: Alaska, Council		confirmed_lat_lon	not_selected_after_project_dedup:candidate	no	external_acidic_soil_project_reads	yes	yes	MIMARKS Survey related sample from soil metagenome; tundra ecosystem [ENVO:01001370]; active permafrost layer [ENVO:04000009]; soil [ENVO:00001998]; USA: Alaska, Council; 64.84 N 163.71 W
SRR38838275	PRJNA1470159	SAMN60398090	North America	Peat/permafrost/tundra soil	Peat/permafrost soil	USA: Alaska, Council	64.84	-163.71		needs_metadata_or_OpenLandMap_confirmation	North America representative; Peat/permafrost/tundra soil	PRJNA1470159	USA: Alaska, Council		confirmed_lat_lon	not_selected_after_project_dedup:candidate	no	external_acidic_soil_project_reads	yes	yes	MIMARKS Survey related sample from soil metagenome; tundra ecosystem [ENVO:01001370]; active permafrost layer [ENVO:04000009]; soil [ENVO:00001998]; USA: Alaska, Council; 64.84 N 163.71 W
SRR38838276	PRJNA1470159	SAMN60398089	North America	Peat/permafrost/tundra soil	Peat/permafrost soil	USA: Alaska, Council	64.84	-163.71		needs_metadata_or_OpenLandMap_confirmation	North America representative; Peat/permafrost/tundra soil	PRJNA1470159	USA: Alaska, Council		confirmed_lat_lon	not_selected_after_project_dedup:candidate	no	external_acidic_soil_project_reads	yes	yes	MIMARKS Survey related sample from soil metagenome; tundra ecosystem [ENVO:01001370]; active permafrost layer [ENVO:04000009]; soil [ENVO:00001998]; USA: Alaska, Council; 64.84 N 163.71 W
SRR38838277	PRJNA1470159	SAMN60398088	North America	Peat/permafrost/tundra soil	Peat/permafrost soil	USA: Alaska, Council	64.84	-163.71		needs_metadata_or_OpenLandMap_confirmation	North America representative; Peat/permafrost/tundra soil	PRJNA1470159	USA: Alaska, Council		confirmed_lat_lon	not_selected_after_project_dedup:candidate	no	external_acidic_soil_project_reads	yes	yes	MIMARKS Survey related sample from soil metagenome; tundra ecosystem [ENVO:01001370]; active permafrost layer [ENVO:04000009]; soil [ENVO:00001998]; USA: Alaska, Council; 64.84 N 163.71 W
SRR38838278	PRJNA1470159	SAMN60398087	North America	Peat/permafrost/tundra soil	Peat/permafrost soil	USA: Alaska, Council	64.84	-163.71		needs_metadata_or_OpenLandMap_confirmation	North America representative; Peat/permafrost/tundra soil	PRJNA1470159	USA: Alaska, Council		confirmed_lat_lon	not_selected_after_project_dedup:candidate	no	external_acidic_soil_project_reads	yes	yes	MIMARKS Survey related sample from soil metagenome; tundra ecosystem [ENVO:01001370]; active permafrost layer [ENVO:04000009]; soil [ENVO:00001998]; USA: Alaska, Council; 64.84 N 163.71 W
SRR38838279	PRJNA1470159	SAMN60398086	North America	Peat/permafrost/tundra soil	Peat/permafrost soil	USA: Alaska, Council	64.84	-163.71		needs_metadata_or_OpenLandMap_confirmation	North America representative; Peat/permafrost/tundra soil	PRJNA1470159	USA: Alaska, Council		confirmed_lat_lon	not_selected_after_project_dedup:candidate	no	external_acidic_soil_project_reads	yes	yes	MIMARKS Survey related sample from soil metagenome; tundra ecosystem [ENVO:01001370]; active permafrost layer [ENVO:04000009]; soil [ENVO:00001998]; USA: Alaska, Council; 64.84 N 163.71 W
SRR38838280	PRJNA1470159	SAMN60398059	North America	Peat/permafrost/tundra soil	Peat/permafrost soil	USA: Alaska, Council	64.84	-163.71		needs_metadata_or_OpenLandMap_confirmation	North America representative; Peat/permafrost/tundra soil	PRJNA1470159	USA: Alaska, Council		confirmed_lat_lon	not_selected_after_project_dedup:candidate	no	external_acidic_soil_project_reads	yes	yes	MIMARKS Survey related sample from soil metagenome; tundra ecosystem [ENVO:01001370]; active permafrost layer [ENVO:04000009]; soil [ENVO:00001998]; USA: Alaska, Council; 64.84 N 163.71 W
SRR38838281	PRJNA1470159	SAMN60398085	North America	Peat/permafrost/tundra soil	Peat/permafrost soil	USA: Alaska, Council	64.84	-163.71		needs_metadata_or_OpenLandMap_confirmation	North America representative; Peat/permafrost/tundra soil	PRJNA1470159	USA: Alaska, Council		confirmed_lat_lon	not_selected_after_project_dedup:candidate	no	external_acidic_soil_project_reads	yes	yes	MIMARKS Survey related sample from soil metagenome; tundra ecosystem [ENVO:01001370]; active permafrost layer [ENVO:04000009]; soil [ENVO:00001998]; USA: Alaska, Council; 64.84 N 163.71 W
SRR38838282	PRJNA1470159	SAMN60398084	North America	Peat/permafrost/tundra soil	Peat/permafrost soil	USA: Alaska, Council	64.84	-163.71		needs_metadata_or_OpenLandMap_confirmation	North America representative; Peat/permafrost/tundra soil	PRJNA1470159	USA: Alaska, Council		confirmed_lat_lon	not_selected_after_project_dedup:candidate	no	external_acidic_soil_project_reads	yes	yes	MIMARKS Survey related sample from soil metagenome; tundra ecosystem [ENVO:01001370]; active permafrost layer [ENVO:04000009]; soil [ENVO:00001998]; USA: Alaska, Council; 64.84 N 163.71 W
SRR38838283	PRJNA1470159	SAMN60398083	North America	Peat/permafrost/tundra soil	Peat/permafrost soil	USA: Alaska, Council	64.84	-163.71		needs_metadata_or_OpenLandMap_confirmation	North America representative; Peat/permafrost/tundra soil	PRJNA1470159	USA: Alaska, Council		confirmed_lat_lon	not_selected_after_project_dedup:candidate	no	external_acidic_soil_project_reads	yes	yes	MIMARKS Survey related sample from soil metagenome; tundra ecosystem [ENVO:01001370]; active permafrost layer [ENVO:04000009]; soil [ENVO:00001998]; USA: Alaska, Council; 64.84 N 163.71 W
SRR38838284	PRJNA1470159	SAMN60398082	North America	Peat/permafrost/tundra soil	Peat/permafrost soil	USA: Alaska, Council	64.84	-163.71		needs_metadata_or_OpenLandMap_confirmation	North America representative; Peat/permafrost/tundra soil	PRJNA1470159	USA: Alaska, Council		confirmed_lat_lon	not_selected_after_project_dedup:candidate	no	external_acidic_soil_project_reads	yes	yes	MIMARKS Survey related sample from soil metagenome; tundra ecosystem [ENVO:01001370]; active permafrost layer [ENVO:04000009]; soil [ENVO:00001998]; USA: Alaska, Council; 64.84 N 163.71 W
SRR38838285	PRJNA1470159	SAMN60398081	North America	Peat/permafrost/tundra soil	Peat/permafrost soil	USA: Alaska, Council	64.84	-163.71		needs_metadata_or_OpenLandMap_confirmation	North America representative; Peat/permafrost/tundra soil	PRJNA1470159	USA: Alaska, Council		confirmed_lat_lon	not_selected_after_project_dedup:candidate	no	external_acidic_soil_project_reads	yes	yes	MIMARKS Survey related sample from soil metagenome; tundra ecosystem [ENVO:01001370]; active permafrost layer [ENVO:04000009]; soil [ENVO:00001998]; USA: Alaska, Council; 64.84 N 163.71 W
SRR38838286	PRJNA1470159	SAMN60398080	North America	Peat/permafrost/tundra soil	Peat/permafrost soil	USA: Alaska, Council	64.84	-163.71		needs_metadata_or_OpenLandMap_confirmation	North America representative; Peat/permafrost/tundra soil	PRJNA1470159	USA: Alaska, Council		confirmed_lat_lon	not_selected_after_project_dedup:candidate	no	external_acidic_soil_project_reads	yes	yes	MIMARKS Survey related sample from soil metagenome; tundra ecosystem [ENVO:01001370]; active permafrost layer [ENVO:04000009]; soil [ENVO:00001998]; USA: Alaska, Council; 64.84 N 163.71 W
SRR38838287	PRJNA1470159	SAMN60398079	North America	Peat/permafrost/tundra soil	Peat/permafrost soil	USA: Alaska, Council	64.84	-163.71		needs_metadata_or_OpenLandMap_confirmation	North America representative; Peat/permafrost/tundra soil	PRJNA1470159	USA: Alaska, Council		confirmed_lat_lon	not_selected_after_project_dedup:candidate	no	external_acidic_soil_project_reads	yes	yes	MIMARKS Survey related sample from soil metagenome; tundra ecosystem [ENVO:01001370]; active permafrost layer [ENVO:04000009]; soil [ENVO:00001998]; USA: Alaska, Council; 64.84 N 163.71 W
SRR38838288	PRJNA1470159	SAMN60398078	North America	Peat/permafrost/tundra soil	Peat/permafrost soil	USA: Alaska, Council	64.84	-163.71		needs_metadata_or_OpenLandMap_confirmation	North America representative; Peat/permafrost/tundra soil	PRJNA1470159	USA: Alaska, Council		confirmed_lat_lon	not_selected_after_project_dedup:candidate	no	external_acidic_soil_project_reads	yes	yes	MIMARKS Survey related sample from soil metagenome; tundra ecosystem [ENVO:01001370]; active permafrost layer [ENVO:04000009]; soil [ENVO:00001998]; USA: Alaska, Council; 64.84 N 163.71 W
SRR38838289	PRJNA1470159	SAMN60398077	North America	Peat/permafrost/tundra soil	Peat/permafrost soil	USA: Alaska, Council	64.84	-163.71		needs_metadata_or_OpenLandMap_confirmation	North America representative; Peat/permafrost/tundra soil	PRJNA1470159	USA: Alaska, Council		confirmed_lat_lon	not_selected_after_project_dedup:candidate	no	external_acidic_soil_project_reads	yes	yes	MIMARKS Survey related sample from soil metagenome; tundra ecosystem [ENVO:01001370]; active permafrost layer [ENVO:04000009]; soil [ENVO:00001998]; USA: Alaska, Council; 64.84 N 163.71 W
SRR38838290	PRJNA1470159	SAMN60398076	North America	Peat/permafrost/tundra soil	Peat/permafrost soil	USA: Alaska, Council	64.84	-163.71		needs_metadata_or_OpenLandMap_confirmation	North America representative; Peat/permafrost/tundra soil	PRJNA1470159	USA: Alaska, Council		confirmed_lat_lon	not_selected_after_project_dedup:candidate	no	external_acidic_soil_project_reads	yes	yes	MIMARKS Survey related sample from soil metagenome; tundra ecosystem [ENVO:01001370]; active permafrost layer [ENVO:04000009]; soil [ENVO:00001998]; USA: Alaska, Council; 64.84 N 163.71 W
SRR38838291	PRJNA1470159	SAMN60398058	North America	Peat/permafrost/tundra soil	Peat/permafrost soil	USA: Alaska, Council	64.84	-163.71		needs_metadata_or_OpenLandMap_confirmation	North America representative; Peat/permafrost/tundra soil	PRJNA1470159	USA: Alaska, Council		confirmed_lat_lon	not_selected_after_project_dedup:candidate	no	external_acidic_soil_project_reads	yes	yes	MIMARKS Survey related sample from soil metagenome; tundra ecosystem [ENVO:01001370]; active permafrost layer [ENVO:04000009]; soil [ENVO:00001998]; USA: Alaska, Council; 64.84 N 163.71 W
SRR38838292	PRJNA1470159	SAMN60398075	North America	Peat/permafrost/tundra soil	Peat/permafrost soil	USA: Alaska, Council	64.84	-163.71		needs_metadata_or_OpenLandMap_confirmation	North America representative; Peat/permafrost/tundra soil	PRJNA1470159	USA: Alaska, Council		confirmed_lat_lon	not_selected_after_project_dedup:candidate	no	external_acidic_soil_project_reads	yes	yes	MIMARKS Survey related sample from soil metagenome; tundra ecosystem [ENVO:01001370]; active permafrost layer [ENVO:04000009]; soil [ENVO:00001998]; USA: Alaska, Council; 64.84 N 163.71 W
SRR38838293	PRJNA1470159	SAMN60398074	North America	Peat/permafrost/tundra soil	Peat/permafrost soil	USA: Alaska, Council	64.84	-163.71		needs_metadata_or_OpenLandMap_confirmation	North America representative; Peat/permafrost/tundra soil	PRJNA1470159	USA: Alaska, Council		confirmed_lat_lon	not_selected_after_project_dedup:candidate	no	external_acidic_soil_project_reads	yes	yes	MIMARKS Survey related sample from soil metagenome; tundra ecosystem [ENVO:01001370]; active permafrost layer [ENVO:04000009]; soil [ENVO:00001998]; USA: Alaska, Council; 64.84 N 163.71 W
SRR38838294	PRJNA1470159	SAMN60398073	North America	Peat/permafrost/tundra soil	Peat/permafrost soil	USA: Alaska, Council	64.84	-163.71		needs_metadata_or_OpenLandMap_confirmation	North America representative; Peat/permafrost/tundra soil	PRJNA1470159	USA: Alaska, Council		confirmed_lat_lon	not_selected_after_project_dedup:candidate	no	external_acidic_soil_project_reads	yes	yes	MIMARKS Survey related sample from soil metagenome; tundra ecosystem [ENVO:01001370]; active permafrost layer [ENVO:04000009]; soil [ENVO:00001998]; USA: Alaska, Council; 64.84 N 163.71 W
SRR38838295	PRJNA1470159	SAMN60398072	North America	Peat/permafrost/tundra soil	Peat/permafrost soil	USA: Alaska, Council	64.84	-163.71		needs_metadata_or_OpenLandMap_confirmation	North America representative; Peat/permafrost/tundra soil	PRJNA1470159	USA: Alaska, Council		confirmed_lat_lon	not_selected_after_project_dedup:candidate	no	external_acidic_soil_project_reads	yes	yes	MIMARKS Survey related sample from soil metagenome; tundra ecosystem [ENVO:01001370]; active permafrost layer [ENVO:04000009]; soil [ENVO:00001998]; USA: Alaska, Council; 64.84 N 163.71 W
SRR38838296	PRJNA1470159	SAMN60398071	North America	Peat/permafrost/tundra soil	Peat/permafrost soil	USA: Alaska, Council	64.84	-163.71		needs_metadata_or_OpenLandMap_confirmation	North America representative; Peat/permafrost/tundra soil	PRJNA1470159	USA: Alaska, Council		confirmed_lat_lon	not_selected_after_project_dedup:candidate	no	external_acidic_soil_project_reads	yes	yes	MIMARKS Survey related sample from soil metagenome; tundra ecosystem [ENVO:01001370]; active permafrost layer [ENVO:04000009]; soil [ENVO:00001998]; USA: Alaska, Council; 64.84 N 163.71 W
SRR38838297	PRJNA1470159	SAMN60398070	North America	Peat/permafrost/tundra soil	Peat/permafrost soil	USA: Alaska, Council	64.84	-163.71		needs_metadata_or_OpenLandMap_confirmation	North America representative; Peat/permafrost/tundra soil	PRJNA1470159	USA: Alaska, Council		confirmed_lat_lon	not_selected_after_project_dedup:candidate	no	external_acidic_soil_project_reads	yes	yes	MIMARKS Survey related sample from soil metagenome; tundra ecosystem [ENVO:01001370]; active permafrost layer [ENVO:04000009]; soil [ENVO:00001998]; USA: Alaska, Council; 64.84 N 163.71 W
SRR38838298	PRJNA1470159	SAMN60398193	North America	Peat/permafrost/tundra soil	Peat/permafrost soil	USA: Alaska, Council	64.84	-163.71		needs_metadata_or_OpenLandMap_confirmation	North America representative; Peat/permafrost/tundra soil	PRJNA1470159	USA: Alaska, Council		confirmed_lat_lon	not_selected_after_project_dedup:candidate	no	external_acidic_soil_project_reads	yes	yes	MIMARKS Survey related sample from soil metagenome; tundra ecosystem [ENVO:01001370]; active permafrost layer [ENVO:04000009]; soil [ENVO:00001998]; USA: Alaska, Council; 64.84 N 163.71 W
SRR38838299	PRJNA1470159	SAMN60398192	North America	Peat/permafrost/tundra soil	Peat/permafrost soil	USA: Alaska, Council	64.84	-163.71		needs_metadata_or_OpenLandMap_confirmation	North America representative; Peat/permafrost/tundra soil	PRJNA1470159	USA: Alaska, Council		confirmed_lat_lon	not_selected_after_project_dedup:candidate	no	external_acidic_soil_project_reads	yes	yes	MIMARKS Survey related sample from soil metagenome; tundra ecosystem [ENVO:01001370]; active permafrost layer [ENVO:04000009]; soil [ENVO:00001998]; USA: Alaska, Council; 64.84 N 163.71 W
SRR38838300	PRJNA1470159	SAMN60398191	North America	Peat/permafrost/tundra soil	Peat/permafrost soil	USA: Alaska, Council	64.84	-163.71		needs_metadata_or_OpenLandMap_confirmation	North America representative; Peat/permafrost/tundra soil	PRJNA1470159	USA: Alaska, Council		confirmed_lat_lon	not_selected_after_project_dedup:candidate	no	external_acidic_soil_project_reads	yes	yes	MIMARKS Survey related sample from soil metagenome; tundra ecosystem [ENVO:01001370]; active permafrost layer [ENVO:04000009]; soil [ENVO:00001998]; USA: Alaska, Council; 64.84 N 163.71 W
SRR38838301	PRJNA1470159	SAMN60398190	North America	Peat/permafrost/tundra soil	Peat/permafrost soil	USA: Alaska, Council	64.84	-163.71		needs_metadata_or_OpenLandMap_confirmation	North America representative; Peat/permafrost/tundra soil	PRJNA1470159	USA: Alaska, Council		confirmed_lat_lon	not_selected_after_project_dedup:candidate	no	external_acidic_soil_project_reads	yes	yes	MIMARKS Survey related sample from soil metagenome; tundra ecosystem [ENVO:01001370]; active permafrost layer [ENVO:04000009]; soil [ENVO:00001998]; USA: Alaska, Council; 64.84 N 163.71 W
SRR38838302	PRJNA1470159	SAMN60398189	North America	Peat/permafrost/tundra soil	Peat/permafrost soil	USA: Alaska, Council	64.84	-163.71		needs_metadata_or_OpenLandMap_confirmation	North America representative; Peat/permafrost/tundra soil	PRJNA1470159	USA: Alaska, Council		confirmed_lat_lon	not_selected_after_project_dedup:candidate	no	external_acidic_soil_project_reads	yes	yes	MIMARKS Survey related sample from soil metagenome; tundra ecosystem [ENVO:01001370]; active permafrost layer [ENVO:04000009]; soil [ENVO:00001998]; USA: Alaska, Council; 64.84 N 163.71 W
SRR38838303	PRJNA1470159	SAMN60398188	North America	Peat/permafrost/tundra soil	Peat/permafrost soil	USA: Alaska, Council	64.84	-163.71		needs_metadata_or_OpenLandMap_confirmation	North America representative; Peat/permafrost/tundra soil	PRJNA1470159	USA: Alaska, Council		confirmed_lat_lon	not_selected_after_project_dedup:candidate	no	external_acidic_soil_project_reads	yes	yes	MIMARKS Survey related sample from soil metagenome; tundra ecosystem [ENVO:01001370]; active permafrost layer [ENVO:04000009]; soil [ENVO:00001998]; USA: Alaska, Council; 64.84 N 163.71 W
SRR38838304	PRJNA1470159	SAMN60398187	North America	Peat/permafrost/tundra soil	Peat/permafrost soil	USA: Alaska, Council	64.84	-163.71		needs_metadata_or_OpenLandMap_confirmation	North America representative; Peat/permafrost/tundra soil	PRJNA1470159	USA: Alaska, Council		confirmed_lat_lon	not_selected_after_project_dedup:candidate	no	external_acidic_soil_project_reads	yes	yes	MIMARKS Survey related sample from soil metagenome; tundra ecosystem [ENVO:01001370]; active permafrost layer [ENVO:04000009]; soil [ENVO:00001998]; USA: Alaska, Council; 64.84 N 163.71 W
SRR38838305	PRJNA1470159	SAMN60398186	North America	Peat/permafrost/tundra soil	Peat/permafrost soil	USA: Alaska, Council	64.84	-163.71		needs_metadata_or_OpenLandMap_confirmation	North America representative; Peat/permafrost/tundra soil	PRJNA1470159	USA: Alaska, Council		confirmed_lat_lon	not_selected_after_project_dedup:candidate	no	external_acidic_soil_project_reads	yes	yes	MIMARKS Survey related sample from soil metagenome; tundra ecosystem [ENVO:01001370]; active permafrost layer [ENVO:04000009]; soil [ENVO:00001998]; USA: Alaska, Council; 64.84 N 163.71 W
SRR38838306	PRJNA1470159	SAMN60398155	North America	Peat/permafrost/tundra soil	Peat/permafrost soil	USA: Alaska, Council	64.84	-163.71		needs_metadata_or_OpenLandMap_confirmation	North America representative; Peat/permafrost/tundra soil	PRJNA1470159	USA: Alaska, Council		confirmed_lat_lon	not_selected_after_project_dedup:candidate	no	external_acidic_soil_project_reads	yes	yes	MIMARKS Survey related sample from soil metagenome; tundra ecosystem [ENVO:01001370]; active permafrost layer [ENVO:04000009]; soil [ENVO:00001998]; USA: Alaska, Council; 64.84 N 163.71 W
SRR38838307	PRJNA1470159	SAMN60398154	North America	Peat/permafrost/tundra soil	Peat/permafrost soil	USA: Alaska, Council	64.84	-163.71		needs_metadata_or_OpenLandMap_confirmation	North America representative; Peat/permafrost/tundra soil	PRJNA1470159	USA: Alaska, Council		confirmed_lat_lon	not_selected_after_project_dedup:candidate	no	external_acidic_soil_project_reads	yes	yes	MIMARKS Survey related sample from soil metagenome; tundra ecosystem [ENVO:01001370]; active permafrost layer [ENVO:04000009]; soil [ENVO:00001998]; USA: Alaska, Council; 64.84 N 163.71 W
SRR38838308	PRJNA1470159	SAMN60398153	North America	Peat/permafrost/tundra soil	Peat/permafrost soil	USA: Alaska, Council	64.84	-163.71		needs_metadata_or_OpenLandMap_confirmation	North America representative; Peat/permafrost/tundra soil	PRJNA1470159	USA: Alaska, Council		confirmed_lat_lon	not_selected_after_project_dedup:candidate	no	external_acidic_soil_project_reads	yes	yes	MIMARKS Survey related sample from soil metagenome; tundra ecosystem [ENVO:01001370]; active permafrost layer [ENVO:04000009]; soil [ENVO:00001998]; USA: Alaska, Council; 64.84 N 163.71 W
SRR38838309	PRJNA1470159	SAMN60398152	North America	Peat/permafrost/tundra soil	Peat/permafrost soil	USA: Alaska, Council	64.84	-163.71		needs_metadata_or_OpenLandMap_confirmation	North America representative; Peat/permafrost/tundra soil	PRJNA1470159	USA: Alaska, Council		confirmed_lat_lon	not_selected_after_project_dedup:candidate	no	external_acidic_soil_project_reads	yes	yes	MIMARKS Survey related sample from soil metagenome; tundra ecosystem [ENVO:01001370]; active permafrost layer [ENVO:04000009]; soil [ENVO:00001998]; USA: Alaska, Council; 64.84 N 163.71 W
SRR38838310	PRJNA1470159	SAMN60398151	North America	Peat/permafrost/tundra soil	Peat/permafrost soil	USA: Alaska, Council	64.84	-163.71		needs_metadata_or_OpenLandMap_confirmation	North America representative; Peat/permafrost/tundra soil	PRJNA1470159	USA: Alaska, Council		confirmed_lat_lon	not_selected_after_project_dedup:candidate	no	external_acidic_soil_project_reads	yes	yes	MIMARKS Survey related sample from soil metagenome; tundra ecosystem [ENVO:01001370]; active permafrost layer [ENVO:04000009]; soil [ENVO:00001998]; USA: Alaska, Council; 64.84 N 163.71 W
SRR38838311	PRJNA1470159	SAMN60398150	North America	Peat/permafrost/tundra soil	Peat/permafrost soil	USA: Alaska, Council	64.84	-163.71		needs_metadata_or_OpenLandMap_confirmation	North America representative; Peat/permafrost/tundra soil	PRJNA1470159	USA: Alaska, Council		confirmed_lat_lon	not_selected_after_project_dedup:candidate	no	external_acidic_soil_project_reads	yes	yes	MIMARKS Survey related sample from soil metagenome; tundra ecosystem [ENVO:01001370]; active permafrost layer [ENVO:04000009]; soil [ENVO:00001998]; USA: Alaska, Council; 64.84 N 163.71 W
SRR38838312	PRJNA1470159	SAMN60398069	North America	Peat/permafrost/tundra soil	Peat/permafrost soil	USA: Alaska, Council	64.84	-163.71		needs_metadata_or_OpenLandMap_confirmation	North America representative; Peat/permafrost/tundra soil	PRJNA1470159	USA: Alaska, Council		confirmed_lat_lon	not_selected_after_project_dedup:candidate	no	external_acidic_soil_project_reads	yes	yes	MIMARKS Survey related sample from soil metagenome; tundra ecosystem [ENVO:01001370]; active permafrost layer [ENVO:04000009]; soil [ENVO:00001998]; USA: Alaska, Council; 64.84 N 163.71 W
SRR38838313	PRJNA1470159	SAMN60398185	North America	Peat/permafrost/tundra soil	Peat/permafrost soil	USA: Alaska, Council	64.84	-163.71		needs_metadata_or_OpenLandMap_confirmation	North America representative; Peat/permafrost/tundra soil	PRJNA1470159	USA: Alaska, Council		confirmed_lat_lon	not_selected_after_project_dedup:candidate	no	external_acidic_soil_project_reads	yes	yes	MIMARKS Survey related sample from soil metagenome; tundra ecosystem [ENVO:01001370]; active permafrost layer [ENVO:04000009]; soil [ENVO:00001998]; USA: Alaska, Council; 64.84 N 163.71 W
SRR38838314	PRJNA1470159	SAMN60398184	North America	Peat/permafrost/tundra soil	Peat/permafrost soil	USA: Alaska, Council	64.84	-163.71		needs_metadata_or_OpenLandMap_confirmation	North America representative; Peat/permafrost/tundra soil	PRJNA1470159	USA: Alaska, Council		confirmed_lat_lon	not_selected_after_project_dedup:candidate	no	external_acidic_soil_project_reads	yes	yes	MIMARKS Survey related sample from soil metagenome; tundra ecosystem [ENVO:01001370]; active permafrost layer [ENVO:04000009]; soil [ENVO:00001998]; USA: Alaska, Council; 64.84 N 163.71 W
SRR38838315	PRJNA1470159	SAMN60398183	North America	Peat/permafrost/tundra soil	Peat/permafrost soil	USA: Alaska, Council	64.84	-163.71		needs_metadata_or_OpenLandMap_confirmation	North America representative; Peat/permafrost/tundra soil	PRJNA1470159	USA: Alaska, Council		confirmed_lat_lon	not_selected_after_project_dedup:candidate	no	external_acidic_soil_project_reads	yes	yes	MIMARKS Survey related sample from soil metagenome; tundra ecosystem [ENVO:01001370]; active permafrost layer [ENVO:04000009]; soil [ENVO:00001998]; USA: Alaska, Council; 64.84 N 163.71 W
SRR38838316	PRJNA1470159	SAMN60398182	North America	Peat/permafrost/tundra soil	Peat/permafrost soil	USA: Alaska, Council	64.84	-163.71		needs_metadata_or_OpenLandMap_confirmation	North America representative; Peat/permafrost/tundra soil	PRJNA1470159	USA: Alaska, Council		confirmed_lat_lon	not_selected_after_project_dedup:candidate	no	external_acidic_soil_project_reads	yes	yes	MIMARKS Survey related sample from soil metagenome; tundra ecosystem [ENVO:01001370]; active permafrost layer [ENVO:04000009]; soil [ENVO:00001998]; USA: Alaska, Council; 64.84 N 163.71 W
SRR38838317	PRJNA1470159	SAMN60398181	North America	Peat/permafrost/tundra soil	Peat/permafrost soil	USA: Alaska, Council	64.84	-163.71		needs_metadata_or_OpenLandMap_confirmation	North America representative; Peat/permafrost/tundra soil	PRJNA1470159	USA: Alaska, Council		confirmed_lat_lon	not_selected_after_project_dedup:candidate	no	external_acidic_soil_project_reads	yes	yes	MIMARKS Survey related sample from soil metagenome; tundra ecosystem [ENVO:01001370]; active permafrost layer [ENVO:04000009]; soil [ENVO:00001998]; USA: Alaska, Council; 64.84 N 163.71 W
SRR38838318	PRJNA1470159	SAMN60398180	North America	Peat/permafrost/tundra soil	Peat/permafrost soil	USA: Alaska, Council	64.84	-163.71		needs_metadata_or_OpenLandMap_confirmation	North America representative; Peat/permafrost/tundra soil	PRJNA1470159	USA: Alaska, Council		confirmed_lat_lon	not_selected_after_project_dedup:candidate	no	external_acidic_soil_project_reads	yes	yes	MIMARKS Survey related sample from soil metagenome; tundra ecosystem [ENVO:01001370]; active permafrost layer [ENVO:04000009]; soil [ENVO:00001998]; USA: Alaska, Council; 64.84 N 163.71 W
SRR38838319	PRJNA1470159	SAMN60398179	North America	Peat/permafrost/tundra soil	Peat/permafrost soil	USA: Alaska, Council	64.84	-163.71		needs_metadata_or_OpenLandMap_confirmation	North America representative; Peat/permafrost/tundra soil	PRJNA1470159	USA: Alaska, Council		confirmed_lat_lon	not_selected_after_project_dedup:candidate	no	external_acidic_soil_project_reads	yes	yes	MIMARKS Survey related sample from soil metagenome; tundra ecosystem [ENVO:01001370]; active permafrost layer [ENVO:04000009]; soil [ENVO:00001998]; USA: Alaska, Council; 64.84 N 163.71 W
SRR38838320	PRJNA1470159	SAMN60398178	North America	Peat/permafrost/tundra soil	Peat/permafrost soil	USA: Alaska, Council	64.84	-163.71		needs_metadata_or_OpenLandMap_confirmation	North America representative; Peat/permafrost/tundra soil	PRJNA1470159	USA: Alaska, Council		confirmed_lat_lon	not_selected_after_project_dedup:candidate	no	external_acidic_soil_project_reads	yes	yes	MIMARKS Survey related sample from soil metagenome; tundra ecosystem [ENVO:01001370]; active permafrost layer [ENVO:04000009]; soil [ENVO:00001998]; USA: Alaska, Council; 64.84 N 163.71 W
SRR38838321	PRJNA1470159	SAMN60398177	North America	Peat/permafrost/tundra soil	Peat/permafrost soil	USA: Alaska, Council	64.84	-163.71		needs_metadata_or_OpenLandMap_confirmation	North America representative; Peat/permafrost/tundra soil	PRJNA1470159	USA: Alaska, Council		confirmed_lat_lon	not_selected_after_project_dedup:candidate	no	external_acidic_soil_project_reads	yes	yes	MIMARKS Survey related sample from soil metagenome; tundra ecosystem [ENVO:01001370]; active permafrost layer [ENVO:04000009]; soil [ENVO:00001998]; USA: Alaska, Council; 64.84 N 163.71 W
SRR38838322	PRJNA1470159	SAMN60398176	North America	Peat/permafrost/tundra soil	Peat/permafrost soil	USA: Alaska, Council	64.84	-163.71		needs_metadata_or_OpenLandMap_confirmation	North America representative; Peat/permafrost/tundra soil	PRJNA1470159	USA: Alaska, Council		confirmed_lat_lon	not_selected_after_project_dedup:candidate	no	external_acidic_soil_project_reads	yes	yes	MIMARKS Survey related sample from soil metagenome; tundra ecosystem [ENVO:01001370]; active permafrost layer [ENVO:04000009]; soil [ENVO:00001998]; USA: Alaska, Council; 64.84 N 163.71 W
SRR38838323	PRJNA1470159	SAMN60398068	North America	Peat/permafrost/tundra soil	Peat/permafrost soil	USA: Alaska, Council	64.84	-163.71		needs_metadata_or_OpenLandMap_confirmation	North America representative; Peat/permafrost/tundra soil	PRJNA1470159	USA: Alaska, Council		confirmed_lat_lon	not_selected_after_project_dedup:candidate	no	external_acidic_soil_project_reads	yes	yes	MIMARKS Survey related sample from soil metagenome; tundra ecosystem [ENVO:01001370]; active permafrost layer [ENVO:04000009]; soil [ENVO:00001998]; USA: Alaska, Council; 64.84 N 163.71 W
SRR38838324	PRJNA1470159	SAMN60398175	North America	Peat/permafrost/tundra soil	Peat/permafrost soil	USA: Alaska, Council	64.84	-163.71		needs_metadata_or_OpenLandMap_confirmation	North America representative; Peat/permafrost/tundra soil	PRJNA1470159	USA: Alaska, Council		confirmed_lat_lon	not_selected_after_project_dedup:candidate	no	external_acidic_soil_project_reads	yes	yes	MIMARKS Survey related sample from soil metagenome; tundra ecosystem [ENVO:01001370]; active permafrost layer [ENVO:04000009]; soil [ENVO:00001998]; USA: Alaska, Council; 64.84 N 163.71 W
SRR38838325	PRJNA1470159	SAMN60398174	North America	Peat/permafrost/tundra soil	Peat/permafrost soil	USA: Alaska, Council	64.84	-163.71		needs_metadata_or_OpenLandMap_confirmation	North America representative; Peat/permafrost/tundra soil	PRJNA1470159	USA: Alaska, Council		confirmed_lat_lon	not_selected_after_project_dedup:candidate	no	external_acidic_soil_project_reads	yes	yes	MIMARKS Survey related sample from soil metagenome; tundra ecosystem [ENVO:01001370]; active permafrost layer [ENVO:04000009]; soil [ENVO:00001998]; USA: Alaska, Council; 64.84 N 163.71 W
SRR38838326	PRJNA1470159	SAMN60398173	North America	Peat/permafrost/tundra soil	Peat/permafrost soil	USA: Alaska, Council	64.84	-163.71		needs_metadata_or_OpenLandMap_confirmation	North America representative; Peat/permafrost/tundra soil	PRJNA1470159	USA: Alaska, Council		confirmed_lat_lon	not_selected_after_project_dedup:candidate	no	external_acidic_soil_project_reads	yes	yes	MIMARKS Survey related sample from soil metagenome; tundra ecosystem [ENVO:01001370]; active permafrost layer [ENVO:04000009]; soil [ENVO:00001998]; USA: Alaska, Council; 64.84 N 163.71 W
SRR38838327	PRJNA1470159	SAMN60398172	North America	Peat/permafrost/tundra soil	Peat/permafrost soil	USA: Alaska, Council	64.84	-163.71		needs_metadata_or_OpenLandMap_confirmation	North America representative; Peat/permafrost/tundra soil	PRJNA1470159	USA: Alaska, Council		confirmed_lat_lon	not_selected_after_project_dedup:candidate	no	external_acidic_soil_project_reads	yes	yes	MIMARKS Survey related sample from soil metagenome; tundra ecosystem [ENVO:01001370]; active permafrost layer [ENVO:04000009]; soil [ENVO:00001998]; USA: Alaska, Council; 64.84 N 163.71 W
SRR38838328	PRJNA1470159	SAMN60398171	North America	Peat/permafrost/tundra soil	Peat/permafrost soil	USA: Alaska, Council	64.84	-163.71		needs_metadata_or_OpenLandMap_confirmation	North America representative; Peat/permafrost/tundra soil	PRJNA1470159	USA: Alaska, Council		confirmed_lat_lon	not_selected_after_project_dedup:candidate	no	external_acidic_soil_project_reads	yes	yes	MIMARKS Survey related sample from soil metagenome; tundra ecosystem [ENVO:01001370]; active permafrost layer [ENVO:04000009]; soil [ENVO:00001998]; USA: Alaska, Council; 64.84 N 163.71 W
SRR38838329	PRJNA1470159	SAMN60398170	North America	Peat/permafrost/tundra soil	Peat/permafrost soil	USA: Alaska, Council	64.84	-163.71		needs_metadata_or_OpenLandMap_confirmation	North America representative; Peat/permafrost/tundra soil	PRJNA1470159	USA: Alaska, Council		confirmed_lat_lon	not_selected_after_project_dedup:candidate	no	external_acidic_soil_project_reads	yes	yes	MIMARKS Survey related sample from soil metagenome; tundra ecosystem [ENVO:01001370]; active permafrost layer [ENVO:04000009]; soil [ENVO:00001998]; USA: Alaska, Council; 64.84 N 163.71 W
SRR38838330	PRJNA1470159	SAMN60398169	North America	Peat/permafrost/tundra soil	Peat/permafrost soil	USA: Alaska, Council	64.84	-163.71		needs_metadata_or_OpenLandMap_confirmation	North America representative; Peat/permafrost/tundra soil	PRJNA1470159	USA: Alaska, Council		confirmed_lat_lon	not_selected_after_project_dedup:candidate	no	external_acidic_soil_project_reads	yes	yes	MIMARKS Survey related sample from soil metagenome; tundra ecosystem [ENVO:01001370]; active permafrost layer [ENVO:04000009]; soil [ENVO:00001998]; USA: Alaska, Council; 64.84 N 163.71 W
SRR38838331	PRJNA1470159	SAMN60398168	North America	Peat/permafrost/tundra soil	Peat/permafrost soil	USA: Alaska, Council	64.84	-163.71		needs_metadata_or_OpenLandMap_confirmation	North America representative; Peat/permafrost/tundra soil	PRJNA1470159	USA: Alaska, Council		confirmed_lat_lon	not_selected_after_project_dedup:candidate	no	external_acidic_soil_project_reads	yes	yes	MIMARKS Survey related sample from soil metagenome; tundra ecosystem [ENVO:01001370]; active permafrost layer [ENVO:04000009]; soil [ENVO:00001998]; USA: Alaska, Council; 64.84 N 163.71 W
SRR38838332	PRJNA1470159	SAMN60398167	North America	Peat/permafrost/tundra soil	Peat/permafrost soil	USA: Alaska, Council	64.84	-163.71		needs_metadata_or_OpenLandMap_confirmation	North America representative; Peat/permafrost/tundra soil	PRJNA1470159	USA: Alaska, Council		confirmed_lat_lon	not_selected_after_project_dedup:candidate	no	external_acidic_soil_project_reads	yes	yes	MIMARKS Survey related sample from soil metagenome; tundra ecosystem [ENVO:01001370]; active permafrost layer [ENVO:04000009]; soil [ENVO:00001998]; USA: Alaska, Council; 64.84 N 163.71 W
SRR38838333	PRJNA1470159	SAMN60398166	North America	Peat/permafrost/tundra soil	Peat/permafrost soil	USA: Alaska, Council	64.84	-163.71		needs_metadata_or_OpenLandMap_confirmation	North America representative; Peat/permafrost/tundra soil	PRJNA1470159	USA: Alaska, Council		confirmed_lat_lon	not_selected_after_project_dedup:candidate	no	external_acidic_soil_project_reads	yes	yes	MIMARKS Survey related sample from soil metagenome; tundra ecosystem [ENVO:01001370]; active permafrost layer [ENVO:04000009]; soil [ENVO:00001998]; USA: Alaska, Council; 64.84 N 163.71 W
SRR38838334	PRJNA1470159	SAMN60398067	North America	Peat/permafrost/tundra soil	Peat/permafrost soil	USA: Alaska, Council	64.84	-163.71		needs_metadata_or_OpenLandMap_confirmation	North America representative; Peat/permafrost/tundra soil	PRJNA1470159	USA: Alaska, Council		confirmed_lat_lon	not_selected_after_project_dedup:candidate	no	external_acidic_soil_project_reads	yes	yes	MIMARKS Survey related sample from soil metagenome; tundra ecosystem [ENVO:01001370]; active permafrost layer [ENVO:04000009]; soil [ENVO:00001998]; USA: Alaska, Council; 64.84 N 163.71 W
SRR38838335	PRJNA1470159	SAMN60398165	North America	Peat/permafrost/tundra soil	Peat/permafrost soil	USA: Alaska, Council	64.84	-163.71		needs_metadata_or_OpenLandMap_confirmation	North America representative; Peat/permafrost/tundra soil	PRJNA1470159	USA: Alaska, Council		confirmed_lat_lon	not_selected_after_project_dedup:candidate	no	external_acidic_soil_project_reads	yes	yes	MIMARKS Survey related sample from soil metagenome; tundra ecosystem [ENVO:01001370]; active permafrost layer [ENVO:04000009]; soil [ENVO:00001998]; USA: Alaska, Council; 64.84 N 163.71 W
SRR38838336	PRJNA1470159	SAMN60398164	North America	Peat/permafrost/tundra soil	Peat/permafrost soil	USA: Alaska, Council	64.84	-163.71		needs_metadata_or_OpenLandMap_confirmation	North America representative; Peat/permafrost/tundra soil	PRJNA1470159	USA: Alaska, Council		confirmed_lat_lon	not_selected_after_project_dedup:candidate	no	external_acidic_soil_project_reads	yes	yes	MIMARKS Survey related sample from soil metagenome; tundra ecosystem [ENVO:01001370]; active permafrost layer [ENVO:04000009]; soil [ENVO:00001998]; USA: Alaska, Council; 64.84 N 163.71 W
SRR38838337	PRJNA1470159	SAMN60398163	North America	Peat/permafrost/tundra soil	Peat/permafrost soil	USA: Alaska, Council	64.84	-163.71		needs_metadata_or_OpenLandMap_confirmation	North America representative; Peat/permafrost/tundra soil	PRJNA1470159	USA: Alaska, Council		confirmed_lat_lon	not_selected_after_project_dedup:candidate	no	external_acidic_soil_project_reads	yes	yes	MIMARKS Survey related sample from soil metagenome; tundra ecosystem [ENVO:01001370]; active permafrost layer [ENVO:04000009]; soil [ENVO:00001998]; USA: Alaska, Council; 64.84 N 163.71 W
SRR38838338	PRJNA1470159	SAMN60398162	North America	Peat/permafrost/tundra soil	Peat/permafrost soil	USA: Alaska, Council	64.84	-163.71		needs_metadata_or_OpenLandMap_confirmation	North America representative; Peat/permafrost/tundra soil	PRJNA1470159	USA: Alaska, Council		confirmed_lat_lon	not_selected_after_project_dedup:candidate	no	external_acidic_soil_project_reads	yes	yes	MIMARKS Survey related sample from soil metagenome; tundra ecosystem [ENVO:01001370]; active permafrost layer [ENVO:04000009]; soil [ENVO:00001998]; USA: Alaska, Council; 64.84 N 163.71 W
SRR38838339	PRJNA1470159	SAMN60398161	North America	Peat/permafrost/tundra soil	Peat/permafrost soil	USA: Alaska, Council	64.84	-163.71		needs_metadata_or_OpenLandMap_confirmation	North America representative; Peat/permafrost/tundra soil	PRJNA1470159	USA: Alaska, Council		confirmed_lat_lon	not_selected_after_project_dedup:candidate	no	external_acidic_soil_project_reads	yes	yes	MIMARKS Survey related sample from soil metagenome; tundra ecosystem [ENVO:01001370]; active permafrost layer [ENVO:04000009]; soil [ENVO:00001998]; USA: Alaska, Council; 64.84 N 163.71 W
SRR38838340	PRJNA1470159	SAMN60398160	North America	Peat/permafrost/tundra soil	Peat/permafrost soil	USA: Alaska, Council	64.84	-163.71		needs_metadata_or_OpenLandMap_confirmation	North America representative; Peat/permafrost/tundra soil	PRJNA1470159	USA: Alaska, Council		confirmed_lat_lon	not_selected_after_project_dedup:candidate	no	external_acidic_soil_project_reads	yes	yes	MIMARKS Survey related sample from soil metagenome; tundra ecosystem [ENVO:01001370]; active permafrost layer [ENVO:04000009]; soil [ENVO:00001998]; USA: Alaska, Council; 64.84 N 163.71 W
SRR38838341	PRJNA1470159	SAMN60398159	North America	Peat/permafrost/tundra soil	Peat/permafrost soil	USA: Alaska, Council	64.84	-163.71		needs_metadata_or_OpenLandMap_confirmation	North America representative; Peat/permafrost/tundra soil	PRJNA1470159	USA: Alaska, Council		confirmed_lat_lon	not_selected_after_project_dedup:candidate	no	external_acidic_soil_project_reads	yes	yes	MIMARKS Survey related sample from soil metagenome; tundra ecosystem [ENVO:01001370]; active permafrost layer [ENVO:04000009]; soil [ENVO:00001998]; USA: Alaska, Council; 64.84 N 163.71 W
SRR38838342	PRJNA1470159	SAMN60398158	North America	Peat/permafrost/tundra soil	Peat/permafrost soil	USA: Alaska, Council	64.84	-163.71		needs_metadata_or_OpenLandMap_confirmation	North America representative; Peat/permafrost/tundra soil	PRJNA1470159	USA: Alaska, Council		confirmed_lat_lon	not_selected_after_project_dedup:candidate	no	external_acidic_soil_project_reads	yes	yes	MIMARKS Survey related sample from soil metagenome; tundra ecosystem [ENVO:01001370]; active permafrost layer [ENVO:04000009]; soil [ENVO:00001998]; USA: Alaska, Council; 64.84 N 163.71 W
SRR38838343	PRJNA1470159	SAMN60398157	North America	Peat/permafrost/tundra soil	Peat/permafrost soil	USA: Alaska, Council	64.84	-163.71		needs_metadata_or_OpenLandMap_confirmation	North America representative; Peat/permafrost/tundra soil	PRJNA1470159	USA: Alaska, Council		confirmed_lat_lon	not_selected_after_project_dedup:candidate	no	external_acidic_soil_project_reads	yes	yes	MIMARKS Survey related sample from soil metagenome; tundra ecosystem [ENVO:01001370]; active permafrost layer [ENVO:04000009]; soil [ENVO:00001998]; USA: Alaska, Council; 64.84 N 163.71 W
SRR38838344	PRJNA1470159	SAMN60398156	North America	Peat/permafrost/tundra soil	Peat/permafrost soil	USA: Alaska, Council	64.84	-163.71		needs_metadata_or_OpenLandMap_confirmation	North America representative; Peat/permafrost/tundra soil	PRJNA1470159	USA: Alaska, Council		confirmed_lat_lon	not_selected_after_project_dedup:candidate	no	external_acidic_soil_project_reads	yes	yes	MIMARKS Survey related sample from soil metagenome; tundra ecosystem [ENVO:01001370]; active permafrost layer [ENVO:04000009]; soil [ENVO:00001998]; USA: Alaska, Council; 64.84 N 163.71 W
SRR38838345	PRJNA1470159	SAMN60398066	North America	Peat/permafrost/tundra soil	Peat/permafrost soil	USA: Alaska, Council	64.84	-163.71		needs_metadata_or_OpenLandMap_confirmation	North America representative; Peat/permafrost/tundra soil	PRJNA1470159	USA: Alaska, Council		confirmed_lat_lon	not_selected_after_project_dedup:candidate	no	external_acidic_soil_project_reads	yes	yes	MIMARKS Survey related sample from soil metagenome; tundra ecosystem [ENVO:01001370]; active permafrost layer [ENVO:04000009]; soil [ENVO:00001998]; USA: Alaska, Council; 64.84 N 163.71 W
SRR38838346	PRJNA1470159	SAMN60398057	North America	Peat/permafrost/tundra soil	Peat/permafrost soil	USA: Alaska, Council	64.84	-163.71		needs_metadata_or_OpenLandMap_confirmation	North America representative; Peat/permafrost/tundra soil	PRJNA1470159	USA: Alaska, Council		confirmed_lat_lon	not_selected_after_project_dedup:candidate	no	external_acidic_soil_project_reads	yes	yes	MIMARKS Survey related sample from soil metagenome; tundra ecosystem [ENVO:01001370]; active permafrost layer [ENVO:04000009]; soil [ENVO:00001998]; USA: Alaska, Council; 64.84 N 163.71 W
SRR38755009	PRJNA1468262	SAMN60277012	North America	Peat/permafrost/tundra soil	Peat/permafrost soil	USA: Alaska Toolik	68.6239	-149.5835		needs_metadata_or_OpenLandMap_confirmation	North America representative; Peat/permafrost/tundra soil	PRJNA1468262	USA: Alaska Toolik		confirmed_lat_lon	not_selected_after_project_dedup:candidate	no	external_acidic_soil_project_reads	yes	yes	D3H1P1R3; Alaska Arctic Tundra; Dry Heath Tundra; soil: active layer/permafrost; USA: Alaska Toolik; 68.6239 N 149.5835 W
SRR38755010	PRJNA1468262	SAMN60277011	North America	Peat/permafrost/tundra soil	Peat/permafrost soil	USA: Alaska Toolik	68.6239	-149.5835		needs_metadata_or_OpenLandMap_confirmation	North America representative; Peat/permafrost/tundra soil	PRJNA1468262	USA: Alaska Toolik		confirmed_lat_lon	not_selected_after_project_dedup:candidate	no	external_acidic_soil_project_reads	yes	yes	D3H1P1R2; Alaska Arctic Tundra; Dry Heath Tundra; soil: active layer/permafrost; USA: Alaska Toolik; 68.6239 N 149.5835 W
SRR38755011	PRJNA1468262	SAMN60277010	North America	Peat/permafrost/tundra soil	Peat/permafrost soil	USA: Alaska Toolik	68.6239	-149.5835		needs_metadata_or_OpenLandMap_confirmation	North America representative; Peat/permafrost/tundra soil	PRJNA1468262	USA: Alaska Toolik		confirmed_lat_lon	not_selected_after_project_dedup:candidate	no	external_acidic_soil_project_reads	yes	yes	D3H1P1R1; Alaska Arctic Tundra; Dry Heath Tundra; soil: active layer/permafrost; USA: Alaska Toolik; 68.6239 N 149.5835 W
SRR38755012	PRJNA1468262	SAMN60277008	North America	Peat/permafrost/tundra soil	Peat/permafrost soil	USA: Alaska Toolik	68.6239	-149.5835		needs_metadata_or_OpenLandMap_confirmation	North America representative; Peat/permafrost/tundra soil	PRJNA1468262	USA: Alaska Toolik		confirmed_lat_lon	not_selected_after_project_dedup:candidate	no	external_acidic_soil_project_reads	yes	yes	D2H1P2R2; Alaska Arctic Tundra; Dry Heath Tundra; soil: active layer/permafrost; USA: Alaska Toolik; 68.6239 N 149.5835 W
SRR38755013	PRJNA1468262	SAMN60277007	North America	Peat/permafrost/tundra soil	Peat/permafrost soil	USA: Alaska Toolik	68.6239	-149.5835		needs_metadata_or_OpenLandMap_confirmation	North America representative; Peat/permafrost/tundra soil	PRJNA1468262	USA: Alaska Toolik		confirmed_lat_lon	not_selected_after_project_dedup:candidate	no	external_acidic_soil_project_reads	yes	yes	D2H1P2R1; Alaska Arctic Tundra; Dry Heath Tundra; soil: active layer/permafrost; USA: Alaska Toolik; 68.6239 N 149.5835 W
SRR38755014	PRJNA1468262	SAMN60277006	North America	Peat/permafrost/tundra soil	Peat/permafrost soil	USA: Alaska Toolik	68.6239	-149.5835		needs_metadata_or_OpenLandMap_confirmation	North America representative; Peat/permafrost/tundra soil	PRJNA1468262	USA: Alaska Toolik		confirmed_lat_lon	not_selected_after_project_dedup:candidate	no	external_acidic_soil_project_reads	yes	yes	D2H1P1R3; Alaska Arctic Tundra; Dry Heath Tundra; soil: active layer/permafrost; USA: Alaska Toolik; 68.6239 N 149.5835 W
SRR38755015	PRJNA1468262	SAMN60277005	North America	Peat/permafrost/tundra soil	Peat/permafrost soil	USA: Alaska Toolik	68.6239	-149.5835		needs_metadata_or_OpenLandMap_confirmation	North America representative; Peat/permafrost/tundra soil	PRJNA1468262	USA: Alaska Toolik		confirmed_lat_lon	not_selected_after_project_dedup:candidate	no	external_acidic_soil_project_reads	yes	yes	D2H1P1R2; Alaska Arctic Tundra; Dry Heath Tundra; soil: active layer/permafrost; USA: Alaska Toolik; 68.6239 N 149.5835 W
SRR38755016	PRJNA1468262	SAMN60277004	North America	Peat/permafrost/tundra soil	Peat/permafrost soil	USA: Alaska Toolik	68.6239	-149.5835		needs_metadata_or_OpenLandMap_confirmation	North America representative; Peat/permafrost/tundra soil	PRJNA1468262	USA: Alaska Toolik		confirmed_lat_lon	not_selected_after_project_dedup:candidate	no	external_acidic_soil_project_reads	yes	yes	D2H1P1R1; Alaska Arctic Tundra; Dry Heath Tundra; soil: active layer/permafrost; USA: Alaska Toolik; 68.6239 N 149.5835 W
SRR38755017	PRJNA1468262	SAMN60277003	North America	Peat/permafrost/tundra soil	Peat/permafrost soil	USA: Alaska Toolik	68.6239	-149.5835		needs_metadata_or_OpenLandMap_confirmation	North America representative; Peat/permafrost/tundra soil	PRJNA1468262	USA: Alaska Toolik		confirmed_lat_lon	not_selected_after_project_dedup:candidate	no	external_acidic_soil_project_reads	yes	yes	D1H1P2R3; Alaska Arctic Tundra; Dry Heath Tundra; soil: active layer/permafrost; USA: Alaska Toolik; 68.6239 N 149.5835 W
SRR38755019	PRJNA1468262	SAMN60277007	North America	Peat/permafrost/tundra soil	Peat/permafrost soil	USA: Alaska Toolik	68.6239	-149.5835		needs_metadata_or_OpenLandMap_confirmation	North America representative; Peat/permafrost/tundra soil	PRJNA1468262	USA: Alaska Toolik		confirmed_lat_lon	not_selected_after_project_dedup:candidate	no	external_acidic_soil_project_reads	yes	yes	D2H1P2R1; Alaska Arctic Tundra; Dry Heath Tundra; soil: active layer/permafrost; USA: Alaska Toolik; 68.6239 N 149.5835 W
SRR38755021	PRJNA1468262	SAMN60277057	North America	Peat/permafrost/tundra soil	Peat/permafrost soil	USA: Alaska Toolik	68.6238	-149.5846		needs_metadata_or_OpenLandMap_confirmation	North America representative; Peat/permafrost/tundra soil	PRJNA1468262	USA: Alaska Toolik		confirmed_lat_lon	not_selected_after_project_dedup:candidate	no	external_acidic_soil_project_reads	yes	yes	W1H2P1R3; Alaska Arctic Tundra; Wet Sedge Tundra; soil: active layer/permafrost; USA: Alaska Toolik; 68.6238 N 149.5846 W
SRR38755022	PRJNA1468262	SAMN60277056	North America	Peat/permafrost/tundra soil	Peat/permafrost soil	USA: Alaska Toolik	68.6238	-149.5846		needs_metadata_or_OpenLandMap_confirmation	North America representative; Peat/permafrost/tundra soil	PRJNA1468262	USA: Alaska Toolik		confirmed_lat_lon	not_selected_after_project_dedup:candidate	no	external_acidic_soil_project_reads	yes	yes	W1H2P1R2; Alaska Arctic Tundra; Wet Sedge Tundra; soil: active layer/permafrost; USA: Alaska Toolik; 68.6238 N 149.5846 W
SRR38755023	PRJNA1468262	SAMN60277055	North America	Peat/permafrost/tundra soil	Peat/permafrost soil	USA: Alaska Toolik	68.6238	-149.5846		needs_metadata_or_OpenLandMap_confirmation	North America representative; Peat/permafrost/tundra soil	PRJNA1468262	USA: Alaska Toolik		confirmed_lat_lon	not_selected_after_project_dedup:candidate	no	external_acidic_soil_project_reads	yes	yes	W1H2P1R1; Alaska Arctic Tundra; Wet Sedge Tundra; soil: active layer/permafrost; USA: Alaska Toolik; 68.6238 N 149.5846 W
SRR38755024	PRJNA1468262	SAMN60277054	North America	Peat/permafrost/tundra soil	Peat/permafrost soil	USA: Alaska Toolik	68.6238	-149.5846		needs_metadata_or_OpenLandMap_confirmation	North America representative; Peat/permafrost/tundra soil	PRJNA1468262	USA: Alaska Toolik		confirmed_lat_lon	not_selected_after_project_dedup:candidate	no	external_acidic_soil_project_reads	yes	yes	W1H1P2R3; Alaska Arctic Tundra; Wet Sedge Tundra; soil: active layer/permafrost; USA: Alaska Toolik; 68.6238 N 149.5846 W
SRR38755025	PRJNA1468262	SAMN60277053	North America	Peat/permafrost/tundra soil	Peat/permafrost soil	USA: Alaska Toolik	68.6238	-149.5846		needs_metadata_or_OpenLandMap_confirmation	North America representative; Peat/permafrost/tundra soil	PRJNA1468262	USA: Alaska Toolik		confirmed_lat_lon	not_selected_after_project_dedup:candidate	no	external_acidic_soil_project_reads	yes	yes	W1H1P2R2; Alaska Arctic Tundra; Wet Sedge Tundra; soil: active layer/permafrost; USA: Alaska Toolik; 68.6238 N 149.5846 W
SRR38755026	PRJNA1468262	SAMN60277052	North America	Peat/permafrost/tundra soil	Peat/permafrost soil	USA: Alaska Toolik	68.6238	-149.5846		needs_metadata_or_OpenLandMap_confirmation	North America representative; Peat/permafrost/tundra soil	PRJNA1468262	USA: Alaska Toolik		confirmed_lat_lon	not_selected_after_project_dedup:candidate	no	external_acidic_soil_project_reads	yes	yes	W1H1P2R1; Alaska Arctic Tundra; Wet Sedge Tundra; soil: active layer/permafrost; USA: Alaska Toolik; 68.6238 N 149.5846 W
SRR38755027	PRJNA1468262	SAMN60277051	North America	Peat/permafrost/tundra soil	Peat/permafrost soil	USA: Alaska Toolik	68.6238	-149.5846		needs_metadata_or_OpenLandMap_confirmation	North America representative; Peat/permafrost/tundra soil	PRJNA1468262	USA: Alaska Toolik		confirmed_lat_lon	not_selected_after_project_dedup:candidate	no	external_acidic_soil_project_reads	yes	yes	W1H1P1R3; Alaska Arctic Tundra; Wet Sedge Tundra; soil: active layer/permafrost; USA: Alaska Toolik; 68.6238 N 149.5846 W
SRR38755028	PRJNA1468262	SAMN60277050	North America	Peat/permafrost/tundra soil	Peat/permafrost soil	USA: Alaska Toolik	68.6238	-149.5846		needs_metadata_or_OpenLandMap_confirmation	North America representative; Peat/permafrost/tundra soil	PRJNA1468262	USA: Alaska Toolik		confirmed_lat_lon	not_selected_after_project_dedup:candidate	no	external_acidic_soil_project_reads	yes	yes	W1H1P1R2; Alaska Arctic Tundra; Wet Sedge Tundra; soil: active layer/permafrost; USA: Alaska Toolik; 68.6238 N 149.5846 W
SRR38755029	PRJNA1468262	SAMN60277049	North America	Peat/permafrost/tundra soil	Peat/permafrost soil	USA: Alaska Toolik	68.6238	-149.5846		needs_metadata_or_OpenLandMap_confirmation	North America representative; Peat/permafrost/tundra soil	PRJNA1468262	USA: Alaska Toolik		confirmed_lat_lon	not_selected_after_project_dedup:candidate	no	external_acidic_soil_project_reads	yes	yes	W1H1P1R1; Alaska Arctic Tundra; Wet Sedge Tundra; soil: active layer/permafrost; USA: Alaska Toolik; 68.6238 N 149.5846 W
SRR38755030	PRJNA1468262	SAMN60277048	North America	Peat/permafrost/tundra soil	Peat/permafrost soil	USA: Alaska Toolik	68.624	-149.5817		needs_metadata_or_OpenLandMap_confirmation	North America representative; Peat/permafrost/tundra soil	PRJNA1468262	USA: Alaska Toolik		confirmed_lat_lon	not_selected_after_project_dedup:candidate	no	external_acidic_soil_project_reads	yes	yes	T3H2P1R3; Alaska Arctic Tundra; Moist Acidic Tussock Tundra; soil: active layer/permafrost; USA: Alaska Toolik; 68.6240 N 149.5817 W
SRR38755031	PRJNA1468262	SAMN60277003	North America	Peat/permafrost/tundra soil	Peat/permafrost soil	USA: Alaska Toolik	68.6239	-149.5835		needs_metadata_or_OpenLandMap_confirmation	North America representative; Peat/permafrost/tundra soil	PRJNA1468262	USA: Alaska Toolik		confirmed_lat_lon	not_selected_after_project_dedup:candidate	no	external_acidic_soil_project_reads	yes	yes	D1H1P2R3; Alaska Arctic Tundra; Dry Heath Tundra; soil: active layer/permafrost; USA: Alaska Toolik; 68.6239 N 149.5835 W
SRR38755032	PRJNA1468262	SAMN60277047	North America	Peat/permafrost/tundra soil	Peat/permafrost soil	USA: Alaska Toolik	68.624	-149.5817		needs_metadata_or_OpenLandMap_confirmation	North America representative; Peat/permafrost/tundra soil	PRJNA1468262	USA: Alaska Toolik		confirmed_lat_lon	not_selected_after_project_dedup:candidate	no	external_acidic_soil_project_reads	yes	yes	T3H2P1R2; Alaska Arctic Tundra; Moist Acidic Tussock Tundra; soil: active layer/permafrost; USA: Alaska Toolik; 68.6240 N 149.5817 W
SRR38755033	PRJNA1468262	SAMN60277046	North America	Peat/permafrost/tundra soil	Peat/permafrost soil	USA: Alaska Toolik	68.624	-149.5817		needs_metadata_or_OpenLandMap_confirmation	North America representative; Peat/permafrost/tundra soil	PRJNA1468262	USA: Alaska Toolik		confirmed_lat_lon	not_selected_after_project_dedup:candidate	no	external_acidic_soil_project_reads	yes	yes	T3H2P1R1; Alaska Arctic Tundra; Moist Acidic Tussock Tundra; soil: active layer/permafrost; USA: Alaska Toolik; 68.6240 N 149.5817 W
SRR38755034	PRJNA1468262	SAMN60277045	North America	Peat/permafrost/tundra soil	Peat/permafrost soil	USA: Alaska Toolik	68.624	-149.5817		needs_metadata_or_OpenLandMap_confirmation	North America representative; Peat/permafrost/tundra soil	PRJNA1468262	USA: Alaska Toolik		confirmed_lat_lon	not_selected_after_project_dedup:candidate	no	external_acidic_soil_project_reads	yes	yes	T3H1P2R3; Alaska Arctic Tundra; Moist Acidic Tussock Tundra; soil: active layer/permafrost; USA: Alaska Toolik; 68.6240 N 149.5817 W
SRR38755035	PRJNA1468262	SAMN60277044	North America	Peat/permafrost/tundra soil	Peat/permafrost soil	USA: Alaska Toolik	68.624	-149.5817		needs_metadata_or_OpenLandMap_confirmation	North America representative; Peat/permafrost/tundra soil	PRJNA1468262	USA: Alaska Toolik		confirmed_lat_lon	not_selected_after_project_dedup:candidate	no	external_acidic_soil_project_reads	yes	yes	T3H1P2R2; Alaska Arctic Tundra; Moist Acidic Tussock Tundra; soil: active layer/permafrost; USA: Alaska Toolik; 68.6240 N 149.5817 W
SRR38755036	PRJNA1468262	SAMN60277043	North America	Peat/permafrost/tundra soil	Peat/permafrost soil	USA: Alaska Toolik	68.624	-149.5817		needs_metadata_or_OpenLandMap_confirmation	North America representative; Peat/permafrost/tundra soil	PRJNA1468262	USA: Alaska Toolik		confirmed_lat_lon	not_selected_after_project_dedup:candidate	no	external_acidic_soil_project_reads	yes	yes	T3H1P2R1; Alaska Arctic Tundra; Moist Acidic Tussock Tundra; soil: active layer/permafrost; USA: Alaska Toolik; 68.6240 N 149.5817 W
SRR38755037	PRJNA1468262	SAMN60277042	North America	Peat/permafrost/tundra soil	Peat/permafrost soil	USA: Alaska Toolik	68.624	-149.5817		needs_metadata_or_OpenLandMap_confirmation	North America representative; Peat/permafrost/tundra soil	PRJNA1468262	USA: Alaska Toolik		confirmed_lat_lon	not_selected_after_project_dedup:candidate	no	external_acidic_soil_project_reads	yes	yes	T3H1P1R3; Alaska Arctic Tundra; Moist Acidic Tussock Tundra; soil: active layer/permafrost; USA: Alaska Toolik; 68.6240 N 149.5817 W
SRR38755038	PRJNA1468262	SAMN60277041	North America	Peat/permafrost/tundra soil	Peat/permafrost soil	USA: Alaska Toolik	68.624	-149.5817		needs_metadata_or_OpenLandMap_confirmation	North America representative; Peat/permafrost/tundra soil	PRJNA1468262	USA: Alaska Toolik		confirmed_lat_lon	not_selected_after_project_dedup:candidate	no	external_acidic_soil_project_reads	yes	yes	T3H1P1R2; Alaska Arctic Tundra; Moist Acidic Tussock Tundra; soil: active layer/permafrost; USA: Alaska Toolik; 68.6240 N 149.5817 W
SRR38755039	PRJNA1468262	SAMN60277040	North America	Peat/permafrost/tundra soil	Peat/permafrost soil	USA: Alaska Toolik	68.624	-149.5817		needs_metadata_or_OpenLandMap_confirmation	North America representative; Peat/permafrost/tundra soil	PRJNA1468262	USA: Alaska Toolik		confirmed_lat_lon	not_selected_after_project_dedup:candidate	no	external_acidic_soil_project_reads	yes	yes	T3H1P1R1; Alaska Arctic Tundra; Moist Acidic Tussock Tundra; soil: active layer/permafrost; USA: Alaska Toolik; 68.6240 N 149.5817 W
SRR38755040	PRJNA1468262	SAMN60277039	North America	Peat/permafrost/tundra soil	Peat/permafrost soil	USA: Alaska Toolik	68.624	-149.5817		needs_metadata_or_OpenLandMap_confirmation	North America representative; Peat/permafrost/tundra soil	PRJNA1468262	USA: Alaska Toolik		confirmed_lat_lon	not_selected_after_project_dedup:candidate	no	external_acidic_soil_project_reads	yes	yes	T2H2P2R3; Alaska Arctic Tundra; Moist Acidic Tussock Tundra; soil: active layer/permafrost; USA: Alaska Toolik; 68.6240 N 149.5817 W
SRR38755041	PRJNA1468262	SAMN60277038	North America	Peat/permafrost/tundra soil	Peat/permafrost soil	USA: Alaska Toolik	68.624	-149.5817		needs_metadata_or_OpenLandMap_confirmation	North America representative; Peat/permafrost/tundra soil	PRJNA1468262	USA: Alaska Toolik		confirmed_lat_lon	not_selected_after_project_dedup:candidate	no	external_acidic_soil_project_reads	yes	yes	T2H2P2R2; Alaska Arctic Tundra; Moist Acidic Tussock Tundra; soil: active layer/permafrost; USA: Alaska Toolik; 68.6240 N 149.5817 W
SRR38755042	PRJNA1468262	SAMN60277002	North America	Peat/permafrost/tundra soil	Peat/permafrost soil	USA: Alaska Toolik	68.6239	-149.5835		needs_metadata_or_OpenLandMap_confirmation	North America representative; Peat/permafrost/tundra soil	PRJNA1468262	USA: Alaska Toolik		confirmed_lat_lon	not_selected_after_project_dedup:candidate	no	external_acidic_soil_project_reads	yes	yes	D1H1P2R2; Alaska Arctic Tundra; Dry Heath Tundra; soil: active layer/permafrost; USA: Alaska Toolik; 68.6239 N 149.5835 W
SRR38758201	PRJNA1468402	SAMN60279783	North America	Peat/permafrost/tundra soil	Peat/permafrost soil	Canada: Quebec	46.03	-71.58		needs_metadata_or_OpenLandMap_confirmation	North America representative; Peat/permafrost/tundra soil	PRJNA1468402	Canada: Quebec		confirmed_lat_lon	not_selected_after_project_dedup:candidate	no	external_acidic_soil_project_reads	yes	yes	1343EMPLEM24-168_tomato_bulk_10-15 cm_SUB_FP-FGP-FL_B4; bulk soil or growing medium; agricultural greenhouse; certified organic greenhouse; bulk soil or growing medium; Canada: Quebec; 46.03 N 71.58 W
SRR38758202	PRJNA1468402	SAMN60279783	North America	Peat/permafrost/tundra soil	Peat/permafrost soil	Canada: Quebec	46.03	-71.58		needs_metadata_or_OpenLandMap_confirmation	North America representative; Peat/permafrost/tundra soil	PRJNA1468402	Canada: Quebec		confirmed_lat_lon	not_selected_after_project_dedup:candidate	no	external_acidic_soil_project_reads	yes	yes	1343EMPLEM24-168_tomato_bulk_10-15 cm_SUB_FP-FGP-FL_B4; bulk soil or growing medium; agricultural greenhouse; certified organic greenhouse; bulk soil or growing medium; Canada: Quebec; 46.03 N 71.58 W
SRR38758205	PRJNA1468402	SAMN60279782	North America	Peat/permafrost/tundra soil	Peat/permafrost soil	Canada: Quebec	46.03	-71.58		needs_metadata_or_OpenLandMap_confirmation	North America representative; Peat/permafrost/tundra soil	PRJNA1468402	Canada: Quebec		confirmed_lat_lon	not_selected_after_project_dedup:candidate	no	external_acidic_soil_project_reads	yes	yes	1342EMPLEM24-168_tomato_bulk_0-5 cm_SUB_FP-FGP-FL_B4; bulk soil or growing medium; agricultural greenhouse; certified organic greenhouse; bulk soil or growing medium; Canada: Quebec; 46.03 N 71.58 W
SRR38758206	PRJNA1468402	SAMN60279782	North America	Peat/permafrost/tundra soil	Peat/permafrost soil	Canada: Quebec	46.03	-71.58		needs_metadata_or_OpenLandMap_confirmation	North America representative; Peat/permafrost/tundra soil	PRJNA1468402	Canada: Quebec		confirmed_lat_lon	not_selected_after_project_dedup:candidate	no	external_acidic_soil_project_reads	yes	yes	1342EMPLEM24-168_tomato_bulk_0-5 cm_SUB_FP-FGP-FL_B4; bulk soil or growing medium; agricultural greenhouse; certified organic greenhouse; bulk soil or growing medium; Canada: Quebec; 46.03 N 71.58 W
SRR38758207	PRJNA1468402	SAMN60279781	North America	Peat/permafrost/tundra soil	Peat/permafrost soil	Canada: Quebec	46.03	-71.58		needs_metadata_or_OpenLandMap_confirmation	North America representative; Peat/permafrost/tundra soil	PRJNA1468402	Canada: Quebec		confirmed_lat_lon	not_selected_after_project_dedup:candidate	no	external_acidic_soil_project_reads	yes	yes	1341EMPLEM24-168_tomato_rhizosphere_10-15 cm_SUB_FP-FGP-FL_B4; rhizosphere soil or growing medium; agricultural greenhouse; certified organic greenhouse; rhizosphere soil or growing medium; Canada: Quebec; 46.03 N 71.58 W
SRR38758208	PRJNA1468402	SAMN60279781	North America	Peat/permafrost/tundra soil	Peat/permafrost soil	Canada: Quebec	46.03	-71.58		needs_metadata_or_OpenLandMap_confirmation	North America representative; Peat/permafrost/tundra soil	PRJNA1468402	Canada: Quebec		confirmed_lat_lon	not_selected_after_project_dedup:candidate	no	external_acidic_soil_project_reads	yes	yes	1341EMPLEM24-168_tomato_rhizosphere_10-15 cm_SUB_FP-FGP-FL_B4; rhizosphere soil or growing medium; agricultural greenhouse; certified organic greenhouse; rhizosphere soil or growing medium; Canada: Quebec; 46.03 N 71.58 W
SRR38758212	PRJNA1468402	SAMN60279780	North America	Peat/permafrost/tundra soil	Peat/permafrost soil	Canada: Quebec	46.03	-71.58		needs_metadata_or_OpenLandMap_confirmation	North America representative; Peat/permafrost/tundra soil	PRJNA1468402	Canada: Quebec		confirmed_lat_lon	not_selected_after_project_dedup:candidate	no	external_acidic_soil_project_reads	yes	yes	1340EMPLEM24-168_tomato_rhizosphere_0-5 cm_SUB_FP-FGP-FL_B4; rhizosphere soil or growing medium; agricultural greenhouse; certified organic greenhouse; rhizosphere soil or growing medium; Canada: Quebec; 46.03 N 71.58 W
SRR38758209	PRJNA1468402	SAMN60279780	North America	Peat/permafrost/tundra soil	Peat/permafrost soil	Canada: Quebec	46.03	-71.58		needs_metadata_or_OpenLandMap_confirmation	North America representative; Peat/permafrost/tundra soil	PRJNA1468402	Canada: Quebec		confirmed_lat_lon	not_selected_after_project_dedup:candidate	no	external_acidic_soil_project_reads	yes	yes	1340EMPLEM24-168_tomato_rhizosphere_0-5 cm_SUB_FP-FGP-FL_B4; rhizosphere soil or growing medium; agricultural greenhouse; certified organic greenhouse; rhizosphere soil or growing medium; Canada: Quebec; 46.03 N 71.58 W
SRR38758210	PRJNA1468402	SAMN60279779	North America	Peat/permafrost/tundra soil	Peat/permafrost soil	Canada: Quebec	46.03	-71.58		needs_metadata_or_OpenLandMap_confirmation	North America representative; Peat/permafrost/tundra soil	PRJNA1468402	Canada: Quebec		confirmed_lat_lon	not_selected_after_project_dedup:candidate	no	external_acidic_soil_project_reads	yes	yes	1339EMPLEM24-168_tomato_bulk_10-15 cm_SUB_FL_B4; bulk soil or growing medium; agricultural greenhouse; certified organic greenhouse; bulk soil or growing medium; Canada: Quebec; 46.03 N 71.58 W
SRR38758211	PRJNA1468402	SAMN60279779	North America	Peat/permafrost/tundra soil	Peat/permafrost soil	Canada: Quebec	46.03	-71.58		needs_metadata_or_OpenLandMap_confirmation	North America representative; Peat/permafrost/tundra soil	PRJNA1468402	Canada: Quebec		confirmed_lat_lon	not_selected_after_project_dedup:candidate	no	external_acidic_soil_project_reads	yes	yes	1339EMPLEM24-168_tomato_bulk_10-15 cm_SUB_FL_B4; bulk soil or growing medium; agricultural greenhouse; certified organic greenhouse; bulk soil or growing medium; Canada: Quebec; 46.03 N 71.58 W
SRR38758213	PRJNA1468402	SAMN60279778	North America	Peat/permafrost/tundra soil	Peat/permafrost soil	Canada: Quebec	46.03	-71.58		needs_metadata_or_OpenLandMap_confirmation	North America representative; Peat/permafrost/tundra soil	PRJNA1468402	Canada: Quebec		confirmed_lat_lon	not_selected_after_project_dedup:candidate	no	external_acidic_soil_project_reads	yes	yes	1338EMPLEM24-168_tomato_bulk_0-5 cm_SUB_FL_B4; bulk soil or growing medium; agricultural greenhouse; certified organic greenhouse; bulk soil or growing medium; Canada: Quebec; 46.03 N 71.58 W
SRR38758214	PRJNA1468402	SAMN60279778	North America	Peat/permafrost/tundra soil	Peat/permafrost soil	Canada: Quebec	46.03	-71.58		needs_metadata_or_OpenLandMap_confirmation	North America representative; Peat/permafrost/tundra soil	PRJNA1468402	Canada: Quebec		confirmed_lat_lon	not_selected_after_project_dedup:candidate	no	external_acidic_soil_project_reads	yes	yes	1338EMPLEM24-168_tomato_bulk_0-5 cm_SUB_FL_B4; bulk soil or growing medium; agricultural greenhouse; certified organic greenhouse; bulk soil or growing medium; Canada: Quebec; 46.03 N 71.58 W
SRR38758216	PRJNA1468402	SAMN60279777	North America	Peat/permafrost/tundra soil	Peat/permafrost soil	Canada: Quebec	46.03	-71.58		needs_metadata_or_OpenLandMap_confirmation	North America representative; Peat/permafrost/tundra soil	PRJNA1468402	Canada: Quebec		confirmed_lat_lon	not_selected_after_project_dedup:candidate	no	external_acidic_soil_project_reads	yes	yes	1337EMPLEM24-168_tomato_rhizosphere_10-15 cm_SUB_FL_B4; rhizosphere soil or growing medium; agricultural greenhouse; certified organic greenhouse; rhizosphere soil or growing medium; Canada: Quebec; 46.03 N 71.58 W
SRR38758220	PRJNA1468402	SAMN60279777	North America	Peat/permafrost/tundra soil	Peat/permafrost soil	Canada: Quebec	46.03	-71.58		needs_metadata_or_OpenLandMap_confirmation	North America representative; Peat/permafrost/tundra soil	PRJNA1468402	Canada: Quebec		confirmed_lat_lon	not_selected_after_project_dedup:candidate	no	external_acidic_soil_project_reads	yes	yes	1337EMPLEM24-168_tomato_rhizosphere_10-15 cm_SUB_FL_B4; rhizosphere soil or growing medium; agricultural greenhouse; certified organic greenhouse; rhizosphere soil or growing medium; Canada: Quebec; 46.03 N 71.58 W
SRR38758217	PRJNA1468402	SAMN60279776	North America	Peat/permafrost/tundra soil	Peat/permafrost soil	Canada: Quebec	46.03	-71.58		needs_metadata_or_OpenLandMap_confirmation	North America representative; Peat/permafrost/tundra soil	PRJNA1468402	Canada: Quebec		confirmed_lat_lon	not_selected_after_project_dedup:candidate	no	external_acidic_soil_project_reads	yes	yes	1336EMPLEM24-168_tomato_rhizosphere_0-5 cm_SUB_FL_B4; rhizosphere soil or growing medium; agricultural greenhouse; certified organic greenhouse; rhizosphere soil or growing medium; Canada: Quebec; 46.03 N 71.58 W
SRR38758218	PRJNA1468402	SAMN60279776	North America	Peat/permafrost/tundra soil	Peat/permafrost soil	Canada: Quebec	46.03	-71.58		needs_metadata_or_OpenLandMap_confirmation	North America representative; Peat/permafrost/tundra soil	PRJNA1468402	Canada: Quebec		confirmed_lat_lon	not_selected_after_project_dedup:candidate	no	external_acidic_soil_project_reads	yes	yes	1336EMPLEM24-168_tomato_rhizosphere_0-5 cm_SUB_FL_B4; rhizosphere soil or growing medium; agricultural greenhouse; certified organic greenhouse; rhizosphere soil or growing medium; Canada: Quebec; 46.03 N 71.58 W
SRR38758219	PRJNA1468402	SAMN60279775	North America	Peat/permafrost/tundra soil	Peat/permafrost soil	Canada: Quebec	46.03	-71.58		needs_metadata_or_OpenLandMap_confirmation	North America representative; Peat/permafrost/tundra soil	PRJNA1468402	Canada: Quebec		confirmed_lat_lon	not_selected_after_project_dedup:candidate	no	external_acidic_soil_project_reads	yes	yes	1335EMPLEM24-168_tomato_bulk_10-15 cm_SUB_FP-FGP_B4; bulk soil or growing medium; agricultural greenhouse; certified organic greenhouse; bulk soil or growing medium; Canada: Quebec; 46.03 N 71.58 W
SRR38758221	PRJNA1468402	SAMN60279775	North America	Peat/permafrost/tundra soil	Peat/permafrost soil	Canada: Quebec	46.03	-71.58		needs_metadata_or_OpenLandMap_confirmation	North America representative; Peat/permafrost/tundra soil	PRJNA1468402	Canada: Quebec		confirmed_lat_lon	not_selected_after_project_dedup:candidate	no	external_acidic_soil_project_reads	yes	yes	1335EMPLEM24-168_tomato_bulk_10-15 cm_SUB_FP-FGP_B4; bulk soil or growing medium; agricultural greenhouse; certified organic greenhouse; bulk soil or growing medium; Canada: Quebec; 46.03 N 71.58 W
SRR38757990	PRJNA1468402	SAMN60279726	North America	Peat/permafrost/tundra soil	Peat/permafrost soil	Canada: Quebec	46.03	-71.58		needs_metadata_or_OpenLandMap_confirmation	North America representative; Peat/permafrost/tundra soil	PRJNA1468402	Canada: Quebec		confirmed_lat_lon	not_selected_after_project_dedup:candidate	no	external_acidic_soil_project_reads	yes	yes	1286EMPLEM24-168_tomato_bulk_0-5 cm_SUB_FP-FGP-FL_B3; bulk soil or growing medium; agricultural greenhouse; certified organic greenhouse; bulk soil or growing medium; Canada: Quebec; 46.03 N 71.58 W
SRR38757987	PRJNA1468402	SAMN60279726	North America	Peat/permafrost/tundra soil	Peat/permafrost soil	Canada: Quebec	46.03	-71.58		needs_metadata_or_OpenLandMap_confirmation	North America representative; Peat/permafrost/tundra soil	PRJNA1468402	Canada: Quebec		confirmed_lat_lon	not_selected_after_project_dedup:candidate	no	external_acidic_soil_project_reads	yes	yes	1286EMPLEM24-168_tomato_bulk_0-5 cm_SUB_FP-FGP-FL_B3; bulk soil or growing medium; agricultural greenhouse; certified organic greenhouse; bulk soil or growing medium; Canada: Quebec; 46.03 N 71.58 W
SRR38757988	PRJNA1468402	SAMN60279725	North America	Peat/permafrost/tundra soil	Peat/permafrost soil	Canada: Quebec	46.03	-71.58		needs_metadata_or_OpenLandMap_confirmation	North America representative; Peat/permafrost/tundra soil	PRJNA1468402	Canada: Quebec		confirmed_lat_lon	not_selected_after_project_dedup:candidate	no	external_acidic_soil_project_reads	yes	yes	1285EMPLEM24-168_tomato_rhizosphere_10-15 cm_SUB_FP-FGP-FL_B3; rhizosphere soil or growing medium; agricultural greenhouse; certified organic greenhouse; rhizosphere soil or growing medium; Canada: Quebec; 46.03 N 71.58 W
SRR38757989	PRJNA1468402	SAMN60279725	North America	Peat/permafrost/tundra soil	Peat/permafrost soil	Canada: Quebec	46.03	-71.58		needs_metadata_or_OpenLandMap_confirmation	North America representative; Peat/permafrost/tundra soil	PRJNA1468402	Canada: Quebec		confirmed_lat_lon	not_selected_after_project_dedup:candidate	no	external_acidic_soil_project_reads	yes	yes	1285EMPLEM24-168_tomato_rhizosphere_10-15 cm_SUB_FP-FGP-FL_B3; rhizosphere soil or growing medium; agricultural greenhouse; certified organic greenhouse; rhizosphere soil or growing medium; Canada: Quebec; 46.03 N 71.58 W
SRR38757991	PRJNA1468402	SAMN60279724	North America	Peat/permafrost/tundra soil	Peat/permafrost soil	Canada: Quebec	46.03	-71.58		needs_metadata_or_OpenLandMap_confirmation	North America representative; Peat/permafrost/tundra soil	PRJNA1468402	Canada: Quebec		confirmed_lat_lon	not_selected_after_project_dedup:candidate	no	external_acidic_soil_project_reads	yes	yes	1284EMPLEM24-168_tomato_rhizosphere_0-5 cm_SUB_FP-FGP-FL_B3; rhizosphere soil or growing medium; agricultural greenhouse; certified organic greenhouse; rhizosphere soil or growing medium; Canada: Quebec; 46.03 N 71.58 W
SRR38757992	PRJNA1468402	SAMN60279724	North America	Peat/permafrost/tundra soil	Peat/permafrost soil	Canada: Quebec	46.03	-71.58		needs_metadata_or_OpenLandMap_confirmation	North America representative; Peat/permafrost/tundra soil	PRJNA1468402	Canada: Quebec		confirmed_lat_lon	not_selected_after_project_dedup:candidate	no	external_acidic_soil_project_reads	yes	yes	1284EMPLEM24-168_tomato_rhizosphere_0-5 cm_SUB_FP-FGP-FL_B3; rhizosphere soil or growing medium; agricultural greenhouse; certified organic greenhouse; rhizosphere soil or growing medium; Canada: Quebec; 46.03 N 71.58 W
SRR38757993	PRJNA1468402	SAMN60279723	North America	Peat/permafrost/tundra soil	Peat/permafrost soil	Canada: Quebec	46.03	-71.58		needs_metadata_or_OpenLandMap_confirmation	North America representative; Peat/permafrost/tundra soil	PRJNA1468402	Canada: Quebec		confirmed_lat_lon	not_selected_after_project_dedup:candidate	no	external_acidic_soil_project_reads	yes	yes	1283EMPLEM24-168_tomato_bulk_10-15 cm_SUB_FL_B3; bulk soil or growing medium; agricultural greenhouse; certified organic greenhouse; bulk soil or growing medium; Canada: Quebec; 46.03 N 71.58 W
SRR38757994	PRJNA1468402	SAMN60279723	North America	Peat/permafrost/tundra soil	Peat/permafrost soil	Canada: Quebec	46.03	-71.58		needs_metadata_or_OpenLandMap_confirmation	North America representative; Peat/permafrost/tundra soil	PRJNA1468402	Canada: Quebec		confirmed_lat_lon	not_selected_after_project_dedup:candidate	no	external_acidic_soil_project_reads	yes	yes	1283EMPLEM24-168_tomato_bulk_10-15 cm_SUB_FL_B3; bulk soil or growing medium; agricultural greenhouse; certified organic greenhouse; bulk soil or growing medium; Canada: Quebec; 46.03 N 71.58 W
SRR38757995	PRJNA1468402	SAMN60279722	North America	Peat/permafrost/tundra soil	Peat/permafrost soil	Canada: Quebec	46.03	-71.58		needs_metadata_or_OpenLandMap_confirmation	North America representative; Peat/permafrost/tundra soil	PRJNA1468402	Canada: Quebec		confirmed_lat_lon	not_selected_after_project_dedup:candidate	no	external_acidic_soil_project_reads	yes	yes	1282EMPLEM24-168_tomato_bulk_0-5 cm_SUB_FL_B3; bulk soil or growing medium; agricultural greenhouse; certified organic greenhouse; bulk soil or growing medium; Canada: Quebec; 46.03 N 71.58 W
SRR38757996	PRJNA1468402	SAMN60279722	North America	Peat/permafrost/tundra soil	Peat/permafrost soil	Canada: Quebec	46.03	-71.58		needs_metadata_or_OpenLandMap_confirmation	North America representative; Peat/permafrost/tundra soil	PRJNA1468402	Canada: Quebec		confirmed_lat_lon	not_selected_after_project_dedup:candidate	no	external_acidic_soil_project_reads	yes	yes	1282EMPLEM24-168_tomato_bulk_0-5 cm_SUB_FL_B3; bulk soil or growing medium; agricultural greenhouse; certified organic greenhouse; bulk soil or growing medium; Canada: Quebec; 46.03 N 71.58 W
SRR38757997	PRJNA1468402	SAMN60279721	North America	Peat/permafrost/tundra soil	Peat/permafrost soil	Canada: Quebec	46.03	-71.58		needs_metadata_or_OpenLandMap_confirmation	North America representative; Peat/permafrost/tundra soil	PRJNA1468402	Canada: Quebec		confirmed_lat_lon	not_selected_after_project_dedup:candidate	no	external_acidic_soil_project_reads	yes	yes	1281EMPLEM24-168_tomato_rhizosphere_10-15 cm_SUB_FL_B3; rhizosphere soil or growing medium; agricultural greenhouse; certified organic greenhouse; rhizosphere soil or growing medium; Canada: Quebec; 46.03 N 71.58 W
SRR38757999	PRJNA1468402	SAMN60279721	North America	Peat/permafrost/tundra soil	Peat/permafrost soil	Canada: Quebec	46.03	-71.58		needs_metadata_or_OpenLandMap_confirmation	North America representative; Peat/permafrost/tundra soil	PRJNA1468402	Canada: Quebec		confirmed_lat_lon	not_selected_after_project_dedup:candidate	no	external_acidic_soil_project_reads	yes	yes	1281EMPLEM24-168_tomato_rhizosphere_10-15 cm_SUB_FL_B3; rhizosphere soil or growing medium; agricultural greenhouse; certified organic greenhouse; rhizosphere soil or growing medium; Canada: Quebec; 46.03 N 71.58 W
SRR38758000	PRJNA1468402	SAMN60279720	North America	Peat/permafrost/tundra soil	Peat/permafrost soil	Canada: Quebec	46.03	-71.58		needs_metadata_or_OpenLandMap_confirmation	North America representative; Peat/permafrost/tundra soil	PRJNA1468402	Canada: Quebec		confirmed_lat_lon	not_selected_after_project_dedup:candidate	no	external_acidic_soil_project_reads	yes	yes	1280EMPLEM24-168_tomato_rhizosphere_0-5 cm_SUB_FL_B3; rhizosphere soil or growing medium; agricultural greenhouse; certified organic greenhouse; rhizosphere soil or growing medium; Canada: Quebec; 46.03 N 71.58 W
SRR38758001	PRJNA1468402	SAMN60279720	North America	Peat/permafrost/tundra soil	Peat/permafrost soil	Canada: Quebec	46.03	-71.58		needs_metadata_or_OpenLandMap_confirmation	North America representative; Peat/permafrost/tundra soil	PRJNA1468402	Canada: Quebec		confirmed_lat_lon	not_selected_after_project_dedup:candidate	no	external_acidic_soil_project_reads	yes	yes	1280EMPLEM24-168_tomato_rhizosphere_0-5 cm_SUB_FL_B3; rhizosphere soil or growing medium; agricultural greenhouse; certified organic greenhouse; rhizosphere soil or growing medium; Canada: Quebec; 46.03 N 71.58 W
SRR38758002	PRJNA1468402	SAMN60279719	North America	Peat/permafrost/tundra soil	Peat/permafrost soil	Canada: Quebec	46.03	-71.58		needs_metadata_or_OpenLandMap_confirmation	North America representative; Peat/permafrost/tundra soil	PRJNA1468402	Canada: Quebec		confirmed_lat_lon	not_selected_after_project_dedup:candidate	no	external_acidic_soil_project_reads	yes	yes	1279EMPLEM24-168_tomato_bulk_10-15 cm_SUB_FL_B2; bulk soil or growing medium; agricultural greenhouse; certified organic greenhouse; bulk soil or growing medium; Canada: Quebec; 46.03 N 71.58 W
SRR38758006	PRJNA1468402	SAMN60279719	North America	Peat/permafrost/tundra soil	Peat/permafrost soil	Canada: Quebec	46.03	-71.58		needs_metadata_or_OpenLandMap_confirmation	North America representative; Peat/permafrost/tundra soil	PRJNA1468402	Canada: Quebec		confirmed_lat_lon	not_selected_after_project_dedup:candidate	no	external_acidic_soil_project_reads	yes	yes	1279EMPLEM24-168_tomato_bulk_10-15 cm_SUB_FL_B2; bulk soil or growing medium; agricultural greenhouse; certified organic greenhouse; bulk soil or growing medium; Canada: Quebec; 46.03 N 71.58 W
SRR38758003	PRJNA1468402	SAMN60279718	North America	Peat/permafrost/tundra soil	Peat/permafrost soil	Canada: Quebec	46.03	-71.58		needs_metadata_or_OpenLandMap_confirmation	North America representative; Peat/permafrost/tundra soil	PRJNA1468402	Canada: Quebec		confirmed_lat_lon	not_selected_after_project_dedup:candidate	no	external_acidic_soil_project_reads	yes	yes	1278EMPLEM24-168_tomato_bulk_0-5 cm_SUB_FL_B2; bulk soil or growing medium; agricultural greenhouse; certified organic greenhouse; bulk soil or growing medium; Canada: Quebec; 46.03 N 71.58 W
SRR38758004	PRJNA1468402	SAMN60279718	North America	Peat/permafrost/tundra soil	Peat/permafrost soil	Canada: Quebec	46.03	-71.58		needs_metadata_or_OpenLandMap_confirmation	North America representative; Peat/permafrost/tundra soil	PRJNA1468402	Canada: Quebec		confirmed_lat_lon	not_selected_after_project_dedup:candidate	no	external_acidic_soil_project_reads	yes	yes	1278EMPLEM24-168_tomato_bulk_0-5 cm_SUB_FL_B2; bulk soil or growing medium; agricultural greenhouse; certified organic greenhouse; bulk soil or growing medium; Canada: Quebec; 46.03 N 71.58 W
SRR38758007	PRJNA1468402	SAMN60279717	North America	Peat/permafrost/tundra soil	Peat/permafrost soil	Canada: Quebec	46.03	-71.58		needs_metadata_or_OpenLandMap_confirmation	North America representative; Peat/permafrost/tundra soil	PRJNA1468402	Canada: Quebec		confirmed_lat_lon	not_selected_after_project_dedup:candidate	no	external_acidic_soil_project_reads	yes	yes	1277EMPLEM24-168_tomato_rhizosphere_10-15 cm_SUB_FL_B2; rhizosphere soil or growing medium; agricultural greenhouse; certified organic greenhouse; rhizosphere soil or growing medium; Canada: Quebec; 46.03 N 71.58 W
SRR38758009	PRJNA1468402	SAMN60279557	North America	Peat/permafrost/tundra soil	Peat/permafrost soil	Canada: Quebec	46.03	-71.58		needs_metadata_or_OpenLandMap_confirmation	North America representative; Peat/permafrost/tundra soil	PRJNA1468402	Canada: Quebec		confirmed_lat_lon	not_selected_after_project_dedup:candidate	no	external_acidic_soil_project_reads	yes	yes	1015EMPLEM24-168_cucumber_bulk_0-5 cm_SUB_FP-FGP-FL_B1; bulk soil or growing medium; agricultural greenhouse; certified organic greenhouse; bulk soil or growing medium; Canada: Quebec; 46.03 N 71.58 W
SRR38758019	PRJNA1468402	SAMN60279557	North America	Peat/permafrost/tundra soil	Peat/permafrost soil	Canada: Quebec	46.03	-71.58		needs_metadata_or_OpenLandMap_confirmation	North America representative; Peat/permafrost/tundra soil	PRJNA1468402	Canada: Quebec		confirmed_lat_lon	not_selected_after_project_dedup:candidate	no	external_acidic_soil_project_reads	yes	yes	1015EMPLEM24-168_cucumber_bulk_0-5 cm_SUB_FP-FGP-FL_B1; bulk soil or growing medium; agricultural greenhouse; certified organic greenhouse; bulk soil or growing medium; Canada: Quebec; 46.03 N 71.58 W
SRR38758031	PRJNA1468402	SAMN60279553	North America	Peat/permafrost/tundra soil	Peat/permafrost soil	Canada: Quebec	46.03	-71.58		needs_metadata_or_OpenLandMap_confirmation	North America representative; Peat/permafrost/tundra soil	PRJNA1468402	Canada: Quebec		confirmed_lat_lon	not_selected_after_project_dedup:candidate	no	external_acidic_soil_project_reads	yes	yes	1011EMPLEM24-168_cucumber_bulk_0-5 cm_SUB_FP-FGP_B1; bulk soil or growing medium; agricultural greenhouse; certified organic greenhouse; bulk soil or growing medium; Canada: Quebec; 46.03 N 71.58 W
SRR38758043	PRJNA1468402	SAMN60279553	North America	Peat/permafrost/tundra soil	Peat/permafrost soil	Canada: Quebec	46.03	-71.58		needs_metadata_or_OpenLandMap_confirmation	North America representative; Peat/permafrost/tundra soil	PRJNA1468402	Canada: Quebec		confirmed_lat_lon	not_selected_after_project_dedup:candidate	no	external_acidic_soil_project_reads	yes	yes	1011EMPLEM24-168_cucumber_bulk_0-5 cm_SUB_FP-FGP_B1; bulk soil or growing medium; agricultural greenhouse; certified organic greenhouse; bulk soil or growing medium; Canada: Quebec; 46.03 N 71.58 W
SRR38758049	PRJNA1468402	SAMN60279611	North America	Peat/permafrost/tundra soil	Peat/permafrost soil	Canada: Quebec	46.03	-71.58		needs_metadata_or_OpenLandMap_confirmation	North America representative; Peat/permafrost/tundra soil	PRJNA1468402	Canada: Quebec		confirmed_lat_lon	not_selected_after_project_dedup:candidate	no	external_acidic_soil_project_reads	yes	yes	1075EMPLEM24-168_cucumber_bulk_0-5 cm_SUB_FP-FGP_B3; bulk soil or growing medium; agricultural greenhouse; certified organic greenhouse; bulk soil or growing medium; Canada: Quebec; 46.03 N 71.58 W
SRR38758051	PRJNA1468402	SAMN60279611	North America	Peat/permafrost/tundra soil	Peat/permafrost soil	Canada: Quebec	46.03	-71.58		needs_metadata_or_OpenLandMap_confirmation	North America representative; Peat/permafrost/tundra soil	PRJNA1468402	Canada: Quebec		confirmed_lat_lon	not_selected_after_project_dedup:candidate	no	external_acidic_soil_project_reads	yes	yes	1075EMPLEM24-168_cucumber_bulk_0-5 cm_SUB_FP-FGP_B3; bulk soil or growing medium; agricultural greenhouse; certified organic greenhouse; bulk soil or growing medium; Canada: Quebec; 46.03 N 71.58 W
SRR38758052	PRJNA1468402	SAMN60279610	North America	Peat/permafrost/tundra soil	Peat/permafrost soil	Canada: Quebec	46.03	-71.58		needs_metadata_or_OpenLandMap_confirmation	North America representative; Peat/permafrost/tundra soil	PRJNA1468402	Canada: Quebec		confirmed_lat_lon	not_selected_after_project_dedup:candidate	no	external_acidic_soil_project_reads	yes	yes	1074EMPLEM24-168_cucumber_rhizosphere_10-15 cm_SUB_FP-FGP_B3; rhizosphere soil or growing medium; agricultural greenhouse; certified organic greenhouse; rhizosphere soil or growing medium; Canada: Quebec; 46.03 N 71.58 W
SRR38758053	PRJNA1468402	SAMN60279610	North America	Peat/permafrost/tundra soil	Peat/permafrost soil	Canada: Quebec	46.03	-71.58		needs_metadata_or_OpenLandMap_confirmation	North America representative; Peat/permafrost/tundra soil	PRJNA1468402	Canada: Quebec		confirmed_lat_lon	not_selected_after_project_dedup:candidate	no	external_acidic_soil_project_reads	yes	yes	1074EMPLEM24-168_cucumber_rhizosphere_10-15 cm_SUB_FP-FGP_B3; rhizosphere soil or growing medium; agricultural greenhouse; certified organic greenhouse; rhizosphere soil or growing medium; Canada: Quebec; 46.03 N 71.58 W
SRR38758054	PRJNA1468402	SAMN60279609	North America	Peat/permafrost/tundra soil	Peat/permafrost soil	Canada: Quebec	46.03	-71.58		needs_metadata_or_OpenLandMap_confirmation	North America representative; Peat/permafrost/tundra soil	PRJNA1468402	Canada: Quebec		confirmed_lat_lon	not_selected_after_project_dedup:candidate	no	external_acidic_soil_project_reads	yes	yes	1073EMPLEM24-168_cucumber_rhizosphere_0-5 cm_SUB_FP-FGP_B3; rhizosphere soil or growing medium; agricultural greenhouse; certified organic greenhouse; rhizosphere soil or growing medium; Canada: Quebec; 46.03 N 71.58 W
SRR38758055	PRJNA1468402	SAMN60279609	North America	Peat/permafrost/tundra soil	Peat/permafrost soil	Canada: Quebec	46.03	-71.58		needs_metadata_or_OpenLandMap_confirmation	North America representative; Peat/permafrost/tundra soil	PRJNA1468402	Canada: Quebec		confirmed_lat_lon	not_selected_after_project_dedup:candidate	no	external_acidic_soil_project_reads	yes	yes	1073EMPLEM24-168_cucumber_rhizosphere_0-5 cm_SUB_FP-FGP_B3; rhizosphere soil or growing medium; agricultural greenhouse; certified organic greenhouse; rhizosphere soil or growing medium; Canada: Quebec; 46.03 N 71.58 W
SRR38758056	PRJNA1468402	SAMN60279608	North America	Peat/permafrost/tundra soil	Peat/permafrost soil	Canada: Quebec	46.03	-71.58		needs_metadata_or_OpenLandMap_confirmation	North America representative; Peat/permafrost/tundra soil	PRJNA1468402	Canada: Quebec		confirmed_lat_lon	not_selected_after_project_dedup:candidate	no	external_acidic_soil_project_reads	yes	yes	1072EMPLEM24-168_cucumber_bulk_10-15 cm_SUB_FP-FGP-FL_B3; bulk soil or growing medium; agricultural greenhouse; certified organic greenhouse; bulk soil or growing medium; Canada: Quebec; 46.03 N 71.58 W
SRR38758057	PRJNA1468402	SAMN60279608	North America	Peat/permafrost/tundra soil	Peat/permafrost soil	Canada: Quebec	46.03	-71.58		needs_metadata_or_OpenLandMap_confirmation	North America representative; Peat/permafrost/tundra soil	PRJNA1468402	Canada: Quebec		confirmed_lat_lon	not_selected_after_project_dedup:candidate	no	external_acidic_soil_project_reads	yes	yes	1072EMPLEM24-168_cucumber_bulk_10-15 cm_SUB_FP-FGP-FL_B3; bulk soil or growing medium; agricultural greenhouse; certified organic greenhouse; bulk soil or growing medium; Canada: Quebec; 46.03 N 71.58 W
SRR38758058	PRJNA1468402	SAMN60279549	North America	Peat/permafrost/tundra soil	Peat/permafrost soil	Canada: Quebec	46.03	-71.58		needs_metadata_or_OpenLandMap_confirmation	North America representative; Peat/permafrost/tundra soil	PRJNA1468402	Canada: Quebec		confirmed_lat_lon	not_selected_after_project_dedup:candidate	no	external_acidic_soil_project_reads	yes	yes	1007EMPLEM24-168_cucumber_bulk_0-5 cm_SUB_FL_B1; bulk soil or growing medium; agricultural greenhouse; certified organic greenhouse; bulk soil or growing medium; Canada: Quebec; 46.03 N 71.58 W
SRR38758059	PRJNA1468402	SAMN60279607	North America	Peat/permafrost/tundra soil	Peat/permafrost soil	Canada: Quebec	46.03	-71.58		needs_metadata_or_OpenLandMap_confirmation	North America representative; Peat/permafrost/tundra soil	PRJNA1468402	Canada: Quebec		confirmed_lat_lon	not_selected_after_project_dedup:candidate	no	external_acidic_soil_project_reads	yes	yes	1071EMPLEM24-168_cucumber_bulk_0-5 cm_SUB_FP-FGP-FL_B3; bulk soil or growing medium; agricultural greenhouse; certified organic greenhouse; bulk soil or growing medium; Canada: Quebec; 46.03 N 71.58 W
SRR38758060	PRJNA1468402	SAMN60279607	North America	Peat/permafrost/tundra soil	Peat/permafrost soil	Canada: Quebec	46.03	-71.58		needs_metadata_or_OpenLandMap_confirmation	North America representative; Peat/permafrost/tundra soil	PRJNA1468402	Canada: Quebec		confirmed_lat_lon	not_selected_after_project_dedup:candidate	no	external_acidic_soil_project_reads	yes	yes	1071EMPLEM24-168_cucumber_bulk_0-5 cm_SUB_FP-FGP-FL_B3; bulk soil or growing medium; agricultural greenhouse; certified organic greenhouse; bulk soil or growing medium; Canada: Quebec; 46.03 N 71.58 W
SRR38758061	PRJNA1468402	SAMN60279606	North America	Peat/permafrost/tundra soil	Peat/permafrost soil	Canada: Quebec	46.03	-71.58		needs_metadata_or_OpenLandMap_confirmation	North America representative; Peat/permafrost/tundra soil	PRJNA1468402	Canada: Quebec		confirmed_lat_lon	not_selected_after_project_dedup:candidate	no	external_acidic_soil_project_reads	yes	yes	1070EMPLEM24-168_cucumber_rhizosphere_10-15 cm_SUB_FP-FGP-FL_B3; rhizosphere soil or growing medium; agricultural greenhouse; certified organic greenhouse; rhizosphere soil or growing medium; Canada: Quebec; 46.03 N 71.58 W
SRR38758062	PRJNA1468402	SAMN60279606	North America	Peat/permafrost/tundra soil	Peat/permafrost soil	Canada: Quebec	46.03	-71.58		needs_metadata_or_OpenLandMap_confirmation	North America representative; Peat/permafrost/tundra soil	PRJNA1468402	Canada: Quebec		confirmed_lat_lon	not_selected_after_project_dedup:candidate	no	external_acidic_soil_project_reads	yes	yes	1070EMPLEM24-168_cucumber_rhizosphere_10-15 cm_SUB_FP-FGP-FL_B3; rhizosphere soil or growing medium; agricultural greenhouse; certified organic greenhouse; rhizosphere soil or growing medium; Canada: Quebec; 46.03 N 71.58 W
SRR38758063	PRJNA1468402	SAMN60279605	North America	Peat/permafrost/tundra soil	Peat/permafrost soil	Canada: Quebec	46.03	-71.58		needs_metadata_or_OpenLandMap_confirmation	North America representative; Peat/permafrost/tundra soil	PRJNA1468402	Canada: Quebec		confirmed_lat_lon	not_selected_after_project_dedup:candidate	no	external_acidic_soil_project_reads	yes	yes	1069EMPLEM24-168_cucumber_rhizosphere_0-5 cm_SUB_FP-FGP-FL_B3; rhizosphere soil or growing medium; agricultural greenhouse; certified organic greenhouse; rhizosphere soil or growing medium; Canada: Quebec; 46.03 N 71.58 W
SRR38758064	PRJNA1468402	SAMN60279605	North America	Peat/permafrost/tundra soil	Peat/permafrost soil	Canada: Quebec	46.03	-71.58		needs_metadata_or_OpenLandMap_confirmation	North America representative; Peat/permafrost/tundra soil	PRJNA1468402	Canada: Quebec		confirmed_lat_lon	not_selected_after_project_dedup:candidate	no	external_acidic_soil_project_reads	yes	yes	1069EMPLEM24-168_cucumber_rhizosphere_0-5 cm_SUB_FP-FGP-FL_B3; rhizosphere soil or growing medium; agricultural greenhouse; certified organic greenhouse; rhizosphere soil or growing medium; Canada: Quebec; 46.03 N 71.58 W
SRR38758065	PRJNA1468402	SAMN60279604	North America	Peat/permafrost/tundra soil	Peat/permafrost soil	Canada: Quebec	46.03	-71.58		needs_metadata_or_OpenLandMap_confirmation	North America representative; Peat/permafrost/tundra soil	PRJNA1468402	Canada: Quebec		confirmed_lat_lon	not_selected_after_project_dedup:candidate	no	external_acidic_soil_project_reads	yes	yes	1068EMPLEM24-168_cucumber_bulk_10-15 cm_SUB_FL_B3; bulk soil or growing medium; agricultural greenhouse; certified organic greenhouse; bulk soil or growing medium; Canada: Quebec; 46.03 N 71.58 W
SRR38758066	PRJNA1468402	SAMN60279604	North America	Peat/permafrost/tundra soil	Peat/permafrost soil	Canada: Quebec	46.03	-71.58		needs_metadata_or_OpenLandMap_confirmation	North America representative; Peat/permafrost/tundra soil	PRJNA1468402	Canada: Quebec		confirmed_lat_lon	not_selected_after_project_dedup:candidate	no	external_acidic_soil_project_reads	yes	yes	1068EMPLEM24-168_cucumber_bulk_10-15 cm_SUB_FL_B3; bulk soil or growing medium; agricultural greenhouse; certified organic greenhouse; bulk soil or growing medium; Canada: Quebec; 46.03 N 71.58 W
SRR38758067	PRJNA1468402	SAMN60279603	North America	Peat/permafrost/tundra soil	Peat/permafrost soil	Canada: Quebec	46.03	-71.58		needs_metadata_or_OpenLandMap_confirmation	North America representative; Peat/permafrost/tundra soil	PRJNA1468402	Canada: Quebec		confirmed_lat_lon	not_selected_after_project_dedup:candidate	no	external_acidic_soil_project_reads	yes	yes	1067EMPLEM24-168_cucumber_bulk_0-5 cm_SUB_FL_B3; bulk soil or growing medium; agricultural greenhouse; certified organic greenhouse; bulk soil or growing medium; Canada: Quebec; 46.03 N 71.58 W
SRR38758068	PRJNA1468402	SAMN60279603	North America	Peat/permafrost/tundra soil	Peat/permafrost soil	Canada: Quebec	46.03	-71.58		needs_metadata_or_OpenLandMap_confirmation	North America representative; Peat/permafrost/tundra soil	PRJNA1468402	Canada: Quebec		confirmed_lat_lon	not_selected_after_project_dedup:candidate	no	external_acidic_soil_project_reads	yes	yes	1067EMPLEM24-168_cucumber_bulk_0-5 cm_SUB_FL_B3; bulk soil or growing medium; agricultural greenhouse; certified organic greenhouse; bulk soil or growing medium; Canada: Quebec; 46.03 N 71.58 W
SRR38819981	PRJNA1470217	SAMN60399700	South America	Amazon/tropical acidic soil candidate	Amazon/tropical soil	Nigeria: Southwestern Nigeria, Ile-Ife	7.25	4.75		needs_metadata_or_OpenLandMap_confirmation	South America representative; Amazon/tropical acidic soil candidate	PRJNA1470217	Nigeria: Southwestern Nigeria, Ile-Ife		confirmed_lat_lon	exclude_location_outside_continent	no	external_acidic_soil_project_reads	yes	yes	EGB_1; tropical forest biome [ENVO:01000213]; cacao plantation [ENVO:01001121]|fallow field [ENVO:01001119]|oil palm plantation [ENVO:01001121]; soil [ENVO:00001998]; Nigeria: Southwestern Nigeria, Ile-Ife; 7.25 N 4.75 E
SRR38819982	PRJNA1470217	SAMN60399708	South America	Amazon/tropical acidic soil candidate	Amazon/tropical soil	Nigeria: Southwestern Nigeria, Ile-Ife	7.25	4.75		needs_metadata_or_OpenLandMap_confirmation	South America representative; Amazon/tropical acidic soil candidate	PRJNA1470217	Nigeria: Southwestern Nigeria, Ile-Ife		confirmed_lat_lon	exclude_location_outside_continent	no	external_acidic_soil_project_reads	yes	yes	IWO_3; tropical forest biome [ENVO:01000213]; cacao plantation [ENVO:01001121]|fallow field [ENVO:01001119]|oil palm plantation [ENVO:01001121]; soil [ENVO:00001998]; Nigeria: Southwestern Nigeria, Ile-Ife; 7.25 N 4.75 E
SRR38819983	PRJNA1470217	SAMN60399707	South America	Amazon/tropical acidic soil candidate	Amazon/tropical soil	Nigeria: Southwestern Nigeria, Ile-Ife	7.25	4.75		needs_metadata_or_OpenLandMap_confirmation	South America representative; Amazon/tropical acidic soil candidate	PRJNA1470217	Nigeria: Southwestern Nigeria, Ile-Ife		confirmed_lat_lon	exclude_location_outside_continent	no	external_acidic_soil_project_reads	yes	yes	IWO_2; tropical forest biome [ENVO:01000213]; cacao plantation [ENVO:01001121]|fallow field [ENVO:01001119]|oil palm plantation [ENVO:01001121]; soil [ENVO:00001998]; Nigeria: Southwestern Nigeria, Ile-Ife; 7.25 N 4.75 E
SRR38819984	PRJNA1470217	SAMN60399706	South America	Amazon/tropical acidic soil candidate	Amazon/tropical soil	Nigeria: Southwestern Nigeria, Ile-Ife	7.25	4.75		needs_metadata_or_OpenLandMap_confirmation	South America representative; Amazon/tropical acidic soil candidate	PRJNA1470217	Nigeria: Southwestern Nigeria, Ile-Ife		confirmed_lat_lon	exclude_location_outside_continent	no	external_acidic_soil_project_reads	yes	yes	IWO_1; tropical forest biome [ENVO:01000213]; cacao plantation [ENVO:01001121]|fallow field [ENVO:01001119]|oil palm plantation [ENVO:01001121]; soil [ENVO:00001998]; Nigeria: Southwestern Nigeria, Ile-Ife; 7.25 N 4.75 E
SRR38819985	PRJNA1470217	SAMN60399705	South America	Amazon/tropical acidic soil candidate	Amazon/tropical soil	Nigeria: Southwestern Nigeria, Ile-Ife	7.25	4.75		needs_metadata_or_OpenLandMap_confirmation	South America representative; Amazon/tropical acidic soil candidate	PRJNA1470217	Nigeria: Southwestern Nigeria, Ile-Ife		confirmed_lat_lon	exclude_location_outside_continent	no	external_acidic_soil_project_reads	yes	yes	ITA_3; tropical forest biome [ENVO:01000213]; cacao plantation [ENVO:01001121]|fallow field [ENVO:01001119]|oil palm plantation [ENVO:01001121]; soil [ENVO:00001998]; Nigeria: Southwestern Nigeria, Ile-Ife; 7.25 N 4.75 E
SRR38819986	PRJNA1470217	SAMN60399704	South America	Amazon/tropical acidic soil candidate	Amazon/tropical soil	Nigeria: Southwestern Nigeria, Ile-Ife	7.25	4.75		needs_metadata_or_OpenLandMap_confirmation	South America representative; Amazon/tropical acidic soil candidate	PRJNA1470217	Nigeria: Southwestern Nigeria, Ile-Ife		confirmed_lat_lon	exclude_location_outside_continent	no	external_acidic_soil_project_reads	yes	yes	ITA_2; tropical forest biome [ENVO:01000213]; cacao plantation [ENVO:01001121]|fallow field [ENVO:01001119]|oil palm plantation [ENVO:01001121]; soil [ENVO:00001998]; Nigeria: Southwestern Nigeria, Ile-Ife; 7.25 N 4.75 E
SRR38819987	PRJNA1470217	SAMN60399703	South America	Amazon/tropical acidic soil candidate	Amazon/tropical soil	Nigeria: Southwestern Nigeria, Ile-Ife	7.25	4.75		needs_metadata_or_OpenLandMap_confirmation	South America representative; Amazon/tropical acidic soil candidate	PRJNA1470217	Nigeria: Southwestern Nigeria, Ile-Ife		confirmed_lat_lon	exclude_location_outside_continent	no	external_acidic_soil_project_reads	yes	yes	ITA_1; tropical forest biome [ENVO:01000213]; cacao plantation [ENVO:01001121]|fallow field [ENVO:01001119]|oil palm plantation [ENVO:01001121]; soil [ENVO:00001998]; Nigeria: Southwestern Nigeria, Ile-Ife; 7.25 N 4.75 E
SRR38819988	PRJNA1470217	SAMN60399702	South America	Amazon/tropical acidic soil candidate	Amazon/tropical soil	Nigeria: Southwestern Nigeria, Ile-Ife	7.25	4.75		needs_metadata_or_OpenLandMap_confirmation	South America representative; Amazon/tropical acidic soil candidate	PRJNA1470217	Nigeria: Southwestern Nigeria, Ile-Ife		confirmed_lat_lon	exclude_location_outside_continent	no	external_acidic_soil_project_reads	yes	yes	EGB_3; tropical forest biome [ENVO:01000213]; cacao plantation [ENVO:01001121]|fallow field [ENVO:01001119]|oil palm plantation [ENVO:01001121]; soil [ENVO:00001998]; Nigeria: Southwestern Nigeria, Ile-Ife; 7.25 N 4.75 E
SRR38819989	PRJNA1470217	SAMN60399708	South America	Amazon/tropical acidic soil candidate	Amazon/tropical soil	Nigeria: Southwestern Nigeria, Ile-Ife	7.25	4.75		needs_metadata_or_OpenLandMap_confirmation	South America representative; Amazon/tropical acidic soil candidate	PRJNA1470217	Nigeria: Southwestern Nigeria, Ile-Ife		confirmed_lat_lon	exclude_location_outside_continent	no	external_acidic_soil_project_reads	yes	yes	IWO_3; tropical forest biome [ENVO:01000213]; cacao plantation [ENVO:01001121]|fallow field [ENVO:01001119]|oil palm plantation [ENVO:01001121]; soil [ENVO:00001998]; Nigeria: Southwestern Nigeria, Ile-Ife; 7.25 N 4.75 E
SRR38819990	PRJNA1470217	SAMN60399707	South America	Amazon/tropical acidic soil candidate	Amazon/tropical soil	Nigeria: Southwestern Nigeria, Ile-Ife	7.25	4.75		needs_metadata_or_OpenLandMap_confirmation	South America representative; Amazon/tropical acidic soil candidate	PRJNA1470217	Nigeria: Southwestern Nigeria, Ile-Ife		confirmed_lat_lon	exclude_location_outside_continent	no	external_acidic_soil_project_reads	yes	yes	IWO_2; tropical forest biome [ENVO:01000213]; cacao plantation [ENVO:01001121]|fallow field [ENVO:01001119]|oil palm plantation [ENVO:01001121]; soil [ENVO:00001998]; Nigeria: Southwestern Nigeria, Ile-Ife; 7.25 N 4.75 E
SRR38819991	PRJNA1470217	SAMN60399706	South America	Amazon/tropical acidic soil candidate	Amazon/tropical soil	Nigeria: Southwestern Nigeria, Ile-Ife	7.25	4.75		needs_metadata_or_OpenLandMap_confirmation	South America representative; Amazon/tropical acidic soil candidate	PRJNA1470217	Nigeria: Southwestern Nigeria, Ile-Ife		confirmed_lat_lon	exclude_location_outside_continent	no	external_acidic_soil_project_reads	yes	yes	IWO_1; tropical forest biome [ENVO:01000213]; cacao plantation [ENVO:01001121]|fallow field [ENVO:01001119]|oil palm plantation [ENVO:01001121]; soil [ENVO:00001998]; Nigeria: Southwestern Nigeria, Ile-Ife; 7.25 N 4.75 E
SRR38819992	PRJNA1470217	SAMN60399705	South America	Amazon/tropical acidic soil candidate	Amazon/tropical soil	Nigeria: Southwestern Nigeria, Ile-Ife	7.25	4.75		needs_metadata_or_OpenLandMap_confirmation	South America representative; Amazon/tropical acidic soil candidate	PRJNA1470217	Nigeria: Southwestern Nigeria, Ile-Ife		confirmed_lat_lon	exclude_location_outside_continent	no	external_acidic_soil_project_reads	yes	yes	ITA_3; tropical forest biome [ENVO:01000213]; cacao plantation [ENVO:01001121]|fallow field [ENVO:01001119]|oil palm plantation [ENVO:01001121]; soil [ENVO:00001998]; Nigeria: Southwestern Nigeria, Ile-Ife; 7.25 N 4.75 E
SRR38819993	PRJNA1470217	SAMN60399704	South America	Amazon/tropical acidic soil candidate	Amazon/tropical soil	Nigeria: Southwestern Nigeria, Ile-Ife	7.25	4.75		needs_metadata_or_OpenLandMap_confirmation	South America representative; Amazon/tropical acidic soil candidate	PRJNA1470217	Nigeria: Southwestern Nigeria, Ile-Ife		confirmed_lat_lon	exclude_location_outside_continent	no	external_acidic_soil_project_reads	yes	yes	ITA_2; tropical forest biome [ENVO:01000213]; cacao plantation [ENVO:01001121]|fallow field [ENVO:01001119]|oil palm plantation [ENVO:01001121]; soil [ENVO:00001998]; Nigeria: Southwestern Nigeria, Ile-Ife; 7.25 N 4.75 E
SRR38819994	PRJNA1470217	SAMN60399703	South America	Amazon/tropical acidic soil candidate	Amazon/tropical soil	Nigeria: Southwestern Nigeria, Ile-Ife	7.25	4.75		needs_metadata_or_OpenLandMap_confirmation	South America representative; Amazon/tropical acidic soil candidate	PRJNA1470217	Nigeria: Southwestern Nigeria, Ile-Ife		confirmed_lat_lon	exclude_location_outside_continent	no	external_acidic_soil_project_reads	yes	yes	ITA_1; tropical forest biome [ENVO:01000213]; cacao plantation [ENVO:01001121]|fallow field [ENVO:01001119]|oil palm plantation [ENVO:01001121]; soil [ENVO:00001998]; Nigeria: Southwestern Nigeria, Ile-Ife; 7.25 N 4.75 E
SRR38819995	PRJNA1470217	SAMN60399702	South America	Amazon/tropical acidic soil candidate	Amazon/tropical soil	Nigeria: Southwestern Nigeria, Ile-Ife	7.25	4.75		needs_metadata_or_OpenLandMap_confirmation	South America representative; Amazon/tropical acidic soil candidate	PRJNA1470217	Nigeria: Southwestern Nigeria, Ile-Ife		confirmed_lat_lon	exclude_location_outside_continent	no	external_acidic_soil_project_reads	yes	yes	EGB_3; tropical forest biome [ENVO:01000213]; cacao plantation [ENVO:01001121]|fallow field [ENVO:01001119]|oil palm plantation [ENVO:01001121]; soil [ENVO:00001998]; Nigeria: Southwestern Nigeria, Ile-Ife; 7.25 N 4.75 E
SRR38819996	PRJNA1470217	SAMN60399701	South America	Amazon/tropical acidic soil candidate	Amazon/tropical soil	Nigeria: Southwestern Nigeria, Ile-Ife	7.25	4.75		needs_metadata_or_OpenLandMap_confirmation	South America representative; Amazon/tropical acidic soil candidate	PRJNA1470217	Nigeria: Southwestern Nigeria, Ile-Ife		confirmed_lat_lon	exclude_location_outside_continent	no	external_acidic_soil_project_reads	yes	yes	EGB_2; tropical forest biome [ENVO:01000213]; cacao plantation [ENVO:01001121]|fallow field [ENVO:01001119]|oil palm plantation [ENVO:01001121]; soil [ENVO:00001998]; Nigeria: Southwestern Nigeria, Ile-Ife; 7.25 N 4.75 E
SRR38819997	PRJNA1470217	SAMN60399701	South America	Amazon/tropical acidic soil candidate	Amazon/tropical soil	Nigeria: Southwestern Nigeria, Ile-Ife	7.25	4.75		needs_metadata_or_OpenLandMap_confirmation	South America representative; Amazon/tropical acidic soil candidate	PRJNA1470217	Nigeria: Southwestern Nigeria, Ile-Ife		confirmed_lat_lon	exclude_location_outside_continent	no	external_acidic_soil_project_reads	yes	yes	EGB_2; tropical forest biome [ENVO:01000213]; cacao plantation [ENVO:01001121]|fallow field [ENVO:01001119]|oil palm plantation [ENVO:01001121]; soil [ENVO:00001998]; Nigeria: Southwestern Nigeria, Ile-Ife; 7.25 N 4.75 E
SRR38819998	PRJNA1470217	SAMN60399700	South America	Amazon/tropical acidic soil candidate	Amazon/tropical soil	Nigeria: Southwestern Nigeria, Ile-Ife	7.25	4.75		needs_metadata_or_OpenLandMap_confirmation	South America representative; Amazon/tropical acidic soil candidate	PRJNA1470217	Nigeria: Southwestern Nigeria, Ile-Ife		confirmed_lat_lon	exclude_location_outside_continent	no	external_acidic_soil_project_reads	yes	yes	EGB_1; tropical forest biome [ENVO:01000213]; cacao plantation [ENVO:01001121]|fallow field [ENVO:01001119]|oil palm plantation [ENVO:01001121]; soil [ENVO:00001998]; Nigeria: Southwestern Nigeria, Ile-Ife; 7.25 N 4.75 E
SRR38425851	PRJNA1462828	SAMN59067912	South America	Amazon/tropical acidic soil candidate	Amazon/tropical soil	Peru: San Martin, Lamas	-6.58611111	-76.23694444		needs_metadata_or_OpenLandMap_confirmation	South America representative; Amazon/tropical acidic soil candidate	PRJNA1462828	Peru: San Martin, Lamas		confirmed_lat_lon	not_selected_after_project_dedup:candidate	no	external_acidic_soil_project_reads	yes	yes	Metagenome or environmental sample from soil metagenome; soil; Peru: San Martin, Lamas; 6.58611111 S 76.23694444 W
SRR38425852	PRJNA1462828	SAMN59067946	South America	Amazon/tropical acidic soil candidate	Amazon/tropical soil	Not applicable				needs_metadata_or_OpenLandMap_confirmation	South America representative; Amazon/tropical acidic soil candidate	PRJNA1462828	Not applicable		needs_geocoding	exclude_non_soil_or_unclear_source	no	external_acidic_soil_project_reads	no	yes	Metagenome or environmental sample from metagenome; Extraction blank control 4; Not applicable; Not applicable
SRR38425853	PRJNA1462828	SAMN59067945	South America	Amazon/tropical acidic soil candidate	Amazon/tropical soil	Not applicable				needs_metadata_or_OpenLandMap_confirmation	South America representative; Amazon/tropical acidic soil candidate	PRJNA1462828	Not applicable		needs_geocoding	exclude_non_soil_or_unclear_source	no	external_acidic_soil_project_reads	no	yes	Metagenome or environmental sample from metagenome; Extraction blank control 2; Not applicable; Not applicable
SRR38425854	PRJNA1462828	SAMN59067944	South America	Amazon/tropical acidic soil candidate	Amazon/tropical soil	Not applicable				needs_metadata_or_OpenLandMap_confirmation	South America representative; Amazon/tropical acidic soil candidate	PRJNA1462828	Not applicable		needs_geocoding	exclude_non_soil_or_unclear_source	no	external_acidic_soil_project_reads	no	yes	Metagenome or environmental sample from metagenome; Extraction blank control 1; Not applicable; Not applicable
SRR38425855	PRJNA1462828	SAMN59067943	South America	Amazon/tropical acidic soil candidate	Amazon/tropical soil	Peru: San Martin, San Martin	-6.43416666	-76.45444444		needs_metadata_or_OpenLandMap_confirmation	South America representative; Amazon/tropical acidic soil candidate	PRJNA1462828	Peru: San Martin, San Martin		confirmed_lat_lon	not_selected_after_project_dedup:candidate	no	external_acidic_soil_project_reads	yes	yes	Metagenome or environmental sample from soil metagenome; soil; Peru: San Martin, San Martin; 6.43416666 S 76.45444444 W
SRR38425856	PRJNA1462828	SAMN59067941	South America	Amazon/tropical acidic soil candidate	Amazon/tropical soil	Peru: San Martin, San Martin	-6.43388888	-76.45527777		needs_metadata_or_OpenLandMap_confirmation	South America representative; Amazon/tropical acidic soil candidate	PRJNA1462828	Peru: San Martin, San Martin		confirmed_lat_lon	not_selected_after_project_dedup:candidate	no	external_acidic_soil_project_reads	yes	yes	Metagenome or environmental sample from soil metagenome; soil; Peru: San Martin, San Martin; 6.43388888 S 76.45527777 W
SRR38425857	PRJNA1462828	SAMN59067942	South America	Amazon/tropical acidic soil candidate	Amazon/tropical soil	Peru: San Martin, Lamas	-6.42277777	-76.53222222		needs_metadata_or_OpenLandMap_confirmation	South America representative; Amazon/tropical acidic soil candidate	PRJNA1462828	Peru: San Martin, Lamas		confirmed_lat_lon	not_selected_after_project_dedup:candidate	no	external_acidic_soil_project_reads	yes	yes	Metagenome or environmental sample from soil metagenome; soil; Peru: San Martin, Lamas; 6.42277777 S 76.53222222 W
SRR38425858	PRJNA1462828	SAMN59067940	South America	Amazon/tropical acidic soil candidate	Amazon/tropical soil	Peru: San Martin, San Martin	-6.43444444	-76.45416666		needs_metadata_or_OpenLandMap_confirmation	South America representative; Amazon/tropical acidic soil candidate	PRJNA1462828	Peru: San Martin, San Martin		confirmed_lat_lon	not_selected_after_project_dedup:candidate	no	external_acidic_soil_project_reads	yes	yes	Metagenome or environmental sample from soil metagenome; soil; Peru: San Martin, San Martin; 6.43444444 S 76.45416666 W
SRR38425859	PRJNA1462828	SAMN59067939	South America	Amazon/tropical acidic soil candidate	Amazon/tropical soil	Peru: San Martin, San Martin	-6.43194444	-76.455		needs_metadata_or_OpenLandMap_confirmation	South America representative; Amazon/tropical acidic soil candidate	PRJNA1462828	Peru: San Martin, San Martin		confirmed_lat_lon	not_selected_after_project_dedup:candidate	no	external_acidic_soil_project_reads	yes	yes	Metagenome or environmental sample from soil metagenome; soil; Peru: San Martin, San Martin; 6.43194444 S 76.455 W
SRR38425860	PRJNA1462828	SAMN59067938	South America	Amazon/tropical acidic soil candidate	Amazon/tropical soil	Peru: San Martin, San Martin	-6.4225	-76.53194444		needs_metadata_or_OpenLandMap_confirmation	South America representative; Amazon/tropical acidic soil candidate	PRJNA1462828	Peru: San Martin, San Martin		confirmed_lat_lon	not_selected_after_project_dedup:candidate	no	external_acidic_soil_project_reads	yes	yes	Metagenome or environmental sample from soil metagenome; soil; Peru: San Martin, San Martin; 6.4225 S 76.53194444 W
SRR38425861	PRJNA1462828	SAMN59067911	South America	Amazon/tropical acidic soil candidate	Amazon/tropical soil	Peru: San Martin, San Martin	-6.58611111	-76.23666666		needs_metadata_or_OpenLandMap_confirmation	South America representative; Amazon/tropical acidic soil candidate	PRJNA1462828	Peru: San Martin, San Martin		confirmed_lat_lon	not_selected_after_project_dedup:candidate	no	external_acidic_soil_project_reads	yes	yes	Metagenome or environmental sample from soil metagenome; soil; Peru: San Martin, San Martin; 6.58611111 S 76.23666666 W
SRR38425862	PRJNA1462828	SAMN59067937	South America	Amazon/tropical acidic soil candidate	Amazon/tropical soil	Peru: San Martin, San Martin	-6.43222222	-76.45555555		needs_metadata_or_OpenLandMap_confirmation	South America representative; Amazon/tropical acidic soil candidate	PRJNA1462828	Peru: San Martin, San Martin		confirmed_lat_lon	not_selected_after_project_dedup:candidate	no	external_acidic_soil_project_reads	yes	yes	Metagenome or environmental sample from soil metagenome; soil; Peru: San Martin, San Martin; 6.43222222 S 76.45555555 W
SRR38425863	PRJNA1462828	SAMN59067936	South America	Amazon/tropical acidic soil candidate	Amazon/tropical soil	Peru: San Martin, San Martin	-6.4225	-76.53194444		needs_metadata_or_OpenLandMap_confirmation	South America representative; Amazon/tropical acidic soil candidate	PRJNA1462828	Peru: San Martin, San Martin		confirmed_lat_lon	not_selected_after_project_dedup:candidate	no	external_acidic_soil_project_reads	yes	yes	Metagenome or environmental sample from soil metagenome; soil; Peru: San Martin, San Martin; 6.4225 S 76.53194444 W
SRR38425864	PRJNA1462828	SAMN59067935	South America	Amazon/tropical acidic soil candidate	Amazon/tropical soil	Peru: San Martin, Lamas	-6.42277777	-76.53194444		needs_metadata_or_OpenLandMap_confirmation	South America representative; Amazon/tropical acidic soil candidate	PRJNA1462828	Peru: San Martin, Lamas		confirmed_lat_lon	not_selected_after_project_dedup:candidate	no	external_acidic_soil_project_reads	yes	yes	Metagenome or environmental sample from soil metagenome; soil; Peru: San Martin, Lamas; 6.42277777 S 76.53194444 W
SRR38425865	PRJNA1462828	SAMN59067934	South America	Amazon/tropical acidic soil candidate	Amazon/tropical soil	Peru: San Martin, Lamas	-6.42277777	-76.53222222		needs_metadata_or_OpenLandMap_confirmation	South America representative; Amazon/tropical acidic soil candidate	PRJNA1462828	Peru: San Martin, Lamas		confirmed_lat_lon	not_selected_after_project_dedup:candidate	no	external_acidic_soil_project_reads	yes	yes	Metagenome or environmental sample from soil metagenome; soil; Peru: San Martin, Lamas; 6.42277777 S 76.53222222 W
SRR38425866	PRJNA1462828	SAMN59067933	South America	Amazon/tropical acidic soil candidate	Amazon/tropical soil	Peru: San Martin, Lamas	-6.4225	-76.53194444		needs_metadata_or_OpenLandMap_confirmation	South America representative; Amazon/tropical acidic soil candidate	PRJNA1462828	Peru: San Martin, Lamas		confirmed_lat_lon	not_selected_after_project_dedup:candidate	no	external_acidic_soil_project_reads	yes	yes	Metagenome or environmental sample from soil metagenome; soil; Peru: San Martin, Lamas; 6.4225 S 76.53194444 W
SRR38425870	PRJNA1462828	SAMN59067932	South America	Amazon/tropical acidic soil candidate	Amazon/tropical soil	Peru: San Martin, San Martin	-6.43472222	-76.45416666		needs_metadata_or_OpenLandMap_confirmation	South America representative; Amazon/tropical acidic soil candidate	PRJNA1462828	Peru: San Martin, San Martin		confirmed_lat_lon	not_selected_after_project_dedup:candidate	no	external_acidic_soil_project_reads	yes	yes	Metagenome or environmental sample from soil metagenome; soil; Peru: San Martin, San Martin; 6.43472222 S 76.45416666 W
SRR38425867	PRJNA1462828	SAMN59067931	South America	Amazon/tropical acidic soil candidate	Amazon/tropical soil	Peru: San Martin, San Martin	-6.4225	-76.53222222		needs_metadata_or_OpenLandMap_confirmation	South America representative; Amazon/tropical acidic soil candidate	PRJNA1462828	Peru: San Martin, San Martin		confirmed_lat_lon	not_selected_after_project_dedup:candidate	no	external_acidic_soil_project_reads	yes	yes	Metagenome or environmental sample from soil metagenome; soil; Peru: San Martin, San Martin; 6.4225 S 76.53222222 W
SRR38425868	PRJNA1462828	SAMN59067930	South America	Amazon/tropical acidic soil candidate	Amazon/tropical soil	Peru: San Martin, San Martin	-6.42222222	-76.53222222		needs_metadata_or_OpenLandMap_confirmation	South America representative; Amazon/tropical acidic soil candidate	PRJNA1462828	Peru: San Martin, San Martin		confirmed_lat_lon	not_selected_after_project_dedup:candidate	no	external_acidic_soil_project_reads	yes	yes	Metagenome or environmental sample from soil metagenome; soil; Peru: San Martin, San Martin; 6.42222222 S 76.53222222 W
SRR38425869	PRJNA1462828	SAMN59067929	South America	Amazon/tropical acidic soil candidate	Amazon/tropical soil	Peru: San Martin, San Martin	-6.4225	-76.53194444		needs_metadata_or_OpenLandMap_confirmation	South America representative; Amazon/tropical acidic soil candidate	PRJNA1462828	Peru: San Martin, San Martin		confirmed_lat_lon	not_selected_after_project_dedup:candidate	no	external_acidic_soil_project_reads	yes	yes	Metagenome or environmental sample from soil metagenome; soil; Peru: San Martin, San Martin; 6.4225 S 76.53194444 W
SRR38425871	PRJNA1462828	SAMN59067928	South America	Amazon/tropical acidic soil candidate	Amazon/tropical soil	Peru: San Martin, Lamas	-6.4225	-76.53222222		needs_metadata_or_OpenLandMap_confirmation	South America representative; Amazon/tropical acidic soil candidate	PRJNA1462828	Peru: San Martin, Lamas		confirmed_lat_lon	not_selected_after_project_dedup:candidate	no	external_acidic_soil_project_reads	yes	yes	Metagenome or environmental sample from soil metagenome; soil; Peru: San Martin, Lamas; 6.4225 S 76.53222222 W
SRR38425872	PRJNA1462828	SAMN59067910	South America	Amazon/tropical acidic soil candidate	Amazon/tropical soil	Peru: San Martin, Lamas	-6.58583333	-76.23722222		needs_metadata_or_OpenLandMap_confirmation	South America representative; Amazon/tropical acidic soil candidate	PRJNA1462828	Peru: San Martin, Lamas		confirmed_lat_lon	not_selected_after_project_dedup:candidate	no	external_acidic_soil_project_reads	yes	yes	Metagenome or environmental sample from soil metagenome; soil; Peru: San Martin, Lamas; 6.58583333 S 76.23722222 W
SRR38425873	PRJNA1462828	SAMN59067927	South America	Amazon/tropical acidic soil candidate	Amazon/tropical soil	Peru: San Martin, San Martin	-6.42222222	-76.53222222		needs_metadata_or_OpenLandMap_confirmation	South America representative; Amazon/tropical acidic soil candidate	PRJNA1462828	Peru: San Martin, San Martin		confirmed_lat_lon	not_selected_after_project_dedup:candidate	no	external_acidic_soil_project_reads	yes	yes	Metagenome or environmental sample from soil metagenome; soil; Peru: San Martin, San Martin; 6.42222222 S 76.53222222 W
SRR38425874	PRJNA1462828	SAMN59067926	South America	Amazon/tropical acidic soil candidate	Amazon/tropical soil	Peru: San Martin, Lamas	-6.43472222	-76.45388888		needs_metadata_or_OpenLandMap_confirmation	South America representative; Amazon/tropical acidic soil candidate	PRJNA1462828	Peru: San Martin, Lamas		confirmed_lat_lon	not_selected_after_project_dedup:candidate	no	external_acidic_soil_project_reads	yes	yes	Metagenome or environmental sample from soil metagenome; soil; Peru: San Martin, Lamas; 6.43472222 S 76.45388888 W
SRR38425875	PRJNA1462828	SAMN59067925	South America	Amazon/tropical acidic soil candidate	Amazon/tropical soil	Peru: San Martin, Lamas	-6.4225	-76.53222222		needs_metadata_or_OpenLandMap_confirmation	South America representative; Amazon/tropical acidic soil candidate	PRJNA1462828	Peru: San Martin, Lamas		confirmed_lat_lon	not_selected_after_project_dedup:candidate	no	external_acidic_soil_project_reads	yes	yes	Metagenome or environmental sample from soil metagenome; soil; Peru: San Martin, Lamas; 6.4225 S 76.53222222 W
SRR38425876	PRJNA1462828	SAMN59067924	South America	Amazon/tropical acidic soil candidate	Amazon/tropical soil	Peru: San Martin, Lamas	-6.43416666	-76.45527777		needs_metadata_or_OpenLandMap_confirmation	South America representative; Amazon/tropical acidic soil candidate	PRJNA1462828	Peru: San Martin, Lamas		confirmed_lat_lon	not_selected_after_project_dedup:candidate	no	external_acidic_soil_project_reads	yes	yes	Metagenome or environmental sample from soil metagenome; soil; Peru: San Martin, Lamas; 6.43416666 S 76.45527777 W
SRR38425877	PRJNA1462828	SAMN59067923	South America	Amazon/tropical acidic soil candidate	Amazon/tropical soil	Peru: San Martin, Lamas	-6.43416666	-76.455		needs_metadata_or_OpenLandMap_confirmation	South America representative; Amazon/tropical acidic soil candidate	PRJNA1462828	Peru: San Martin, Lamas		confirmed_lat_lon	not_selected_after_project_dedup:candidate	no	external_acidic_soil_project_reads	yes	yes	Metagenome or environmental sample from soil metagenome; soil; Peru: San Martin, Lamas; 6.43416666 S 76.455 W
SRR38425878	PRJNA1462828	SAMN59067921	South America	Amazon/tropical acidic soil candidate	Amazon/tropical soil	Peru: San Martin, Lamas	-6.43444444	-76.45416666		needs_metadata_or_OpenLandMap_confirmation	South America representative; Amazon/tropical acidic soil candidate	PRJNA1462828	Peru: San Martin, Lamas		confirmed_lat_lon	not_selected_after_project_dedup:candidate	no	external_acidic_soil_project_reads	yes	yes	Metagenome or environmental sample from soil metagenome; soil; Peru: San Martin, Lamas; 6.43444444 S 76.45416666 W
SRR38425879	PRJNA1462828	SAMN59067922	South America	Amazon/tropical acidic soil candidate	Amazon/tropical soil	Peru: San Martin, Lamas	-6.43444444	-76.45416666		needs_metadata_or_OpenLandMap_confirmation	South America representative; Amazon/tropical acidic soil candidate	PRJNA1462828	Peru: San Martin, Lamas		confirmed_lat_lon	not_selected_after_project_dedup:candidate	no	external_acidic_soil_project_reads	yes	yes	Metagenome or environmental sample from soil metagenome; soil; Peru: San Martin, Lamas; 6.43444444 S 76.45416666 W
SRR38425880	PRJNA1462828	SAMN59067920	South America	Amazon/tropical acidic soil candidate	Amazon/tropical soil	Peru: San Martin, Lamas	-6.43444444	-76.45388888		needs_metadata_or_OpenLandMap_confirmation	South America representative; Amazon/tropical acidic soil candidate	PRJNA1462828	Peru: San Martin, Lamas		confirmed_lat_lon	not_selected_after_project_dedup:candidate	no	external_acidic_soil_project_reads	yes	yes	Metagenome or environmental sample from soil metagenome; soil; Peru: San Martin, Lamas; 6.43444444 S 76.45388888 W
SRR38425881	PRJNA1462828	SAMN59067919	South America	Amazon/tropical acidic soil candidate	Amazon/tropical soil	Peru: San Martin, San Martin	-6.58611111	-76.23666666		needs_metadata_or_OpenLandMap_confirmation	South America representative; Amazon/tropical acidic soil candidate	PRJNA1462828	Peru: San Martin, San Martin		confirmed_lat_lon	not_selected_after_project_dedup:candidate	no	external_acidic_soil_project_reads	yes	yes	Metagenome or environmental sample from soil metagenome; soil; Peru: San Martin, San Martin; 6.58611111 S 76.23666666 W
SRR38425882	PRJNA1462828	SAMN59067918	South America	Amazon/tropical acidic soil candidate	Amazon/tropical soil	Peru: San Martin, Lamas	-6.58527777	-76.23694444		needs_metadata_or_OpenLandMap_confirmation	South America representative; Amazon/tropical acidic soil candidate	PRJNA1462828	Peru: San Martin, Lamas		confirmed_lat_lon	not_selected_after_project_dedup:candidate	no	external_acidic_soil_project_reads	yes	yes	Metagenome or environmental sample from soil metagenome; soil; Peru: San Martin, Lamas; 6.58527777 S 76.23694444 W
SRR38425883	PRJNA1462828	SAMN59067909	South America	Amazon/tropical acidic soil candidate	Amazon/tropical soil	Peru: San Martin, Lamas	-6.585	-76.23694444		needs_metadata_or_OpenLandMap_confirmation	South America representative; Amazon/tropical acidic soil candidate	PRJNA1462828	Peru: San Martin, Lamas		confirmed_lat_lon	not_selected_after_project_dedup:candidate	no	external_acidic_soil_project_reads	yes	yes	Metagenome or environmental sample from soil metagenome; soil; Peru: San Martin, Lamas; 6.585 S 76.23694444 W
SRR38425884	PRJNA1462828	SAMN59067917	South America	Amazon/tropical acidic soil candidate	Amazon/tropical soil	Peru: San Martin, San Martin	-6.58611111	-76.23666666		needs_metadata_or_OpenLandMap_confirmation	South America representative; Amazon/tropical acidic soil candidate	PRJNA1462828	Peru: San Martin, San Martin		confirmed_lat_lon	not_selected_after_project_dedup:candidate	no	external_acidic_soil_project_reads	yes	yes	Metagenome or environmental sample from soil metagenome; soil; Peru: San Martin, San Martin; 6.58611111 S 76.23666666 W
SRR38425885	PRJNA1462828	SAMN59067916	South America	Amazon/tropical acidic soil candidate	Amazon/tropical soil	Peru: San Martin, San Martin	-6.58416666	-76.23555555		needs_metadata_or_OpenLandMap_confirmation	South America representative; Amazon/tropical acidic soil candidate	PRJNA1462828	Peru: San Martin, San Martin		confirmed_lat_lon	not_selected_after_project_dedup:candidate	no	external_acidic_soil_project_reads	yes	yes	Metagenome or environmental sample from soil metagenome; soil; Peru: San Martin, San Martin; 6.58416666 S 76.23555555 W
SRR38425886	PRJNA1462828	SAMN59067915	South America	Amazon/tropical acidic soil candidate	Amazon/tropical soil	Peru: San Martin, San Martin	-6.58527777	-76.23666666		needs_metadata_or_OpenLandMap_confirmation	South America representative; Amazon/tropical acidic soil candidate	PRJNA1462828	Peru: San Martin, San Martin		confirmed_lat_lon	not_selected_after_project_dedup:candidate	no	external_acidic_soil_project_reads	yes	yes	Metagenome or environmental sample from soil metagenome; soil; Peru: San Martin, San Martin; 6.58527777 S 76.23666666 W
SRR38425887	PRJNA1462828	SAMN59067914	South America	Amazon/tropical acidic soil candidate	Amazon/tropical soil	Peru: San Martin, San Martin	-6.58416666	-76.23583333		needs_metadata_or_OpenLandMap_confirmation	South America representative; Amazon/tropical acidic soil candidate	PRJNA1462828	Peru: San Martin, San Martin		confirmed_lat_lon	not_selected_after_project_dedup:candidate	no	external_acidic_soil_project_reads	yes	yes	Metagenome or environmental sample from soil metagenome; soil; Peru: San Martin, San Martin; 6.58416666 S 76.23583333 W
SRR38425888	PRJNA1462828	SAMN59067913	South America	Amazon/tropical acidic soil candidate	Amazon/tropical soil	Peru: San Martin, Lamas	-6.58583333	-76.23666666		needs_metadata_or_OpenLandMap_confirmation	South America representative; Amazon/tropical acidic soil candidate	PRJNA1462828	Peru: San Martin, Lamas		confirmed_lat_lon	not_selected_after_project_dedup:candidate	no	external_acidic_soil_project_reads	yes	yes	Metagenome or environmental sample from soil metagenome; soil; Peru: San Martin, Lamas; 6.58583333 S 76.23666666 W
SRR38425889	PRJNA1462828	SAMN59067908	South America	Amazon/tropical acidic soil candidate	Amazon/tropical soil	Peru: San Martin, Lamas	-6.58583333	-76.23694444		needs_metadata_or_OpenLandMap_confirmation	South America representative; Amazon/tropical acidic soil candidate	PRJNA1462828	Peru: San Martin, Lamas		confirmed_lat_lon	not_selected_after_project_dedup:candidate	no	external_acidic_soil_project_reads	yes	yes	Metagenome or environmental sample from soil metagenome; soil; Peru: San Martin, Lamas; 6.58583333 S 76.23694444 W
ERR16912631	PRJEB110201	SAMEA121988888	South America	Amazon/tropical acidic soil candidate	Amazon/tropical soil					needs_metadata_or_OpenLandMap_confirmation	South America representative; Amazon/tropical acidic soil candidate	PRJEB110201	SAMEA121988888		missing_location	exclude_non_soil_or_unclear_source	no	external_acidic_soil_project_reads	no	yes	
ERR16978015	PRJEB110201	SAMEA121988911	South America	Amazon/tropical acidic soil candidate	Amazon/tropical soil					needs_metadata_or_OpenLandMap_confirmation	South America representative; Amazon/tropical acidic soil candidate	PRJEB110201	SAMEA121988911		missing_location	exclude_non_soil_or_unclear_source	no	external_acidic_soil_project_reads	no	yes	
ERR16897195	PRJEB110201	SAMEA121988885	South America	Amazon/tropical acidic soil candidate	Amazon/tropical soil					needs_metadata_or_OpenLandMap_confirmation	South America representative; Amazon/tropical acidic soil candidate	PRJEB110201	SAMEA121988885		missing_location	exclude_non_soil_or_unclear_source	no	external_acidic_soil_project_reads	no	yes	
ERR16980110	PRJEB110201	SAMEA121988915	South America	Amazon/tropical acidic soil candidate	Amazon/tropical soil					needs_metadata_or_OpenLandMap_confirmation	South America representative; Amazon/tropical acidic soil candidate	PRJEB110201	SAMEA121988915		missing_location	exclude_non_soil_or_unclear_source	no	external_acidic_soil_project_reads	no	yes	
ERR16896941	PRJEB110201	SAMEA121988882	South America	Amazon/tropical acidic soil candidate	Amazon/tropical soil					needs_metadata_or_OpenLandMap_confirmation	South America representative; Amazon/tropical acidic soil candidate	PRJEB110201	SAMEA121988882		missing_location	exclude_non_soil_or_unclear_source	no	external_acidic_soil_project_reads	no	yes	
ERR16978009	PRJEB110201	SAMEA121988905	South America	Amazon/tropical acidic soil candidate	Amazon/tropical soil					needs_metadata_or_OpenLandMap_confirmation	South America representative; Amazon/tropical acidic soil candidate	PRJEB110201	SAMEA121988905		missing_location	exclude_non_soil_or_unclear_source	no	external_acidic_soil_project_reads	no	yes	
ERR16977914	PRJEB110201	SAMEA121988897	South America	Amazon/tropical acidic soil candidate	Amazon/tropical soil					needs_metadata_or_OpenLandMap_confirmation	South America representative; Amazon/tropical acidic soil candidate	PRJEB110201	SAMEA121988897		missing_location	exclude_non_soil_or_unclear_source	no	external_acidic_soil_project_reads	no	yes	
ERR16979956	PRJEB110201	SAMEA121988913	South America	Amazon/tropical acidic soil candidate	Amazon/tropical soil					needs_metadata_or_OpenLandMap_confirmation	South America representative; Amazon/tropical acidic soil candidate	PRJEB110201	SAMEA121988913		missing_location	exclude_non_soil_or_unclear_source	no	external_acidic_soil_project_reads	no	yes	
ERR16980057	PRJEB110201	SAMEA121988914	South America	Amazon/tropical acidic soil candidate	Amazon/tropical soil					needs_metadata_or_OpenLandMap_confirmation	South America representative; Amazon/tropical acidic soil candidate	PRJEB110201	SAMEA121988914		missing_location	exclude_non_soil_or_unclear_source	no	external_acidic_soil_project_reads	no	yes	
ERR16915029	PRJEB110201	SAMEA121988889	South America	Amazon/tropical acidic soil candidate	Amazon/tropical soil					needs_metadata_or_OpenLandMap_confirmation	South America representative; Amazon/tropical acidic soil candidate	PRJEB110201	SAMEA121988889		missing_location	exclude_non_soil_or_unclear_source	no	external_acidic_soil_project_reads	no	yes	
ERR16922809	PRJEB110201	SAMEA121988890	South America	Amazon/tropical acidic soil candidate	Amazon/tropical soil					needs_metadata_or_OpenLandMap_confirmation	South America representative; Amazon/tropical acidic soil candidate	PRJEB110201	SAMEA121988890		missing_location	exclude_non_soil_or_unclear_source	no	external_acidic_soil_project_reads	no	yes	
ERR16912420	PRJEB110201	SAMEA121988886	South America	Amazon/tropical acidic soil candidate	Amazon/tropical soil					needs_metadata_or_OpenLandMap_confirmation	South America representative; Amazon/tropical acidic soil candidate	PRJEB110201	SAMEA121988886		missing_location	exclude_non_soil_or_unclear_source	no	external_acidic_soil_project_reads	no	yes	
ERR16978016	PRJEB110201	SAMEA121988912	South America	Amazon/tropical acidic soil candidate	Amazon/tropical soil					needs_metadata_or_OpenLandMap_confirmation	South America representative; Amazon/tropical acidic soil candidate	PRJEB110201	SAMEA121988912		missing_location	exclude_non_soil_or_unclear_source	no	external_acidic_soil_project_reads	no	yes	
ERR16964901	PRJEB110201	SAMEA121988894	South America	Amazon/tropical acidic soil candidate	Amazon/tropical soil					needs_metadata_or_OpenLandMap_confirmation	South America representative; Amazon/tropical acidic soil candidate	PRJEB110201	SAMEA121988894		missing_location	exclude_non_soil_or_unclear_source	no	external_acidic_soil_project_reads	no	yes	
ERR16978007	PRJEB110201	SAMEA121988904	South America	Amazon/tropical acidic soil candidate	Amazon/tropical soil					needs_metadata_or_OpenLandMap_confirmation	South America representative; Amazon/tropical acidic soil candidate	PRJEB110201	SAMEA121988904		missing_location	exclude_non_soil_or_unclear_source	no	external_acidic_soil_project_reads	no	yes	
ERR16897154	PRJEB110201	SAMEA121988884	South America	Amazon/tropical acidic soil candidate	Amazon/tropical soil					needs_metadata_or_OpenLandMap_confirmation	South America representative; Amazon/tropical acidic soil candidate	PRJEB110201	SAMEA121988884		missing_location	exclude_non_soil_or_unclear_source	no	external_acidic_soil_project_reads	no	yes	
ERR16977912	PRJEB110201	SAMEA121988895	South America	Amazon/tropical acidic soil candidate	Amazon/tropical soil					needs_metadata_or_OpenLandMap_confirmation	South America representative; Amazon/tropical acidic soil candidate	PRJEB110201	SAMEA121988895		missing_location	exclude_non_soil_or_unclear_source	no	external_acidic_soil_project_reads	no	yes	
ERR16922811	PRJEB110201	SAMEA121988892	South America	Amazon/tropical acidic soil candidate	Amazon/tropical soil					needs_metadata_or_OpenLandMap_confirmation	South America representative; Amazon/tropical acidic soil candidate	PRJEB110201	SAMEA121988892		missing_location	exclude_non_soil_or_unclear_source	no	external_acidic_soil_project_reads	no	yes	
ERR16978011	PRJEB110201	SAMEA121988907	South America	Amazon/tropical acidic soil candidate	Amazon/tropical soil					needs_metadata_or_OpenLandMap_confirmation	South America representative; Amazon/tropical acidic soil candidate	PRJEB110201	SAMEA121988907		missing_location	exclude_non_soil_or_unclear_source	no	external_acidic_soil_project_reads	no	yes	
ERR16977918	PRJEB110201	SAMEA121988901	South America	Amazon/tropical acidic soil candidate	Amazon/tropical soil					needs_metadata_or_OpenLandMap_confirmation	South America representative; Amazon/tropical acidic soil candidate	PRJEB110201	SAMEA121988901		missing_location	exclude_non_soil_or_unclear_source	no	external_acidic_soil_project_reads	no	yes	
ERR16977920	PRJEB110201	SAMEA121988903	South America	Amazon/tropical acidic soil candidate	Amazon/tropical soil					needs_metadata_or_OpenLandMap_confirmation	South America representative; Amazon/tropical acidic soil candidate	PRJEB110201	SAMEA121988903		missing_location	exclude_non_soil_or_unclear_source	no	external_acidic_soil_project_reads	no	yes	
ERR16977916	PRJEB110201	SAMEA121988899	South America	Amazon/tropical acidic soil candidate	Amazon/tropical soil					needs_metadata_or_OpenLandMap_confirmation	South America representative; Amazon/tropical acidic soil candidate	PRJEB110201	SAMEA121988899		missing_location	exclude_non_soil_or_unclear_source	no	external_acidic_soil_project_reads	no	yes	
ERR16980625	PRJEB110201	SAMEA121988916	South America	Amazon/tropical acidic soil candidate	Amazon/tropical soil					needs_metadata_or_OpenLandMap_confirmation	South America representative; Amazon/tropical acidic soil candidate	PRJEB110201	SAMEA121988916		missing_location	exclude_non_soil_or_unclear_source	no	external_acidic_soil_project_reads	no	yes	
ERR16977915	PRJEB110201	SAMEA121988898	South America	Amazon/tropical acidic soil candidate	Amazon/tropical soil					needs_metadata_or_OpenLandMap_confirmation	South America representative; Amazon/tropical acidic soil candidate	PRJEB110201	SAMEA121988898		missing_location	exclude_non_soil_or_unclear_source	no	external_acidic_soil_project_reads	no	yes	
ERR16978012	PRJEB110201	SAMEA121988908	South America	Amazon/tropical acidic soil candidate	Amazon/tropical soil					needs_metadata_or_OpenLandMap_confirmation	South America representative; Amazon/tropical acidic soil candidate	PRJEB110201	SAMEA121988908		missing_location	exclude_non_soil_or_unclear_source	no	external_acidic_soil_project_reads	no	yes	
ERR16978010	PRJEB110201	SAMEA121988906	South America	Amazon/tropical acidic soil candidate	Amazon/tropical soil					needs_metadata_or_OpenLandMap_confirmation	South America representative; Amazon/tropical acidic soil candidate	PRJEB110201	SAMEA121988906		missing_location	exclude_non_soil_or_unclear_source	no	external_acidic_soil_project_reads	no	yes	
ERR16978013	PRJEB110201	SAMEA121988909	South America	Amazon/tropical acidic soil candidate	Amazon/tropical soil					needs_metadata_or_OpenLandMap_confirmation	South America representative; Amazon/tropical acidic soil candidate	PRJEB110201	SAMEA121988909		missing_location	exclude_non_soil_or_unclear_source	no	external_acidic_soil_project_reads	no	yes	
ERR16897071	PRJEB110201	SAMEA121988883	South America	Amazon/tropical acidic soil candidate	Amazon/tropical soil					needs_metadata_or_OpenLandMap_confirmation	South America representative; Amazon/tropical acidic soil candidate	PRJEB110201	SAMEA121988883		missing_location	exclude_non_soil_or_unclear_source	no	external_acidic_soil_project_reads	no	yes	
ERR16896853	PRJEB110201	SAMEA121988881	South America	Amazon/tropical acidic soil candidate	Amazon/tropical soil					needs_metadata_or_OpenLandMap_confirmation	South America representative; Amazon/tropical acidic soil candidate	PRJEB110201	SAMEA121988881		missing_location	exclude_non_soil_or_unclear_source	no	external_acidic_soil_project_reads	no	yes	
ERR16977917	PRJEB110201	SAMEA121988900	South America	Amazon/tropical acidic soil candidate	Amazon/tropical soil					needs_metadata_or_OpenLandMap_confirmation	South America representative; Amazon/tropical acidic soil candidate	PRJEB110201	SAMEA121988900		missing_location	exclude_non_soil_or_unclear_source	no	external_acidic_soil_project_reads	no	yes	
ERR16922810	PRJEB110201	SAMEA121988891	South America	Amazon/tropical acidic soil candidate	Amazon/tropical soil					needs_metadata_or_OpenLandMap_confirmation	South America representative; Amazon/tropical acidic soil candidate	PRJEB110201	SAMEA121988891		missing_location	exclude_non_soil_or_unclear_source	no	external_acidic_soil_project_reads	no	yes	
ERR16964888	PRJEB110201	SAMEA121988893	South America	Amazon/tropical acidic soil candidate	Amazon/tropical soil					needs_metadata_or_OpenLandMap_confirmation	South America representative; Amazon/tropical acidic soil candidate	PRJEB110201	SAMEA121988893		missing_location	exclude_non_soil_or_unclear_source	no	external_acidic_soil_project_reads	no	yes	
ERR16977913	PRJEB110201	SAMEA121988896	South America	Amazon/tropical acidic soil candidate	Amazon/tropical soil					needs_metadata_or_OpenLandMap_confirmation	South America representative; Amazon/tropical acidic soil candidate	PRJEB110201	SAMEA121988896		missing_location	exclude_non_soil_or_unclear_source	no	external_acidic_soil_project_reads	no	yes	
ERR16978014	PRJEB110201	SAMEA121988910	South America	Amazon/tropical acidic soil candidate	Amazon/tropical soil					needs_metadata_or_OpenLandMap_confirmation	South America representative; Amazon/tropical acidic soil candidate	PRJEB110201	SAMEA121988910		missing_location	exclude_non_soil_or_unclear_source	no	external_acidic_soil_project_reads	no	yes	
ERR16977919	PRJEB110201	SAMEA121988902	South America	Amazon/tropical acidic soil candidate	Amazon/tropical soil					needs_metadata_or_OpenLandMap_confirmation	South America representative; Amazon/tropical acidic soil candidate	PRJEB110201	SAMEA121988902		missing_location	exclude_non_soil_or_unclear_source	no	external_acidic_soil_project_reads	no	yes	
ERR16912630	PRJEB110201	SAMEA121988887	South America	Amazon/tropical acidic soil candidate	Amazon/tropical soil					needs_metadata_or_OpenLandMap_confirmation	South America representative; Amazon/tropical acidic soil candidate	PRJEB110201	SAMEA121988887		missing_location	exclude_non_soil_or_unclear_source	no	external_acidic_soil_project_reads	no	yes	
SRR38233334	PRJNA1456809	SAMN57424801	South America	Amazon/tropical acidic soil candidate	Amazon/tropical soil	China				needs_metadata_or_OpenLandMap_confirmation	South America representative; Amazon/tropical acidic soil candidate	PRJNA1456809	China		needs_geocoding	exclude_location_outside_continent	no	external_acidic_soil_project_reads	yes	yes	"=A23&"" bacterial metagenome""; grass soil environmental DNA; China; not applicable"
SRR38233335	PRJNA1456809	SAMN57424881	South America	Amazon/tropical acidic soil candidate	Amazon/tropical soil	China				needs_metadata_or_OpenLandMap_confirmation	South America representative; Amazon/tropical acidic soil candidate	PRJNA1456809	China		needs_geocoding	exclude_location_outside_continent	no	external_acidic_soil_project_reads	yes	yes	"=A103&"" bacterial metagenome""; grass soil environmental DNA; China; not applicable"
SRR38233336	PRJNA1456809	SAMN57424880	South America	Amazon/tropical acidic soil candidate	Amazon/tropical soil	China				needs_metadata_or_OpenLandMap_confirmation	South America representative; Amazon/tropical acidic soil candidate	PRJNA1456809	China		needs_geocoding	exclude_location_outside_continent	no	external_acidic_soil_project_reads	yes	yes	"=A102&"" bacterial metagenome""; grass soil environmental DNA; China; not applicable"
SRR38233337	PRJNA1456809	SAMN57424879	South America	Amazon/tropical acidic soil candidate	Amazon/tropical soil	China				needs_metadata_or_OpenLandMap_confirmation	South America representative; Amazon/tropical acidic soil candidate	PRJNA1456809	China		needs_geocoding	exclude_location_outside_continent	no	external_acidic_soil_project_reads	yes	yes	"=A101&"" bacterial metagenome""; grass soil environmental DNA; China; not applicable"
SRR38233338	PRJNA1456809	SAMN57424878	South America	Amazon/tropical acidic soil candidate	Amazon/tropical soil	China				needs_metadata_or_OpenLandMap_confirmation	South America representative; Amazon/tropical acidic soil candidate	PRJNA1456809	China		needs_geocoding	exclude_location_outside_continent	no	external_acidic_soil_project_reads	yes	yes	"=A100&"" bacterial metagenome""; grass soil environmental DNA; China; not applicable"
SRR38233339	PRJNA1456809	SAMN57424877	South America	Amazon/tropical acidic soil candidate	Amazon/tropical soil	China				needs_metadata_or_OpenLandMap_confirmation	South America representative; Amazon/tropical acidic soil candidate	PRJNA1456809	China		needs_geocoding	exclude_location_outside_continent	no	external_acidic_soil_project_reads	yes	yes	"=A99&"" bacterial metagenome""; grass soil environmental DNA; China; not applicable"
SRR38233340	PRJNA1456809	SAMN57424876	South America	Amazon/tropical acidic soil candidate	Amazon/tropical soil	China				needs_metadata_or_OpenLandMap_confirmation	South America representative; Amazon/tropical acidic soil candidate	PRJNA1456809	China		needs_geocoding	exclude_location_outside_continent	no	external_acidic_soil_project_reads	yes	yes	"=A98&"" bacterial metagenome""; grass soil environmental DNA; China; not applicable"
SRR38233341	PRJNA1456809	SAMN57424875	South America	Amazon/tropical acidic soil candidate	Amazon/tropical soil	China				needs_metadata_or_OpenLandMap_confirmation	South America representative; Amazon/tropical acidic soil candidate	PRJNA1456809	China		needs_geocoding	exclude_location_outside_continent	no	external_acidic_soil_project_reads	yes	yes	"=A97&"" bacterial metagenome""; grass soil environmental DNA; China; not applicable"
SRR38233342	PRJNA1456809	SAMN57424874	South America	Amazon/tropical acidic soil candidate	Amazon/tropical soil	China				needs_metadata_or_OpenLandMap_confirmation	South America representative; Amazon/tropical acidic soil candidate	PRJNA1456809	China		needs_geocoding	exclude_location_outside_continent	no	external_acidic_soil_project_reads	yes	yes	"=A96&"" bacterial metagenome""; grass soil environmental DNA; China; not applicable"
SRR38233343	PRJNA1456809	SAMN57424873	South America	Amazon/tropical acidic soil candidate	Amazon/tropical soil	China				needs_metadata_or_OpenLandMap_confirmation	South America representative; Amazon/tropical acidic soil candidate	PRJNA1456809	China		needs_geocoding	exclude_location_outside_continent	no	external_acidic_soil_project_reads	yes	yes	"=A95&"" bacterial metagenome""; grass soil environmental DNA; China; not applicable"
SRR38233344	PRJNA1456809	SAMN57424872	South America	Amazon/tropical acidic soil candidate	Amazon/tropical soil	China				needs_metadata_or_OpenLandMap_confirmation	South America representative; Amazon/tropical acidic soil candidate	PRJNA1456809	China		needs_geocoding	exclude_location_outside_continent	no	external_acidic_soil_project_reads	yes	yes	"=A94&"" bacterial metagenome""; grass soil environmental DNA; China; not applicable"
SRR38233345	PRJNA1456809	SAMN57424800	South America	Amazon/tropical acidic soil candidate	Amazon/tropical soil	China				needs_metadata_or_OpenLandMap_confirmation	South America representative; Amazon/tropical acidic soil candidate	PRJNA1456809	China		needs_geocoding	exclude_location_outside_continent	no	external_acidic_soil_project_reads	yes	yes	"=A22&"" bacterial metagenome""; grass soil environmental DNA; China; not applicable"
SRR38233346	PRJNA1456809	SAMN57424871	South America	Amazon/tropical acidic soil candidate	Amazon/tropical soil	China				needs_metadata_or_OpenLandMap_confirmation	South America representative; Amazon/tropical acidic soil candidate	PRJNA1456809	China		needs_geocoding	exclude_location_outside_continent	no	external_acidic_soil_project_reads	yes	yes	"=A93&"" bacterial metagenome""; grass soil environmental DNA; China; not applicable"
SRR38233347	PRJNA1456809	SAMN57424870	South America	Amazon/tropical acidic soil candidate	Amazon/tropical soil	China				needs_metadata_or_OpenLandMap_confirmation	South America representative; Amazon/tropical acidic soil candidate	PRJNA1456809	China		needs_geocoding	exclude_location_outside_continent	no	external_acidic_soil_project_reads	yes	yes	"=A92&"" bacterial metagenome""; grass soil environmental DNA; China; not applicable"
SRR38233348	PRJNA1456809	SAMN57424869	South America	Amazon/tropical acidic soil candidate	Amazon/tropical soil	China				needs_metadata_or_OpenLandMap_confirmation	South America representative; Amazon/tropical acidic soil candidate	PRJNA1456809	China		needs_geocoding	exclude_location_outside_continent	no	external_acidic_soil_project_reads	yes	yes	"=A91&"" bacterial metagenome""; grass soil environmental DNA; China; not applicable"
SRR38233349	PRJNA1456809	SAMN57424868	South America	Amazon/tropical acidic soil candidate	Amazon/tropical soil	China				needs_metadata_or_OpenLandMap_confirmation	South America representative; Amazon/tropical acidic soil candidate	PRJNA1456809	China		needs_geocoding	exclude_location_outside_continent	no	external_acidic_soil_project_reads	yes	yes	"=A90&"" bacterial metagenome""; grass soil environmental DNA; China; not applicable"
SRR38233350	PRJNA1456809	SAMN57424867	South America	Amazon/tropical acidic soil candidate	Amazon/tropical soil	China				needs_metadata_or_OpenLandMap_confirmation	South America representative; Amazon/tropical acidic soil candidate	PRJNA1456809	China		needs_geocoding	exclude_location_outside_continent	no	external_acidic_soil_project_reads	yes	yes	"=A89&"" bacterial metagenome""; grass soil environmental DNA; China; not applicable"
SRR38233351	PRJNA1456809	SAMN57424866	South America	Amazon/tropical acidic soil candidate	Amazon/tropical soil	China				needs_metadata_or_OpenLandMap_confirmation	South America representative; Amazon/tropical acidic soil candidate	PRJNA1456809	China		needs_geocoding	exclude_location_outside_continent	no	external_acidic_soil_project_reads	yes	yes	"=A88&"" bacterial metagenome""; grass soil environmental DNA; China; not applicable"
SRR38233352	PRJNA1456809	SAMN57424865	South America	Amazon/tropical acidic soil candidate	Amazon/tropical soil	China				needs_metadata_or_OpenLandMap_confirmation	South America representative; Amazon/tropical acidic soil candidate	PRJNA1456809	China		needs_geocoding	exclude_location_outside_continent	no	external_acidic_soil_project_reads	yes	yes	"=A87&"" bacterial metagenome""; grass soil environmental DNA; China; not applicable"
SRR38233353	PRJNA1456809	SAMN57424864	South America	Amazon/tropical acidic soil candidate	Amazon/tropical soil	China				needs_metadata_or_OpenLandMap_confirmation	South America representative; Amazon/tropical acidic soil candidate	PRJNA1456809	China		needs_geocoding	exclude_location_outside_continent	no	external_acidic_soil_project_reads	yes	yes	"=A86&"" bacterial metagenome""; grass soil environmental DNA; China; not applicable"
SRR38233354	PRJNA1456809	SAMN57424863	South America	Amazon/tropical acidic soil candidate	Amazon/tropical soil	China				needs_metadata_or_OpenLandMap_confirmation	South America representative; Amazon/tropical acidic soil candidate	PRJNA1456809	China		needs_geocoding	exclude_location_outside_continent	no	external_acidic_soil_project_reads	yes	yes	"=A85&"" bacterial metagenome""; grass soil environmental DNA; China; not applicable"
SRR38233355	PRJNA1456809	SAMN57424862	South America	Amazon/tropical acidic soil candidate	Amazon/tropical soil	China				needs_metadata_or_OpenLandMap_confirmation	South America representative; Amazon/tropical acidic soil candidate	PRJNA1456809	China		needs_geocoding	exclude_location_outside_continent	no	external_acidic_soil_project_reads	yes	yes	"=A84&"" bacterial metagenome""; grass soil environmental DNA; China; not applicable"
SRR38233356	PRJNA1456809	SAMN57424799	South America	Amazon/tropical acidic soil candidate	Amazon/tropical soil	China				needs_metadata_or_OpenLandMap_confirmation	South America representative; Amazon/tropical acidic soil candidate	PRJNA1456809	China		needs_geocoding	exclude_location_outside_continent	no	external_acidic_soil_project_reads	yes	yes	"=A21&"" bacterial metagenome""; grass soil environmental DNA; China; not applicable"
SRR38233357	PRJNA1456809	SAMN57424861	South America	Amazon/tropical acidic soil candidate	Amazon/tropical soil	China				needs_metadata_or_OpenLandMap_confirmation	South America representative; Amazon/tropical acidic soil candidate	PRJNA1456809	China		needs_geocoding	exclude_location_outside_continent	no	external_acidic_soil_project_reads	yes	yes	"=A83&"" bacterial metagenome""; grass soil environmental DNA; China; not applicable"
SRR38233358	PRJNA1456809	SAMN57424860	South America	Amazon/tropical acidic soil candidate	Amazon/tropical soil	China				needs_metadata_or_OpenLandMap_confirmation	South America representative; Amazon/tropical acidic soil candidate	PRJNA1456809	China		needs_geocoding	exclude_location_outside_continent	no	external_acidic_soil_project_reads	yes	yes	"=A82&"" bacterial metagenome""; grass soil environmental DNA; China; not applicable"
SRR38233359	PRJNA1456809	SAMN57424859	South America	Amazon/tropical acidic soil candidate	Amazon/tropical soil	China				needs_metadata_or_OpenLandMap_confirmation	South America representative; Amazon/tropical acidic soil candidate	PRJNA1456809	China		needs_geocoding	exclude_location_outside_continent	no	external_acidic_soil_project_reads	yes	yes	"=A81&"" bacterial metagenome""; grass soil environmental DNA; China; not applicable"
SRR38233360	PRJNA1456809	SAMN57424858	South America	Amazon/tropical acidic soil candidate	Amazon/tropical soil	China				needs_metadata_or_OpenLandMap_confirmation	South America representative; Amazon/tropical acidic soil candidate	PRJNA1456809	China		needs_geocoding	exclude_location_outside_continent	no	external_acidic_soil_project_reads	yes	yes	"=A80&"" bacterial metagenome""; grass soil environmental DNA; China; not applicable"
SRR38233361	PRJNA1456809	SAMN57424857	South America	Amazon/tropical acidic soil candidate	Amazon/tropical soil	China				needs_metadata_or_OpenLandMap_confirmation	South America representative; Amazon/tropical acidic soil candidate	PRJNA1456809	China		needs_geocoding	exclude_location_outside_continent	no	external_acidic_soil_project_reads	yes	yes	"=A79&"" bacterial metagenome""; grass soil environmental DNA; China; not applicable"
SRR38233362	PRJNA1456809	SAMN57424856	South America	Amazon/tropical acidic soil candidate	Amazon/tropical soil	China				needs_metadata_or_OpenLandMap_confirmation	South America representative; Amazon/tropical acidic soil candidate	PRJNA1456809	China		needs_geocoding	exclude_location_outside_continent	no	external_acidic_soil_project_reads	yes	yes	"=A78&"" bacterial metagenome""; grass soil environmental DNA; China; not applicable"
SRR38233363	PRJNA1456809	SAMN57424855	South America	Amazon/tropical acidic soil candidate	Amazon/tropical soil	China				needs_metadata_or_OpenLandMap_confirmation	South America representative; Amazon/tropical acidic soil candidate	PRJNA1456809	China		needs_geocoding	exclude_location_outside_continent	no	external_acidic_soil_project_reads	yes	yes	"=A77&"" bacterial metagenome""; grass soil environmental DNA; China; not applicable"
SRR38233364	PRJNA1456809	SAMN57424854	South America	Amazon/tropical acidic soil candidate	Amazon/tropical soil	China				needs_metadata_or_OpenLandMap_confirmation	South America representative; Amazon/tropical acidic soil candidate	PRJNA1456809	China		needs_geocoding	exclude_location_outside_continent	no	external_acidic_soil_project_reads	yes	yes	"=A76&"" bacterial metagenome""; grass soil environmental DNA; China; not applicable"
SRR38233365	PRJNA1456809	SAMN57424853	South America	Amazon/tropical acidic soil candidate	Amazon/tropical soil	China				needs_metadata_or_OpenLandMap_confirmation	South America representative; Amazon/tropical acidic soil candidate	PRJNA1456809	China		needs_geocoding	exclude_location_outside_continent	no	external_acidic_soil_project_reads	yes	yes	"=A75&"" bacterial metagenome""; grass soil environmental DNA; China; not applicable"
SRR38233366	PRJNA1456809	SAMN57424852	South America	Amazon/tropical acidic soil candidate	Amazon/tropical soil	China				needs_metadata_or_OpenLandMap_confirmation	South America representative; Amazon/tropical acidic soil candidate	PRJNA1456809	China		needs_geocoding	exclude_location_outside_continent	no	external_acidic_soil_project_reads	yes	yes	"=A74&"" bacterial metagenome""; grass soil environmental DNA; China; not applicable"
SRR38233367	PRJNA1456809	SAMN57424798	South America	Amazon/tropical acidic soil candidate	Amazon/tropical soil	China				needs_metadata_or_OpenLandMap_confirmation	South America representative; Amazon/tropical acidic soil candidate	PRJNA1456809	China		needs_geocoding	exclude_location_outside_continent	no	external_acidic_soil_project_reads	yes	yes	"=A20&"" bacterial metagenome""; grass soil environmental DNA; China; not applicable"
SRR38233368	PRJNA1456809	SAMN57424851	South America	Amazon/tropical acidic soil candidate	Amazon/tropical soil	China				needs_metadata_or_OpenLandMap_confirmation	South America representative; Amazon/tropical acidic soil candidate	PRJNA1456809	China		needs_geocoding	exclude_location_outside_continent	no	external_acidic_soil_project_reads	yes	yes	"=A73&"" bacterial metagenome""; grass soil environmental DNA; China; not applicable"
SRR38233369	PRJNA1456809	SAMN57424850	South America	Amazon/tropical acidic soil candidate	Amazon/tropical soil	China				needs_metadata_or_OpenLandMap_confirmation	South America representative; Amazon/tropical acidic soil candidate	PRJNA1456809	China		needs_geocoding	exclude_location_outside_continent	no	external_acidic_soil_project_reads	yes	yes	"=A72&"" bacterial metagenome""; grass soil environmental DNA; China; not applicable"
SRR38233370	PRJNA1456809	SAMN57424849	South America	Amazon/tropical acidic soil candidate	Amazon/tropical soil	China				needs_metadata_or_OpenLandMap_confirmation	South America representative; Amazon/tropical acidic soil candidate	PRJNA1456809	China		needs_geocoding	exclude_location_outside_continent	no	external_acidic_soil_project_reads	yes	yes	"=A71&"" bacterial metagenome""; grass soil environmental DNA; China; not applicable"
SRR38233371	PRJNA1456809	SAMN57424848	South America	Amazon/tropical acidic soil candidate	Amazon/tropical soil	China				needs_metadata_or_OpenLandMap_confirmation	South America representative; Amazon/tropical acidic soil candidate	PRJNA1456809	China		needs_geocoding	exclude_location_outside_continent	no	external_acidic_soil_project_reads	yes	yes	"=A70&"" bacterial metagenome""; grass soil environmental DNA; China; not applicable"
SRR38233372	PRJNA1456809	SAMN57424847	South America	Amazon/tropical acidic soil candidate	Amazon/tropical soil	China				needs_metadata_or_OpenLandMap_confirmation	South America representative; Amazon/tropical acidic soil candidate	PRJNA1456809	China		needs_geocoding	exclude_location_outside_continent	no	external_acidic_soil_project_reads	yes	yes	"=A69&"" bacterial metagenome""; grass soil environmental DNA; China; not applicable"
SRR38233373	PRJNA1456809	SAMN57424846	South America	Amazon/tropical acidic soil candidate	Amazon/tropical soil	China				needs_metadata_or_OpenLandMap_confirmation	South America representative; Amazon/tropical acidic soil candidate	PRJNA1456809	China		needs_geocoding	exclude_location_outside_continent	no	external_acidic_soil_project_reads	yes	yes	"=A68&"" bacterial metagenome""; grass soil environmental DNA; China; not applicable"
SRR38233374	PRJNA1456809	SAMN57424845	South America	Amazon/tropical acidic soil candidate	Amazon/tropical soil	China				needs_metadata_or_OpenLandMap_confirmation	South America representative; Amazon/tropical acidic soil candidate	PRJNA1456809	China		needs_geocoding	exclude_location_outside_continent	no	external_acidic_soil_project_reads	yes	yes	"=A67&"" bacterial metagenome""; grass soil environmental DNA; China; not applicable"
SRR38233375	PRJNA1456809	SAMN57424844	South America	Amazon/tropical acidic soil candidate	Amazon/tropical soil	China				needs_metadata_or_OpenLandMap_confirmation	South America representative; Amazon/tropical acidic soil candidate	PRJNA1456809	China		needs_geocoding	exclude_location_outside_continent	no	external_acidic_soil_project_reads	yes	yes	"=A66&"" bacterial metagenome""; grass soil environmental DNA; China; not applicable"
SRR38233376	PRJNA1456809	SAMN57424843	South America	Amazon/tropical acidic soil candidate	Amazon/tropical soil	China				needs_metadata_or_OpenLandMap_confirmation	South America representative; Amazon/tropical acidic soil candidate	PRJNA1456809	China		needs_geocoding	exclude_location_outside_continent	no	external_acidic_soil_project_reads	yes	yes	"=A65&"" bacterial metagenome""; grass soil environmental DNA; China; not applicable"
SRR38233377	PRJNA1456809	SAMN57424842	South America	Amazon/tropical acidic soil candidate	Amazon/tropical soil	China				needs_metadata_or_OpenLandMap_confirmation	South America representative; Amazon/tropical acidic soil candidate	PRJNA1456809	China		needs_geocoding	exclude_location_outside_continent	no	external_acidic_soil_project_reads	yes	yes	"=A64&"" bacterial metagenome""; grass soil environmental DNA; China; not applicable"
SRR38233378	PRJNA1456809	SAMN57424797	South America	Amazon/tropical acidic soil candidate	Amazon/tropical soil	China				needs_metadata_or_OpenLandMap_confirmation	South America representative; Amazon/tropical acidic soil candidate	PRJNA1456809	China		needs_geocoding	exclude_location_outside_continent	no	external_acidic_soil_project_reads	yes	yes	"=A19&"" bacterial metagenome""; grass soil environmental DNA; China; not applicable"
SRR38233379	PRJNA1456809	SAMN57424841	South America	Amazon/tropical acidic soil candidate	Amazon/tropical soil	China				needs_metadata_or_OpenLandMap_confirmation	South America representative; Amazon/tropical acidic soil candidate	PRJNA1456809	China		needs_geocoding	exclude_location_outside_continent	no	external_acidic_soil_project_reads	yes	yes	"=A63&"" bacterial metagenome""; grass soil environmental DNA; China; not applicable"
SRR38233380	PRJNA1456809	SAMN57424840	South America	Amazon/tropical acidic soil candidate	Amazon/tropical soil	China				needs_metadata_or_OpenLandMap_confirmation	South America representative; Amazon/tropical acidic soil candidate	PRJNA1456809	China		needs_geocoding	exclude_location_outside_continent	no	external_acidic_soil_project_reads	yes	yes	"=A62&"" bacterial metagenome""; grass soil environmental DNA; China; not applicable"
SRR38233381	PRJNA1456809	SAMN57424839	South America	Amazon/tropical acidic soil candidate	Amazon/tropical soil	China				needs_metadata_or_OpenLandMap_confirmation	South America representative; Amazon/tropical acidic soil candidate	PRJNA1456809	China		needs_geocoding	exclude_location_outside_continent	no	external_acidic_soil_project_reads	yes	yes	"=A61&"" bacterial metagenome""; grass soil environmental DNA; China; not applicable"
SRR38233382	PRJNA1456809	SAMN57424838	South America	Amazon/tropical acidic soil candidate	Amazon/tropical soil	China				needs_metadata_or_OpenLandMap_confirmation	South America representative; Amazon/tropical acidic soil candidate	PRJNA1456809	China		needs_geocoding	exclude_location_outside_continent	no	external_acidic_soil_project_reads	yes	yes	"=A60&"" bacterial metagenome""; grass soil environmental DNA; China; not applicable"
SRR38233383	PRJNA1456809	SAMN57424837	South America	Amazon/tropical acidic soil candidate	Amazon/tropical soil	China				needs_metadata_or_OpenLandMap_confirmation	South America representative; Amazon/tropical acidic soil candidate	PRJNA1456809	China		needs_geocoding	exclude_location_outside_continent	no	external_acidic_soil_project_reads	yes	yes	"=A59&"" bacterial metagenome""; grass soil environmental DNA; China; not applicable"
SRR38233384	PRJNA1456809	SAMN57424836	South America	Amazon/tropical acidic soil candidate	Amazon/tropical soil	China				needs_metadata_or_OpenLandMap_confirmation	South America representative; Amazon/tropical acidic soil candidate	PRJNA1456809	China		needs_geocoding	exclude_location_outside_continent	no	external_acidic_soil_project_reads	yes	yes	"=A58&"" bacterial metagenome""; grass soil environmental DNA; China; not applicable"
SRR38233385	PRJNA1456809	SAMN57424835	South America	Amazon/tropical acidic soil candidate	Amazon/tropical soil	China				needs_metadata_or_OpenLandMap_confirmation	South America representative; Amazon/tropical acidic soil candidate	PRJNA1456809	China		needs_geocoding	exclude_location_outside_continent	no	external_acidic_soil_project_reads	yes	yes	"=A57&"" bacterial metagenome""; grass soil environmental DNA; China; not applicable"
SRR38233386	PRJNA1456809	SAMN57424834	South America	Amazon/tropical acidic soil candidate	Amazon/tropical soil	China				needs_metadata_or_OpenLandMap_confirmation	South America representative; Amazon/tropical acidic soil candidate	PRJNA1456809	China		needs_geocoding	exclude_location_outside_continent	no	external_acidic_soil_project_reads	yes	yes	"=A56&"" bacterial metagenome""; grass soil environmental DNA; China; not applicable"
SRR38233387	PRJNA1456809	SAMN57424833	South America	Amazon/tropical acidic soil candidate	Amazon/tropical soil	China				needs_metadata_or_OpenLandMap_confirmation	South America representative; Amazon/tropical acidic soil candidate	PRJNA1456809	China		needs_geocoding	exclude_location_outside_continent	no	external_acidic_soil_project_reads	yes	yes	"=A55&"" bacterial metagenome""; grass soil environmental DNA; China; not applicable"
SRR38233388	PRJNA1456809	SAMN57424832	South America	Amazon/tropical acidic soil candidate	Amazon/tropical soil	China				needs_metadata_or_OpenLandMap_confirmation	South America representative; Amazon/tropical acidic soil candidate	PRJNA1456809	China		needs_geocoding	exclude_location_outside_continent	no	external_acidic_soil_project_reads	yes	yes	"=A54&"" bacterial metagenome""; grass soil environmental DNA; China; not applicable"
SRR38233389	PRJNA1456809	SAMN57424796	South America	Amazon/tropical acidic soil candidate	Amazon/tropical soil	China				needs_metadata_or_OpenLandMap_confirmation	South America representative; Amazon/tropical acidic soil candidate	PRJNA1456809	China		needs_geocoding	exclude_location_outside_continent	no	external_acidic_soil_project_reads	yes	yes	"=A18&"" bacterial metagenome""; grass soil environmental DNA; China; not applicable"
SRR38233390	PRJNA1456809	SAMN57424831	South America	Amazon/tropical acidic soil candidate	Amazon/tropical soil	China				needs_metadata_or_OpenLandMap_confirmation	South America representative; Amazon/tropical acidic soil candidate	PRJNA1456809	China		needs_geocoding	exclude_location_outside_continent	no	external_acidic_soil_project_reads	yes	yes	"=A53&"" bacterial metagenome""; grass soil environmental DNA; China; not applicable"
SRR38233391	PRJNA1456809	SAMN57424830	South America	Amazon/tropical acidic soil candidate	Amazon/tropical soil	China				needs_metadata_or_OpenLandMap_confirmation	South America representative; Amazon/tropical acidic soil candidate	PRJNA1456809	China		needs_geocoding	exclude_location_outside_continent	no	external_acidic_soil_project_reads	yes	yes	"=A52&"" bacterial metagenome""; grass soil environmental DNA; China; not applicable"
SRR38233392	PRJNA1456809	SAMN57424829	South America	Amazon/tropical acidic soil candidate	Amazon/tropical soil	China				needs_metadata_or_OpenLandMap_confirmation	South America representative; Amazon/tropical acidic soil candidate	PRJNA1456809	China		needs_geocoding	exclude_location_outside_continent	no	external_acidic_soil_project_reads	yes	yes	"=A51&"" bacterial metagenome""; grass soil environmental DNA; China; not applicable"
SRR38233393	PRJNA1456809	SAMN57424828	South America	Amazon/tropical acidic soil candidate	Amazon/tropical soil	China				needs_metadata_or_OpenLandMap_confirmation	South America representative; Amazon/tropical acidic soil candidate	PRJNA1456809	China		needs_geocoding	exclude_location_outside_continent	no	external_acidic_soil_project_reads	yes	yes	"=A50&"" bacterial metagenome""; grass soil environmental DNA; China; not applicable"
SRR38233394	PRJNA1456809	SAMN57424827	South America	Amazon/tropical acidic soil candidate	Amazon/tropical soil	China				needs_metadata_or_OpenLandMap_confirmation	South America representative; Amazon/tropical acidic soil candidate	PRJNA1456809	China		needs_geocoding	exclude_location_outside_continent	no	external_acidic_soil_project_reads	yes	yes	"=A49&"" bacterial metagenome""; grass soil environmental DNA; China; not applicable"
SRR38233395	PRJNA1456809	SAMN57424826	South America	Amazon/tropical acidic soil candidate	Amazon/tropical soil	China				needs_metadata_or_OpenLandMap_confirmation	South America representative; Amazon/tropical acidic soil candidate	PRJNA1456809	China		needs_geocoding	exclude_location_outside_continent	no	external_acidic_soil_project_reads	yes	yes	"=A48&"" bacterial metagenome""; grass soil environmental DNA; China; not applicable"
SRR38233396	PRJNA1456809	SAMN57424825	South America	Amazon/tropical acidic soil candidate	Amazon/tropical soil	China				needs_metadata_or_OpenLandMap_confirmation	South America representative; Amazon/tropical acidic soil candidate	PRJNA1456809	China		needs_geocoding	exclude_location_outside_continent	no	external_acidic_soil_project_reads	yes	yes	"=A47&"" bacterial metagenome""; grass soil environmental DNA; China; not applicable"
SRR38233397	PRJNA1456809	SAMN57424824	South America	Amazon/tropical acidic soil candidate	Amazon/tropical soil	China				needs_metadata_or_OpenLandMap_confirmation	South America representative; Amazon/tropical acidic soil candidate	PRJNA1456809	China		needs_geocoding	exclude_location_outside_continent	no	external_acidic_soil_project_reads	yes	yes	"=A46&"" bacterial metagenome""; grass soil environmental DNA; China; not applicable"
SRR38233398	PRJNA1456809	SAMN57424823	South America	Amazon/tropical acidic soil candidate	Amazon/tropical soil	China				needs_metadata_or_OpenLandMap_confirmation	South America representative; Amazon/tropical acidic soil candidate	PRJNA1456809	China		needs_geocoding	exclude_location_outside_continent	no	external_acidic_soil_project_reads	yes	yes	"=A45&"" bacterial metagenome""; grass soil environmental DNA; China; not applicable"
SRR38233399	PRJNA1456809	SAMN57424822	South America	Amazon/tropical acidic soil candidate	Amazon/tropical soil	China				needs_metadata_or_OpenLandMap_confirmation	South America representative; Amazon/tropical acidic soil candidate	PRJNA1456809	China		needs_geocoding	exclude_location_outside_continent	no	external_acidic_soil_project_reads	yes	yes	"=A44&"" bacterial metagenome""; grass soil environmental DNA; China; not applicable"
SRR38233400	PRJNA1456809	SAMN57424795	South America	Amazon/tropical acidic soil candidate	Amazon/tropical soil	China				needs_metadata_or_OpenLandMap_confirmation	South America representative; Amazon/tropical acidic soil candidate	PRJNA1456809	China		needs_geocoding	exclude_location_outside_continent	no	external_acidic_soil_project_reads	yes	yes	"=A17&"" bacterial metagenome""; grass soil environmental DNA; China; not applicable"
SRR38233401	PRJNA1456809	SAMN57424821	South America	Amazon/tropical acidic soil candidate	Amazon/tropical soil	China				needs_metadata_or_OpenLandMap_confirmation	South America representative; Amazon/tropical acidic soil candidate	PRJNA1456809	China		needs_geocoding	exclude_location_outside_continent	no	external_acidic_soil_project_reads	yes	yes	"=A43&"" bacterial metagenome""; grass soil environmental DNA; China; not applicable"
SRR38233402	PRJNA1456809	SAMN57424820	South America	Amazon/tropical acidic soil candidate	Amazon/tropical soil	China				needs_metadata_or_OpenLandMap_confirmation	South America representative; Amazon/tropical acidic soil candidate	PRJNA1456809	China		needs_geocoding	exclude_location_outside_continent	no	external_acidic_soil_project_reads	yes	yes	"=A42&"" bacterial metagenome""; grass soil environmental DNA; China; not applicable"
SRR38233403	PRJNA1456809	SAMN57424819	South America	Amazon/tropical acidic soil candidate	Amazon/tropical soil	China				needs_metadata_or_OpenLandMap_confirmation	South America representative; Amazon/tropical acidic soil candidate	PRJNA1456809	China		needs_geocoding	exclude_location_outside_continent	no	external_acidic_soil_project_reads	yes	yes	"=A41&"" bacterial metagenome""; grass soil environmental DNA; China; not applicable"
SRR38233404	PRJNA1456809	SAMN57424818	South America	Amazon/tropical acidic soil candidate	Amazon/tropical soil	China				needs_metadata_or_OpenLandMap_confirmation	South America representative; Amazon/tropical acidic soil candidate	PRJNA1456809	China		needs_geocoding	exclude_location_outside_continent	no	external_acidic_soil_project_reads	yes	yes	"=A40&"" bacterial metagenome""; grass soil environmental DNA; China; not applicable"
SRR38233405	PRJNA1456809	SAMN57424817	South America	Amazon/tropical acidic soil candidate	Amazon/tropical soil	China				needs_metadata_or_OpenLandMap_confirmation	South America representative; Amazon/tropical acidic soil candidate	PRJNA1456809	China		needs_geocoding	exclude_location_outside_continent	no	external_acidic_soil_project_reads	yes	yes	"=A39&"" bacterial metagenome""; grass soil environmental DNA; China; not applicable"
SRR38233406	PRJNA1456809	SAMN57424816	South America	Amazon/tropical acidic soil candidate	Amazon/tropical soil	China				needs_metadata_or_OpenLandMap_confirmation	South America representative; Amazon/tropical acidic soil candidate	PRJNA1456809	China		needs_geocoding	exclude_location_outside_continent	no	external_acidic_soil_project_reads	yes	yes	"=A38&"" bacterial metagenome""; grass soil environmental DNA; China; not applicable"
SRR38233407	PRJNA1456809	SAMN57424815	South America	Amazon/tropical acidic soil candidate	Amazon/tropical soil	China				needs_metadata_or_OpenLandMap_confirmation	South America representative; Amazon/tropical acidic soil candidate	PRJNA1456809	China		needs_geocoding	exclude_location_outside_continent	no	external_acidic_soil_project_reads	yes	yes	"=A37&"" bacterial metagenome""; grass soil environmental DNA; China; not applicable"
SRR38233408	PRJNA1456809	SAMN57424814	South America	Amazon/tropical acidic soil candidate	Amazon/tropical soil	China				needs_metadata_or_OpenLandMap_confirmation	South America representative; Amazon/tropical acidic soil candidate	PRJNA1456809	China		needs_geocoding	exclude_location_outside_continent	no	external_acidic_soil_project_reads	yes	yes	"=A36&"" bacterial metagenome""; grass soil environmental DNA; China; not applicable"
SRR38233409	PRJNA1456809	SAMN57424813	South America	Amazon/tropical acidic soil candidate	Amazon/tropical soil	China				needs_metadata_or_OpenLandMap_confirmation	South America representative; Amazon/tropical acidic soil candidate	PRJNA1456809	China		needs_geocoding	exclude_location_outside_continent	no	external_acidic_soil_project_reads	yes	yes	"=A35&"" bacterial metagenome""; grass soil environmental DNA; China; not applicable"
SRR38233410	PRJNA1456809	SAMN57424812	South America	Amazon/tropical acidic soil candidate	Amazon/tropical soil	China				needs_metadata_or_OpenLandMap_confirmation	South America representative; Amazon/tropical acidic soil candidate	PRJNA1456809	China		needs_geocoding	exclude_location_outside_continent	no	external_acidic_soil_project_reads	yes	yes	"=A34&"" bacterial metagenome""; grass soil environmental DNA; China; not applicable"
SRR38233411	PRJNA1456809	SAMN57424794	South America	Amazon/tropical acidic soil candidate	Amazon/tropical soil	China				needs_metadata_or_OpenLandMap_confirmation	South America representative; Amazon/tropical acidic soil candidate	PRJNA1456809	China		needs_geocoding	exclude_location_outside_continent	no	external_acidic_soil_project_reads	yes	yes	"=A16&"" bacterial metagenome""; grass soil environmental DNA; China; not applicable"
SRR38233412	PRJNA1456809	SAMN57424811	South America	Amazon/tropical acidic soil candidate	Amazon/tropical soil	China				needs_metadata_or_OpenLandMap_confirmation	South America representative; Amazon/tropical acidic soil candidate	PRJNA1456809	China		needs_geocoding	exclude_location_outside_continent	no	external_acidic_soil_project_reads	yes	yes	"=A33&"" bacterial metagenome""; grass soil environmental DNA; China; not applicable"
SRR38233413	PRJNA1456809	SAMN57424810	South America	Amazon/tropical acidic soil candidate	Amazon/tropical soil	China				needs_metadata_or_OpenLandMap_confirmation	South America representative; Amazon/tropical acidic soil candidate	PRJNA1456809	China		needs_geocoding	exclude_location_outside_continent	no	external_acidic_soil_project_reads	yes	yes	"=A32&"" bacterial metagenome""; grass soil environmental DNA; China; not applicable"
SRR38233414	PRJNA1456809	SAMN57424809	South America	Amazon/tropical acidic soil candidate	Amazon/tropical soil	China				needs_metadata_or_OpenLandMap_confirmation	South America representative; Amazon/tropical acidic soil candidate	PRJNA1456809	China		needs_geocoding	exclude_location_outside_continent	no	external_acidic_soil_project_reads	yes	yes	"=A31&"" bacterial metagenome""; grass soil environmental DNA; China; not applicable"
SRR38233415	PRJNA1456809	SAMN57424808	South America	Amazon/tropical acidic soil candidate	Amazon/tropical soil	China				needs_metadata_or_OpenLandMap_confirmation	South America representative; Amazon/tropical acidic soil candidate	PRJNA1456809	China		needs_geocoding	exclude_location_outside_continent	no	external_acidic_soil_project_reads	yes	yes	"=A30&"" bacterial metagenome""; grass soil environmental DNA; China; not applicable"
SRR38233416	PRJNA1456809	SAMN57424807	South America	Amazon/tropical acidic soil candidate	Amazon/tropical soil	China				needs_metadata_or_OpenLandMap_confirmation	South America representative; Amazon/tropical acidic soil candidate	PRJNA1456809	China		needs_geocoding	exclude_location_outside_continent	no	external_acidic_soil_project_reads	yes	yes	"=A29&"" bacterial metagenome""; grass soil environmental DNA; China; not applicable"
SRR38233417	PRJNA1456809	SAMN57424806	South America	Amazon/tropical acidic soil candidate	Amazon/tropical soil	China				needs_metadata_or_OpenLandMap_confirmation	South America representative; Amazon/tropical acidic soil candidate	PRJNA1456809	China		needs_geocoding	exclude_location_outside_continent	no	external_acidic_soil_project_reads	yes	yes	"=A28&"" bacterial metagenome""; grass soil environmental DNA; China; not applicable"
SRR38233418	PRJNA1456809	SAMN57424805	South America	Amazon/tropical acidic soil candidate	Amazon/tropical soil	China				needs_metadata_or_OpenLandMap_confirmation	South America representative; Amazon/tropical acidic soil candidate	PRJNA1456809	China		needs_geocoding	exclude_location_outside_continent	no	external_acidic_soil_project_reads	yes	yes	"=A27&"" bacterial metagenome""; grass soil environmental DNA; China; not applicable"
SRR38233419	PRJNA1456809	SAMN57424804	South America	Amazon/tropical acidic soil candidate	Amazon/tropical soil	China				needs_metadata_or_OpenLandMap_confirmation	South America representative; Amazon/tropical acidic soil candidate	PRJNA1456809	China		needs_geocoding	exclude_location_outside_continent	no	external_acidic_soil_project_reads	yes	yes	"=A26&"" bacterial metagenome""; grass soil environmental DNA; China; not applicable"
SRR38233420	PRJNA1456809	SAMN57424803	South America	Amazon/tropical acidic soil candidate	Amazon/tropical soil	China				needs_metadata_or_OpenLandMap_confirmation	South America representative; Amazon/tropical acidic soil candidate	PRJNA1456809	China		needs_geocoding	exclude_location_outside_continent	no	external_acidic_soil_project_reads	yes	yes	"=A25&"" bacterial metagenome""; grass soil environmental DNA; China; not applicable"
SRR38233421	PRJNA1456809	SAMN57424802	South America	Amazon/tropical acidic soil candidate	Amazon/tropical soil	China				needs_metadata_or_OpenLandMap_confirmation	South America representative; Amazon/tropical acidic soil candidate	PRJNA1456809	China		needs_geocoding	exclude_location_outside_continent	no	external_acidic_soil_project_reads	yes	yes	"=A24&"" bacterial metagenome""; grass soil environmental DNA; China; not applicable"
SRR38233422	PRJNA1456809	SAMN57424793	South America	Amazon/tropical acidic soil candidate	Amazon/tropical soil	China				needs_metadata_or_OpenLandMap_confirmation	South America representative; Amazon/tropical acidic soil candidate	PRJNA1456809	China		needs_geocoding	exclude_location_outside_continent	no	external_acidic_soil_project_reads	yes	yes	"=A15&"" bacterial metagenome""; grass soil environmental DNA; China; not applicable"
SRR38233423	PRJNA1456809	SAMN57424792	South America	Amazon/tropical acidic soil candidate	Amazon/tropical soil	China				needs_metadata_or_OpenLandMap_confirmation	South America representative; Amazon/tropical acidic soil candidate	PRJNA1456809	China		needs_geocoding	exclude_location_outside_continent	no	external_acidic_soil_project_reads	yes	yes	"=A14&"" bacterial metagenome""; grass soil environmental DNA; China; not applicable"
SRR38232948	PRJNA1456809	SAMN57424801	South America	Amazon/tropical acidic soil candidate	Amazon/tropical soil	China				needs_metadata_or_OpenLandMap_confirmation	South America representative; Amazon/tropical acidic soil candidate	PRJNA1456809	China		needs_geocoding	exclude_location_outside_continent	no	external_acidic_soil_project_reads	yes	yes	"=A23&"" bacterial metagenome""; grass soil environmental DNA; China; not applicable"
SRR38232949	PRJNA1456809	SAMN57424881	South America	Amazon/tropical acidic soil candidate	Amazon/tropical soil	China				needs_metadata_or_OpenLandMap_confirmation	South America representative; Amazon/tropical acidic soil candidate	PRJNA1456809	China		needs_geocoding	exclude_location_outside_continent	no	external_acidic_soil_project_reads	yes	yes	"=A103&"" bacterial metagenome""; grass soil environmental DNA; China; not applicable"
SRR38232950	PRJNA1456809	SAMN57424880	South America	Amazon/tropical acidic soil candidate	Amazon/tropical soil	China				needs_metadata_or_OpenLandMap_confirmation	South America representative; Amazon/tropical acidic soil candidate	PRJNA1456809	China		needs_geocoding	exclude_location_outside_continent	no	external_acidic_soil_project_reads	yes	yes	"=A102&"" bacterial metagenome""; grass soil environmental DNA; China; not applicable"
SRR38232951	PRJNA1456809	SAMN57424879	South America	Amazon/tropical acidic soil candidate	Amazon/tropical soil	China				needs_metadata_or_OpenLandMap_confirmation	South America representative; Amazon/tropical acidic soil candidate	PRJNA1456809	China		needs_geocoding	exclude_location_outside_continent	no	external_acidic_soil_project_reads	yes	yes	"=A101&"" bacterial metagenome""; grass soil environmental DNA; China; not applicable"
SRR38232952	PRJNA1456809	SAMN57424878	South America	Amazon/tropical acidic soil candidate	Amazon/tropical soil	China				needs_metadata_or_OpenLandMap_confirmation	South America representative; Amazon/tropical acidic soil candidate	PRJNA1456809	China		needs_geocoding	exclude_location_outside_continent	no	external_acidic_soil_project_reads	yes	yes	"=A100&"" bacterial metagenome""; grass soil environmental DNA; China; not applicable"
SRR38232953	PRJNA1456809	SAMN57424877	South America	Amazon/tropical acidic soil candidate	Amazon/tropical soil	China				needs_metadata_or_OpenLandMap_confirmation	South America representative; Amazon/tropical acidic soil candidate	PRJNA1456809	China		needs_geocoding	exclude_location_outside_continent	no	external_acidic_soil_project_reads	yes	yes	"=A99&"" bacterial metagenome""; grass soil environmental DNA; China; not applicable"
SRR38232954	PRJNA1456809	SAMN57424876	South America	Amazon/tropical acidic soil candidate	Amazon/tropical soil	China				needs_metadata_or_OpenLandMap_confirmation	South America representative; Amazon/tropical acidic soil candidate	PRJNA1456809	China		needs_geocoding	exclude_location_outside_continent	no	external_acidic_soil_project_reads	yes	yes	"=A98&"" bacterial metagenome""; grass soil environmental DNA; China; not applicable"
SRR38232955	PRJNA1456809	SAMN57424875	South America	Amazon/tropical acidic soil candidate	Amazon/tropical soil	China				needs_metadata_or_OpenLandMap_confirmation	South America representative; Amazon/tropical acidic soil candidate	PRJNA1456809	China		needs_geocoding	exclude_location_outside_continent	no	external_acidic_soil_project_reads	yes	yes	"=A97&"" bacterial metagenome""; grass soil environmental DNA; China; not applicable"
SRR38232956	PRJNA1456809	SAMN57424874	South America	Amazon/tropical acidic soil candidate	Amazon/tropical soil	China				needs_metadata_or_OpenLandMap_confirmation	South America representative; Amazon/tropical acidic soil candidate	PRJNA1456809	China		needs_geocoding	exclude_location_outside_continent	no	external_acidic_soil_project_reads	yes	yes	"=A96&"" bacterial metagenome""; grass soil environmental DNA; China; not applicable"
SRR38232957	PRJNA1456809	SAMN57424873	South America	Amazon/tropical acidic soil candidate	Amazon/tropical soil	China				needs_metadata_or_OpenLandMap_confirmation	South America representative; Amazon/tropical acidic soil candidate	PRJNA1456809	China		needs_geocoding	exclude_location_outside_continent	no	external_acidic_soil_project_reads	yes	yes	"=A95&"" bacterial metagenome""; grass soil environmental DNA; China; not applicable"
SRR38232958	PRJNA1456809	SAMN57424872	South America	Amazon/tropical acidic soil candidate	Amazon/tropical soil	China				needs_metadata_or_OpenLandMap_confirmation	South America representative; Amazon/tropical acidic soil candidate	PRJNA1456809	China		needs_geocoding	exclude_location_outside_continent	no	external_acidic_soil_project_reads	yes	yes	"=A94&"" bacterial metagenome""; grass soil environmental DNA; China; not applicable"
SRR38232959	PRJNA1456809	SAMN57424800	South America	Amazon/tropical acidic soil candidate	Amazon/tropical soil	China				needs_metadata_or_OpenLandMap_confirmation	South America representative; Amazon/tropical acidic soil candidate	PRJNA1456809	China		needs_geocoding	exclude_location_outside_continent	no	external_acidic_soil_project_reads	yes	yes	"=A22&"" bacterial metagenome""; grass soil environmental DNA; China; not applicable"
SRR38232960	PRJNA1456809	SAMN57424871	South America	Amazon/tropical acidic soil candidate	Amazon/tropical soil	China				needs_metadata_or_OpenLandMap_confirmation	South America representative; Amazon/tropical acidic soil candidate	PRJNA1456809	China		needs_geocoding	exclude_location_outside_continent	no	external_acidic_soil_project_reads	yes	yes	"=A93&"" bacterial metagenome""; grass soil environmental DNA; China; not applicable"
SRR38232961	PRJNA1456809	SAMN57424870	South America	Amazon/tropical acidic soil candidate	Amazon/tropical soil	China				needs_metadata_or_OpenLandMap_confirmation	South America representative; Amazon/tropical acidic soil candidate	PRJNA1456809	China		needs_geocoding	exclude_location_outside_continent	no	external_acidic_soil_project_reads	yes	yes	"=A92&"" bacterial metagenome""; grass soil environmental DNA; China; not applicable"
SRR38232962	PRJNA1456809	SAMN57424869	South America	Amazon/tropical acidic soil candidate	Amazon/tropical soil	China				needs_metadata_or_OpenLandMap_confirmation	South America representative; Amazon/tropical acidic soil candidate	PRJNA1456809	China		needs_geocoding	exclude_location_outside_continent	no	external_acidic_soil_project_reads	yes	yes	"=A91&"" bacterial metagenome""; grass soil environmental DNA; China; not applicable"
SRR38232963	PRJNA1456809	SAMN57424868	South America	Amazon/tropical acidic soil candidate	Amazon/tropical soil	China				needs_metadata_or_OpenLandMap_confirmation	South America representative; Amazon/tropical acidic soil candidate	PRJNA1456809	China		needs_geocoding	exclude_location_outside_continent	no	external_acidic_soil_project_reads	yes	yes	"=A90&"" bacterial metagenome""; grass soil environmental DNA; China; not applicable"
SRR38232964	PRJNA1456809	SAMN57424867	South America	Amazon/tropical acidic soil candidate	Amazon/tropical soil	China				needs_metadata_or_OpenLandMap_confirmation	South America representative; Amazon/tropical acidic soil candidate	PRJNA1456809	China		needs_geocoding	exclude_location_outside_continent	no	external_acidic_soil_project_reads	yes	yes	"=A89&"" bacterial metagenome""; grass soil environmental DNA; China; not applicable"
ERR14065681	PRJEB83631	SAMEA117514422	South America	Amazon/tropical acidic soil candidate	Amazon/tropical soil					needs_metadata_or_OpenLandMap_confirmation	South America representative; Amazon/tropical acidic soil candidate	PRJEB83631	SAMEA117514422		missing_location	exclude_non_soil_or_unclear_source	no	external_acidic_soil_project_reads	no	yes	
ERR14065890	PRJEB83631	SAMEA117514631	South America	Amazon/tropical acidic soil candidate	Amazon/tropical soil					needs_metadata_or_OpenLandMap_confirmation	South America representative; Amazon/tropical acidic soil candidate	PRJEB83631	SAMEA117514631		missing_location	exclude_non_soil_or_unclear_source	no	external_acidic_soil_project_reads	no	yes	
ERR14065730	PRJEB83631	SAMEA117514471	South America	Amazon/tropical acidic soil candidate	Amazon/tropical soil					needs_metadata_or_OpenLandMap_confirmation	South America representative; Amazon/tropical acidic soil candidate	PRJEB83631	SAMEA117514471		missing_location	exclude_non_soil_or_unclear_source	no	external_acidic_soil_project_reads	no	yes	
ERR14065655	PRJEB83631	SAMEA117514396	South America	Amazon/tropical acidic soil candidate	Amazon/tropical soil					needs_metadata_or_OpenLandMap_confirmation	South America representative; Amazon/tropical acidic soil candidate	PRJEB83631	SAMEA117514396		missing_location	exclude_non_soil_or_unclear_source	no	external_acidic_soil_project_reads	no	yes	
ERR14065541	PRJEB83631	SAMEA117514282	South America	Amazon/tropical acidic soil candidate	Amazon/tropical soil					needs_metadata_or_OpenLandMap_confirmation	South America representative; Amazon/tropical acidic soil candidate	PRJEB83631	SAMEA117514282		missing_location	exclude_non_soil_or_unclear_source	no	external_acidic_soil_project_reads	no	yes	
ERR14065675	PRJEB83631	SAMEA117514416	South America	Amazon/tropical acidic soil candidate	Amazon/tropical soil					needs_metadata_or_OpenLandMap_confirmation	South America representative; Amazon/tropical acidic soil candidate	PRJEB83631	SAMEA117514416		missing_location	exclude_non_soil_or_unclear_source	no	external_acidic_soil_project_reads	no	yes	
ERR14065594	PRJEB83631	SAMEA117514335	South America	Amazon/tropical acidic soil candidate	Amazon/tropical soil					needs_metadata_or_OpenLandMap_confirmation	South America representative; Amazon/tropical acidic soil candidate	PRJEB83631	SAMEA117514335		missing_location	exclude_non_soil_or_unclear_source	no	external_acidic_soil_project_reads	no	yes	
ERR14065524	PRJEB83631	SAMEA117514265	South America	Amazon/tropical acidic soil candidate	Amazon/tropical soil					needs_metadata_or_OpenLandMap_confirmation	South America representative; Amazon/tropical acidic soil candidate	PRJEB83631	SAMEA117514265		missing_location	exclude_non_soil_or_unclear_source	no	external_acidic_soil_project_reads	no	yes	
ERR14065641	PRJEB83631	SAMEA117514382	South America	Amazon/tropical acidic soil candidate	Amazon/tropical soil					needs_metadata_or_OpenLandMap_confirmation	South America representative; Amazon/tropical acidic soil candidate	PRJEB83631	SAMEA117514382		missing_location	exclude_non_soil_or_unclear_source	no	external_acidic_soil_project_reads	no	yes	
ERR14065662	PRJEB83631	SAMEA117514403	South America	Amazon/tropical acidic soil candidate	Amazon/tropical soil					needs_metadata_or_OpenLandMap_confirmation	South America representative; Amazon/tropical acidic soil candidate	PRJEB83631	SAMEA117514403		missing_location	exclude_non_soil_or_unclear_source	no	external_acidic_soil_project_reads	no	yes	
ERR14065984	PRJEB83631	SAMEA117514724	South America	Amazon/tropical acidic soil candidate	Amazon/tropical soil					needs_metadata_or_OpenLandMap_confirmation	South America representative; Amazon/tropical acidic soil candidate	PRJEB83631	SAMEA117514724		missing_location	exclude_non_soil_or_unclear_source	no	external_acidic_soil_project_reads	no	yes	
ERR14065805	PRJEB83631	SAMEA117514546	South America	Amazon/tropical acidic soil candidate	Amazon/tropical soil					needs_metadata_or_OpenLandMap_confirmation	South America representative; Amazon/tropical acidic soil candidate	PRJEB83631	SAMEA117514546		missing_location	exclude_non_soil_or_unclear_source	no	external_acidic_soil_project_reads	no	yes	
ERR14066077	PRJEB83631	SAMEA117514817	South America	Amazon/tropical acidic soil candidate	Amazon/tropical soil					needs_metadata_or_OpenLandMap_confirmation	South America representative; Amazon/tropical acidic soil candidate	PRJEB83631	SAMEA117514817		missing_location	exclude_non_soil_or_unclear_source	no	external_acidic_soil_project_reads	no	yes	
ERR14066248	PRJEB83631	SAMEA117514988	South America	Amazon/tropical acidic soil candidate	Amazon/tropical soil					needs_metadata_or_OpenLandMap_confirmation	South America representative; Amazon/tropical acidic soil candidate	PRJEB83631	SAMEA117514988		missing_location	exclude_non_soil_or_unclear_source	no	external_acidic_soil_project_reads	no	yes	
ERR14066003	PRJEB83631	SAMEA117514743	South America	Amazon/tropical acidic soil candidate	Amazon/tropical soil					needs_metadata_or_OpenLandMap_confirmation	South America representative; Amazon/tropical acidic soil candidate	PRJEB83631	SAMEA117514743		missing_location	exclude_non_soil_or_unclear_source	no	external_acidic_soil_project_reads	no	yes	
ERR14066308	PRJEB83631	SAMEA117515048	South America	Amazon/tropical acidic soil candidate	Amazon/tropical soil					needs_metadata_or_OpenLandMap_confirmation	South America representative; Amazon/tropical acidic soil candidate	PRJEB83631	SAMEA117515048		missing_location	exclude_non_soil_or_unclear_source	no	external_acidic_soil_project_reads	no	yes	
ERR14065515	PRJEB83631	SAMEA117514256	South America	Amazon/tropical acidic soil candidate	Amazon/tropical soil					needs_metadata_or_OpenLandMap_confirmation	South America representative; Amazon/tropical acidic soil candidate	PRJEB83631	SAMEA117514256		missing_location	exclude_non_soil_or_unclear_source	no	external_acidic_soil_project_reads	no	yes	
ERR14065550	PRJEB83631	SAMEA117514291	South America	Amazon/tropical acidic soil candidate	Amazon/tropical soil					needs_metadata_or_OpenLandMap_confirmation	South America representative; Amazon/tropical acidic soil candidate	PRJEB83631	SAMEA117514291		missing_location	exclude_non_soil_or_unclear_source	no	external_acidic_soil_project_reads	no	yes	
ERR14066109	PRJEB83631	SAMEA117514849	South America	Amazon/tropical acidic soil candidate	Amazon/tropical soil					needs_metadata_or_OpenLandMap_confirmation	South America representative; Amazon/tropical acidic soil candidate	PRJEB83631	SAMEA117514849		missing_location	exclude_non_soil_or_unclear_source	no	external_acidic_soil_project_reads	no	yes	
ERR14065788	PRJEB83631	SAMEA117514529	South America	Amazon/tropical acidic soil candidate	Amazon/tropical soil					needs_metadata_or_OpenLandMap_confirmation	South America representative; Amazon/tropical acidic soil candidate	PRJEB83631	SAMEA117514529		missing_location	exclude_non_soil_or_unclear_source	no	external_acidic_soil_project_reads	no	yes	
ERR14065507	PRJEB83631	SAMEA117514248	South America	Amazon/tropical acidic soil candidate	Amazon/tropical soil					needs_metadata_or_OpenLandMap_confirmation	South America representative; Amazon/tropical acidic soil candidate	PRJEB83631	SAMEA117514248		missing_location	exclude_non_soil_or_unclear_source	no	external_acidic_soil_project_reads	no	yes	
ERR14066117	PRJEB83631	SAMEA117514857	South America	Amazon/tropical acidic soil candidate	Amazon/tropical soil					needs_metadata_or_OpenLandMap_confirmation	South America representative; Amazon/tropical acidic soil candidate	PRJEB83631	SAMEA117514857		missing_location	exclude_non_soil_or_unclear_source	no	external_acidic_soil_project_reads	no	yes	
ERR14066042	PRJEB83631	SAMEA117514782	South America	Amazon/tropical acidic soil candidate	Amazon/tropical soil					needs_metadata_or_OpenLandMap_confirmation	South America representative; Amazon/tropical acidic soil candidate	PRJEB83631	SAMEA117514782		missing_location	exclude_non_soil_or_unclear_source	no	external_acidic_soil_project_reads	no	yes	
ERR14065635	PRJEB83631	SAMEA117514376	South America	Amazon/tropical acidic soil candidate	Amazon/tropical soil					needs_metadata_or_OpenLandMap_confirmation	South America representative; Amazon/tropical acidic soil candidate	PRJEB83631	SAMEA117514376		missing_location	exclude_non_soil_or_unclear_source	no	external_acidic_soil_project_reads	no	yes	
ERR14065854	PRJEB83631	SAMEA117514595	South America	Amazon/tropical acidic soil candidate	Amazon/tropical soil					needs_metadata_or_OpenLandMap_confirmation	South America representative; Amazon/tropical acidic soil candidate	PRJEB83631	SAMEA117514595		missing_location	exclude_non_soil_or_unclear_source	no	external_acidic_soil_project_reads	no	yes	
ERR14066216	PRJEB83631	SAMEA117514956	South America	Amazon/tropical acidic soil candidate	Amazon/tropical soil					needs_metadata_or_OpenLandMap_confirmation	South America representative; Amazon/tropical acidic soil candidate	PRJEB83631	SAMEA117514956		missing_location	exclude_non_soil_or_unclear_source	no	external_acidic_soil_project_reads	no	yes	
ERR14065811	PRJEB83631	SAMEA117514552	South America	Amazon/tropical acidic soil candidate	Amazon/tropical soil					needs_metadata_or_OpenLandMap_confirmation	South America representative; Amazon/tropical acidic soil candidate	PRJEB83631	SAMEA117514552		missing_location	exclude_non_soil_or_unclear_source	no	external_acidic_soil_project_reads	no	yes	
ERR14066021	PRJEB83631	SAMEA117514761	South America	Amazon/tropical acidic soil candidate	Amazon/tropical soil					needs_metadata_or_OpenLandMap_confirmation	South America representative; Amazon/tropical acidic soil candidate	PRJEB83631	SAMEA117514761		missing_location	exclude_non_soil_or_unclear_source	no	external_acidic_soil_project_reads	no	yes	
ERR14066135	PRJEB83631	SAMEA117514875	South America	Amazon/tropical acidic soil candidate	Amazon/tropical soil					needs_metadata_or_OpenLandMap_confirmation	South America representative; Amazon/tropical acidic soil candidate	PRJEB83631	SAMEA117514875		missing_location	exclude_non_soil_or_unclear_source	no	external_acidic_soil_project_reads	no	yes	
ERR14066188	PRJEB83631	SAMEA117514928	South America	Amazon/tropical acidic soil candidate	Amazon/tropical soil					needs_metadata_or_OpenLandMap_confirmation	South America representative; Amazon/tropical acidic soil candidate	PRJEB83631	SAMEA117514928		missing_location	exclude_non_soil_or_unclear_source	no	external_acidic_soil_project_reads	no	yes	
ERR14066279	PRJEB83631	SAMEA117515019	South America	Amazon/tropical acidic soil candidate	Amazon/tropical soil					needs_metadata_or_OpenLandMap_confirmation	South America representative; Amazon/tropical acidic soil candidate	PRJEB83631	SAMEA117515019		missing_location	exclude_non_soil_or_unclear_source	no	external_acidic_soil_project_reads	no	yes	
ERR14065894	PRJEB83631	SAMEA117514635	South America	Amazon/tropical acidic soil candidate	Amazon/tropical soil					needs_metadata_or_OpenLandMap_confirmation	South America representative; Amazon/tropical acidic soil candidate	PRJEB83631	SAMEA117514635		missing_location	exclude_non_soil_or_unclear_source	no	external_acidic_soil_project_reads	no	yes	
ERR14065725	PRJEB83631	SAMEA117514466	South America	Amazon/tropical acidic soil candidate	Amazon/tropical soil					needs_metadata_or_OpenLandMap_confirmation	South America representative; Amazon/tropical acidic soil candidate	PRJEB83631	SAMEA117514466		missing_location	exclude_non_soil_or_unclear_source	no	external_acidic_soil_project_reads	no	yes	
ERR14066085	PRJEB83631	SAMEA117514825	South America	Amazon/tropical acidic soil candidate	Amazon/tropical soil					needs_metadata_or_OpenLandMap_confirmation	South America representative; Amazon/tropical acidic soil candidate	PRJEB83631	SAMEA117514825		missing_location	exclude_non_soil_or_unclear_source	no	external_acidic_soil_project_reads	no	yes	
ERR14065958	PRJEB83631	SAMEA117514698	South America	Amazon/tropical acidic soil candidate	Amazon/tropical soil					needs_metadata_or_OpenLandMap_confirmation	South America representative; Amazon/tropical acidic soil candidate	PRJEB83631	SAMEA117514698		missing_location	exclude_non_soil_or_unclear_source	no	external_acidic_soil_project_reads	no	yes	
ERR14065630	PRJEB83631	SAMEA117514371	South America	Amazon/tropical acidic soil candidate	Amazon/tropical soil					needs_metadata_or_OpenLandMap_confirmation	South America representative; Amazon/tropical acidic soil candidate	PRJEB83631	SAMEA117514371		missing_location	exclude_non_soil_or_unclear_source	no	external_acidic_soil_project_reads	no	yes	
ERR14066005	PRJEB83631	SAMEA117514745	South America	Amazon/tropical acidic soil candidate	Amazon/tropical soil					needs_metadata_or_OpenLandMap_confirmation	South America representative; Amazon/tropical acidic soil candidate	PRJEB83631	SAMEA117514745		missing_location	exclude_non_soil_or_unclear_source	no	external_acidic_soil_project_reads	no	yes	
ERR14065691	PRJEB83631	SAMEA117514432	South America	Amazon/tropical acidic soil candidate	Amazon/tropical soil					needs_metadata_or_OpenLandMap_confirmation	South America representative; Amazon/tropical acidic soil candidate	PRJEB83631	SAMEA117514432		missing_location	exclude_non_soil_or_unclear_source	no	external_acidic_soil_project_reads	no	yes	
ERR14065801	PRJEB83631	SAMEA117514542	South America	Amazon/tropical acidic soil candidate	Amazon/tropical soil					needs_metadata_or_OpenLandMap_confirmation	South America representative; Amazon/tropical acidic soil candidate	PRJEB83631	SAMEA117514542		missing_location	exclude_non_soil_or_unclear_source	no	external_acidic_soil_project_reads	no	yes	
ERR14065739	PRJEB83631	SAMEA117514480	South America	Amazon/tropical acidic soil candidate	Amazon/tropical soil					needs_metadata_or_OpenLandMap_confirmation	South America representative; Amazon/tropical acidic soil candidate	PRJEB83631	SAMEA117514480		missing_location	exclude_non_soil_or_unclear_source	no	external_acidic_soil_project_reads	no	yes	
ERR14065911	PRJEB83631	SAMEA117514652	South America	Amazon/tropical acidic soil candidate	Amazon/tropical soil					needs_metadata_or_OpenLandMap_confirmation	South America representative; Amazon/tropical acidic soil candidate	PRJEB83631	SAMEA117514652		missing_location	exclude_non_soil_or_unclear_source	no	external_acidic_soil_project_reads	no	yes	
ERR14066154	PRJEB83631	SAMEA117514894	South America	Amazon/tropical acidic soil candidate	Amazon/tropical soil					needs_metadata_or_OpenLandMap_confirmation	South America representative; Amazon/tropical acidic soil candidate	PRJEB83631	SAMEA117514894		missing_location	exclude_non_soil_or_unclear_source	no	external_acidic_soil_project_reads	no	yes	
ERR14066101	PRJEB83631	SAMEA117514841	South America	Amazon/tropical acidic soil candidate	Amazon/tropical soil					needs_metadata_or_OpenLandMap_confirmation	South America representative; Amazon/tropical acidic soil candidate	PRJEB83631	SAMEA117514841		missing_location	exclude_non_soil_or_unclear_source	no	external_acidic_soil_project_reads	no	yes	
ERR14065861	PRJEB83631	SAMEA117514602	South America	Amazon/tropical acidic soil candidate	Amazon/tropical soil					needs_metadata_or_OpenLandMap_confirmation	South America representative; Amazon/tropical acidic soil candidate	PRJEB83631	SAMEA117514602		missing_location	exclude_non_soil_or_unclear_source	no	external_acidic_soil_project_reads	no	yes	
ERR14065724	PRJEB83631	SAMEA117514465	South America	Amazon/tropical acidic soil candidate	Amazon/tropical soil					needs_metadata_or_OpenLandMap_confirmation	South America representative; Amazon/tropical acidic soil candidate	PRJEB83631	SAMEA117514465		missing_location	exclude_non_soil_or_unclear_source	no	external_acidic_soil_project_reads	no	yes	
ERR14065979	PRJEB83631	SAMEA117514719	South America	Amazon/tropical acidic soil candidate	Amazon/tropical soil					needs_metadata_or_OpenLandMap_confirmation	South America representative; Amazon/tropical acidic soil candidate	PRJEB83631	SAMEA117514719		missing_location	exclude_non_soil_or_unclear_source	no	external_acidic_soil_project_reads	no	yes	
ERR14065583	PRJEB83631	SAMEA117514324	South America	Amazon/tropical acidic soil candidate	Amazon/tropical soil					needs_metadata_or_OpenLandMap_confirmation	South America representative; Amazon/tropical acidic soil candidate	PRJEB83631	SAMEA117514324		missing_location	exclude_non_soil_or_unclear_source	no	external_acidic_soil_project_reads	no	yes	
ERR14065752	PRJEB83631	SAMEA117514493	South America	Amazon/tropical acidic soil candidate	Amazon/tropical soil					needs_metadata_or_OpenLandMap_confirmation	South America representative; Amazon/tropical acidic soil candidate	PRJEB83631	SAMEA117514493		missing_location	exclude_non_soil_or_unclear_source	no	external_acidic_soil_project_reads	no	yes	
ERR14066064	PRJEB83631	SAMEA117514804	South America	Amazon/tropical acidic soil candidate	Amazon/tropical soil					needs_metadata_or_OpenLandMap_confirmation	South America representative; Amazon/tropical acidic soil candidate	PRJEB83631	SAMEA117514804		missing_location	exclude_non_soil_or_unclear_source	no	external_acidic_soil_project_reads	no	yes	
ERR14066251	PRJEB83631	SAMEA117514991	South America	Amazon/tropical acidic soil candidate	Amazon/tropical soil					needs_metadata_or_OpenLandMap_confirmation	South America representative; Amazon/tropical acidic soil candidate	PRJEB83631	SAMEA117514991		missing_location	exclude_non_soil_or_unclear_source	no	external_acidic_soil_project_reads	no	yes	
ERR14065799	PRJEB83631	SAMEA117514540	South America	Amazon/tropical acidic soil candidate	Amazon/tropical soil					needs_metadata_or_OpenLandMap_confirmation	South America representative; Amazon/tropical acidic soil candidate	PRJEB83631	SAMEA117514540		missing_location	exclude_non_soil_or_unclear_source	no	external_acidic_soil_project_reads	no	yes	
ERR14066060	PRJEB83631	SAMEA117514800	South America	Amazon/tropical acidic soil candidate	Amazon/tropical soil					needs_metadata_or_OpenLandMap_confirmation	South America representative; Amazon/tropical acidic soil candidate	PRJEB83631	SAMEA117514800		missing_location	exclude_non_soil_or_unclear_source	no	external_acidic_soil_project_reads	no	yes	
ERR14066164	PRJEB83631	SAMEA117514904	South America	Amazon/tropical acidic soil candidate	Amazon/tropical soil					needs_metadata_or_OpenLandMap_confirmation	South America representative; Amazon/tropical acidic soil candidate	PRJEB83631	SAMEA117514904		missing_location	exclude_non_soil_or_unclear_source	no	external_acidic_soil_project_reads	no	yes	
ERR14066285	PRJEB83631	SAMEA117515025	South America	Amazon/tropical acidic soil candidate	Amazon/tropical soil					needs_metadata_or_OpenLandMap_confirmation	South America representative; Amazon/tropical acidic soil candidate	PRJEB83631	SAMEA117515025		missing_location	exclude_non_soil_or_unclear_source	no	external_acidic_soil_project_reads	no	yes	
ERR14065514	PRJEB83631	SAMEA117514255	South America	Amazon/tropical acidic soil candidate	Amazon/tropical soil					needs_metadata_or_OpenLandMap_confirmation	South America representative; Amazon/tropical acidic soil candidate	PRJEB83631	SAMEA117514255		missing_location	exclude_non_soil_or_unclear_source	no	external_acidic_soil_project_reads	no	yes	
ERR14065841	PRJEB83631	SAMEA117514582	South America	Amazon/tropical acidic soil candidate	Amazon/tropical soil					needs_metadata_or_OpenLandMap_confirmation	South America representative; Amazon/tropical acidic soil candidate	PRJEB83631	SAMEA117514582		missing_location	exclude_non_soil_or_unclear_source	no	external_acidic_soil_project_reads	no	yes	
ERR14066099	PRJEB83631	SAMEA117514839	South America	Amazon/tropical acidic soil candidate	Amazon/tropical soil					needs_metadata_or_OpenLandMap_confirmation	South America representative; Amazon/tropical acidic soil candidate	PRJEB83631	SAMEA117514839		missing_location	exclude_non_soil_or_unclear_source	no	external_acidic_soil_project_reads	no	yes	
ERR14065935	PRJEB83631	SAMEA117514675	South America	Amazon/tropical acidic soil candidate	Amazon/tropical soil					needs_metadata_or_OpenLandMap_confirmation	South America representative; Amazon/tropical acidic soil candidate	PRJEB83631	SAMEA117514675		missing_location	exclude_non_soil_or_unclear_source	no	external_acidic_soil_project_reads	no	yes	
ERR14066129	PRJEB83631	SAMEA117514869	South America	Amazon/tropical acidic soil candidate	Amazon/tropical soil					needs_metadata_or_OpenLandMap_confirmation	South America representative; Amazon/tropical acidic soil candidate	PRJEB83631	SAMEA117514869		missing_location	exclude_non_soil_or_unclear_source	no	external_acidic_soil_project_reads	no	yes	
ERR14065672	PRJEB83631	SAMEA117514413	South America	Amazon/tropical acidic soil candidate	Amazon/tropical soil					needs_metadata_or_OpenLandMap_confirmation	South America representative; Amazon/tropical acidic soil candidate	PRJEB83631	SAMEA117514413		missing_location	exclude_non_soil_or_unclear_source	no	external_acidic_soil_project_reads	no	yes	
ERR14066259	PRJEB83631	SAMEA117514999	South America	Amazon/tropical acidic soil candidate	Amazon/tropical soil					needs_metadata_or_OpenLandMap_confirmation	South America representative; Amazon/tropical acidic soil candidate	PRJEB83631	SAMEA117514999		missing_location	exclude_non_soil_or_unclear_source	no	external_acidic_soil_project_reads	no	yes	
ERR14066288	PRJEB83631	SAMEA117515028	South America	Amazon/tropical acidic soil candidate	Amazon/tropical soil					needs_metadata_or_OpenLandMap_confirmation	South America representative; Amazon/tropical acidic soil candidate	PRJEB83631	SAMEA117515028		missing_location	exclude_non_soil_or_unclear_source	no	external_acidic_soil_project_reads	no	yes	
ERR14065570	PRJEB83631	SAMEA117514311	South America	Amazon/tropical acidic soil candidate	Amazon/tropical soil					needs_metadata_or_OpenLandMap_confirmation	South America representative; Amazon/tropical acidic soil candidate	PRJEB83631	SAMEA117514311		missing_location	exclude_non_soil_or_unclear_source	no	external_acidic_soil_project_reads	no	yes	
ERR14065545	PRJEB83631	SAMEA117514286	South America	Amazon/tropical acidic soil candidate	Amazon/tropical soil					needs_metadata_or_OpenLandMap_confirmation	South America representative; Amazon/tropical acidic soil candidate	PRJEB83631	SAMEA117514286		missing_location	exclude_non_soil_or_unclear_source	no	external_acidic_soil_project_reads	no	yes	
ERR14065651	PRJEB83631	SAMEA117514392	South America	Amazon/tropical acidic soil candidate	Amazon/tropical soil					needs_metadata_or_OpenLandMap_confirmation	South America representative; Amazon/tropical acidic soil candidate	PRJEB83631	SAMEA117514392		missing_location	exclude_non_soil_or_unclear_source	no	external_acidic_soil_project_reads	no	yes	
ERR14065588	PRJEB83631	SAMEA117514329	South America	Amazon/tropical acidic soil candidate	Amazon/tropical soil					needs_metadata_or_OpenLandMap_confirmation	South America representative; Amazon/tropical acidic soil candidate	PRJEB83631	SAMEA117514329		missing_location	exclude_non_soil_or_unclear_source	no	external_acidic_soil_project_reads	no	yes	
ERR14065833	PRJEB83631	SAMEA117514574	South America	Amazon/tropical acidic soil candidate	Amazon/tropical soil					needs_metadata_or_OpenLandMap_confirmation	South America representative; Amazon/tropical acidic soil candidate	PRJEB83631	SAMEA117514574		missing_location	exclude_non_soil_or_unclear_source	no	external_acidic_soil_project_reads	no	yes	
ERR14065918	PRJEB83631	SAMEA117514659	South America	Amazon/tropical acidic soil candidate	Amazon/tropical soil					needs_metadata_or_OpenLandMap_confirmation	South America representative; Amazon/tropical acidic soil candidate	PRJEB83631	SAMEA117514659		missing_location	exclude_non_soil_or_unclear_source	no	external_acidic_soil_project_reads	no	yes	
ERR14065761	PRJEB83631	SAMEA117514502	South America	Amazon/tropical acidic soil candidate	Amazon/tropical soil					needs_metadata_or_OpenLandMap_confirmation	South America representative; Amazon/tropical acidic soil candidate	PRJEB83631	SAMEA117514502		missing_location	exclude_non_soil_or_unclear_source	no	external_acidic_soil_project_reads	no	yes	
ERR14065483	PRJEB83631	SAMEA117514224	South America	Amazon/tropical acidic soil candidate	Amazon/tropical soil					needs_metadata_or_OpenLandMap_confirmation	South America representative; Amazon/tropical acidic soil candidate	PRJEB83631	SAMEA117514224		missing_location	exclude_non_soil_or_unclear_source	no	external_acidic_soil_project_reads	no	yes	
ERR14066087	PRJEB83631	SAMEA117514827	South America	Amazon/tropical acidic soil candidate	Amazon/tropical soil					needs_metadata_or_OpenLandMap_confirmation	South America representative; Amazon/tropical acidic soil candidate	PRJEB83631	SAMEA117514827		missing_location	exclude_non_soil_or_unclear_source	no	external_acidic_soil_project_reads	no	yes	
ERR14065959	PRJEB83631	SAMEA117514699	South America	Amazon/tropical acidic soil candidate	Amazon/tropical soil					needs_metadata_or_OpenLandMap_confirmation	South America representative; Amazon/tropical acidic soil candidate	PRJEB83631	SAMEA117514699		missing_location	exclude_non_soil_or_unclear_source	no	external_acidic_soil_project_reads	no	yes	
ERR14065779	PRJEB83631	SAMEA117514520	South America	Amazon/tropical acidic soil candidate	Amazon/tropical soil					needs_metadata_or_OpenLandMap_confirmation	South America representative; Amazon/tropical acidic soil candidate	PRJEB83631	SAMEA117514520		missing_location	exclude_non_soil_or_unclear_source	no	external_acidic_soil_project_reads	no	yes	
ERR14065528	PRJEB83631	SAMEA117514269	South America	Amazon/tropical acidic soil candidate	Amazon/tropical soil					needs_metadata_or_OpenLandMap_confirmation	South America representative; Amazon/tropical acidic soil candidate	PRJEB83631	SAMEA117514269		missing_location	exclude_non_soil_or_unclear_source	no	external_acidic_soil_project_reads	no	yes	
ERR14065688	PRJEB83631	SAMEA117514429	South America	Amazon/tropical acidic soil candidate	Amazon/tropical soil					needs_metadata_or_OpenLandMap_confirmation	South America representative; Amazon/tropical acidic soil candidate	PRJEB83631	SAMEA117514429		missing_location	exclude_non_soil_or_unclear_source	no	external_acidic_soil_project_reads	no	yes	
ERR14066139	PRJEB83631	SAMEA117514879	South America	Amazon/tropical acidic soil candidate	Amazon/tropical soil					needs_metadata_or_OpenLandMap_confirmation	South America representative; Amazon/tropical acidic soil candidate	PRJEB83631	SAMEA117514879		missing_location	exclude_non_soil_or_unclear_source	no	external_acidic_soil_project_reads	no	yes	
ERR14065789	PRJEB83631	SAMEA117514530	South America	Amazon/tropical acidic soil candidate	Amazon/tropical soil					needs_metadata_or_OpenLandMap_confirmation	South America representative; Amazon/tropical acidic soil candidate	PRJEB83631	SAMEA117514530		missing_location	exclude_non_soil_or_unclear_source	no	external_acidic_soil_project_reads	no	yes	
ERR14065746	PRJEB83631	SAMEA117514487	South America	Amazon/tropical acidic soil candidate	Amazon/tropical soil					needs_metadata_or_OpenLandMap_confirmation	South America representative; Amazon/tropical acidic soil candidate	PRJEB83631	SAMEA117514487		missing_location	exclude_non_soil_or_unclear_source	no	external_acidic_soil_project_reads	no	yes	
ERR14065905	PRJEB83631	SAMEA117514646	South America	Amazon/tropical acidic soil candidate	Amazon/tropical soil					needs_metadata_or_OpenLandMap_confirmation	South America representative; Amazon/tropical acidic soil candidate	PRJEB83631	SAMEA117514646		missing_location	exclude_non_soil_or_unclear_source	no	external_acidic_soil_project_reads	no	yes	
ERR14066108	PRJEB83631	SAMEA117514848	South America	Amazon/tropical acidic soil candidate	Amazon/tropical soil					needs_metadata_or_OpenLandMap_confirmation	South America representative; Amazon/tropical acidic soil candidate	PRJEB83631	SAMEA117514848		missing_location	exclude_non_soil_or_unclear_source	no	external_acidic_soil_project_reads	no	yes	
ERR14065590	PRJEB83631	SAMEA117514331	South America	Amazon/tropical acidic soil candidate	Amazon/tropical soil					needs_metadata_or_OpenLandMap_confirmation	South America representative; Amazon/tropical acidic soil candidate	PRJEB83631	SAMEA117514331		missing_location	exclude_non_soil_or_unclear_source	no	external_acidic_soil_project_reads	no	yes	
ERR14065952	PRJEB83631	SAMEA117514692	South America	Amazon/tropical acidic soil candidate	Amazon/tropical soil					needs_metadata_or_OpenLandMap_confirmation	South America representative; Amazon/tropical acidic soil candidate	PRJEB83631	SAMEA117514692		missing_location	exclude_non_soil_or_unclear_source	no	external_acidic_soil_project_reads	no	yes	
ERR14065772	PRJEB83631	SAMEA117514513	South America	Amazon/tropical acidic soil candidate	Amazon/tropical soil					needs_metadata_or_OpenLandMap_confirmation	South America representative; Amazon/tropical acidic soil candidate	PRJEB83631	SAMEA117514513		missing_location	exclude_non_soil_or_unclear_source	no	external_acidic_soil_project_reads	no	yes	
ERR14065714	PRJEB83631	SAMEA117514455	South America	Amazon/tropical acidic soil candidate	Amazon/tropical soil					needs_metadata_or_OpenLandMap_confirmation	South America representative; Amazon/tropical acidic soil candidate	PRJEB83631	SAMEA117514455		missing_location	exclude_non_soil_or_unclear_source	no	external_acidic_soil_project_reads	no	yes	
ERR14066237	PRJEB83631	SAMEA117514977	South America	Amazon/tropical acidic soil candidate	Amazon/tropical soil					needs_metadata_or_OpenLandMap_confirmation	South America representative; Amazon/tropical acidic soil candidate	PRJEB83631	SAMEA117514977		missing_location	exclude_non_soil_or_unclear_source	no	external_acidic_soil_project_reads	no	yes	
ERR14065704	PRJEB83631	SAMEA117514445	South America	Amazon/tropical acidic soil candidate	Amazon/tropical soil					needs_metadata_or_OpenLandMap_confirmation	South America representative; Amazon/tropical acidic soil candidate	PRJEB83631	SAMEA117514445		missing_location	exclude_non_soil_or_unclear_source	no	external_acidic_soil_project_reads	no	yes	
ERR14066301	PRJEB83631	SAMEA117515041	South America	Amazon/tropical acidic soil candidate	Amazon/tropical soil					needs_metadata_or_OpenLandMap_confirmation	South America representative; Amazon/tropical acidic soil candidate	PRJEB83631	SAMEA117515041		missing_location	exclude_non_soil_or_unclear_source	no	external_acidic_soil_project_reads	no	yes	
ERR14066002	PRJEB83631	SAMEA117514742	South America	Amazon/tropical acidic soil candidate	Amazon/tropical soil					needs_metadata_or_OpenLandMap_confirmation	South America representative; Amazon/tropical acidic soil candidate	PRJEB83631	SAMEA117514742		missing_location	exclude_non_soil_or_unclear_source	no	external_acidic_soil_project_reads	no	yes	
ERR14065885	PRJEB83631	SAMEA117514626	South America	Amazon/tropical acidic soil candidate	Amazon/tropical soil					needs_metadata_or_OpenLandMap_confirmation	South America representative; Amazon/tropical acidic soil candidate	PRJEB83631	SAMEA117514626		missing_location	exclude_non_soil_or_unclear_source	no	external_acidic_soil_project_reads	no	yes	
ERR14066159	PRJEB83631	SAMEA117514899	South America	Amazon/tropical acidic soil candidate	Amazon/tropical soil					needs_metadata_or_OpenLandMap_confirmation	South America representative; Amazon/tropical acidic soil candidate	PRJEB83631	SAMEA117514899		missing_location	exclude_non_soil_or_unclear_source	no	external_acidic_soil_project_reads	no	yes	
ERR14065874	PRJEB83631	SAMEA117514615	South America	Amazon/tropical acidic soil candidate	Amazon/tropical soil					needs_metadata_or_OpenLandMap_confirmation	South America representative; Amazon/tropical acidic soil candidate	PRJEB83631	SAMEA117514615		missing_location	exclude_non_soil_or_unclear_source	no	external_acidic_soil_project_reads	no	yes	
ERR14066031	PRJEB83631	SAMEA117514771	South America	Amazon/tropical acidic soil candidate	Amazon/tropical soil					needs_metadata_or_OpenLandMap_confirmation	South America representative; Amazon/tropical acidic soil candidate	PRJEB83631	SAMEA117514771		missing_location	exclude_non_soil_or_unclear_source	no	external_acidic_soil_project_reads	no	yes	
ERR14065622	PRJEB83631	SAMEA117514363	South America	Amazon/tropical acidic soil candidate	Amazon/tropical soil					needs_metadata_or_OpenLandMap_confirmation	South America representative; Amazon/tropical acidic soil candidate	PRJEB83631	SAMEA117514363		missing_location	exclude_non_soil_or_unclear_source	no	external_acidic_soil_project_reads	no	yes	
ERR14065712	PRJEB83631	SAMEA117514453	South America	Amazon/tropical acidic soil candidate	Amazon/tropical soil					needs_metadata_or_OpenLandMap_confirmation	South America representative; Amazon/tropical acidic soil candidate	PRJEB83631	SAMEA117514453		missing_location	exclude_non_soil_or_unclear_source	no	external_acidic_soil_project_reads	no	yes	
ERR14066177	PRJEB83631	SAMEA117514917	South America	Amazon/tropical acidic soil candidate	Amazon/tropical soil					needs_metadata_or_OpenLandMap_confirmation	South America representative; Amazon/tropical acidic soil candidate	PRJEB83631	SAMEA117514917		missing_location	exclude_non_soil_or_unclear_source	no	external_acidic_soil_project_reads	no	yes	
ERR14065632	PRJEB83631	SAMEA117514373	South America	Amazon/tropical acidic soil candidate	Amazon/tropical soil					needs_metadata_or_OpenLandMap_confirmation	South America representative; Amazon/tropical acidic soil candidate	PRJEB83631	SAMEA117514373		missing_location	exclude_non_soil_or_unclear_source	no	external_acidic_soil_project_reads	no	yes	
ERR14065679	PRJEB83631	SAMEA117514420	South America	Amazon/tropical acidic soil candidate	Amazon/tropical soil					needs_metadata_or_OpenLandMap_confirmation	South America representative; Amazon/tropical acidic soil candidate	PRJEB83631	SAMEA117514420		missing_location	exclude_non_soil_or_unclear_source	no	external_acidic_soil_project_reads	no	yes	
ERR14066145	PRJEB83631	SAMEA117514885	South America	Amazon/tropical acidic soil candidate	Amazon/tropical soil					needs_metadata_or_OpenLandMap_confirmation	South America representative; Amazon/tropical acidic soil candidate	PRJEB83631	SAMEA117514885		missing_location	exclude_non_soil_or_unclear_source	no	external_acidic_soil_project_reads	no	yes	
ERR14066202	PRJEB83631	SAMEA117514942	South America	Amazon/tropical acidic soil candidate	Amazon/tropical soil					needs_metadata_or_OpenLandMap_confirmation	South America representative; Amazon/tropical acidic soil candidate	PRJEB83631	SAMEA117514942		missing_location	exclude_non_soil_or_unclear_source	no	external_acidic_soil_project_reads	no	yes	
ERR14066088	PRJEB83631	SAMEA117514828	South America	Amazon/tropical acidic soil candidate	Amazon/tropical soil					needs_metadata_or_OpenLandMap_confirmation	South America representative; Amazon/tropical acidic soil candidate	PRJEB83631	SAMEA117514828		missing_location	exclude_non_soil_or_unclear_source	no	external_acidic_soil_project_reads	no	yes	
ERR14066110	PRJEB83631	SAMEA117514850	South America	Amazon/tropical acidic soil candidate	Amazon/tropical soil					needs_metadata_or_OpenLandMap_confirmation	South America representative; Amazon/tropical acidic soil candidate	PRJEB83631	SAMEA117514850		missing_location	exclude_non_soil_or_unclear_source	no	external_acidic_soil_project_reads	no	yes	
ERR14065686	PRJEB83631	SAMEA117514427	South America	Amazon/tropical acidic soil candidate	Amazon/tropical soil					needs_metadata_or_OpenLandMap_confirmation	South America representative; Amazon/tropical acidic soil candidate	PRJEB83631	SAMEA117514427		missing_location	exclude_non_soil_or_unclear_source	no	external_acidic_soil_project_reads	no	yes	
ERR14065646	PRJEB83631	SAMEA117514387	South America	Amazon/tropical acidic soil candidate	Amazon/tropical soil					needs_metadata_or_OpenLandMap_confirmation	South America representative; Amazon/tropical acidic soil candidate	PRJEB83631	SAMEA117514387		missing_location	exclude_non_soil_or_unclear_source	no	external_acidic_soil_project_reads	no	yes	
ERR14065864	PRJEB83631	SAMEA117514605	South America	Amazon/tropical acidic soil candidate	Amazon/tropical soil					needs_metadata_or_OpenLandMap_confirmation	South America representative; Amazon/tropical acidic soil candidate	PRJEB83631	SAMEA117514605		missing_location	exclude_non_soil_or_unclear_source	no	external_acidic_soil_project_reads	no	yes	
ERR14066278	PRJEB83631	SAMEA117515018	South America	Amazon/tropical acidic soil candidate	Amazon/tropical soil					needs_metadata_or_OpenLandMap_confirmation	South America representative; Amazon/tropical acidic soil candidate	PRJEB83631	SAMEA117515018		missing_location	exclude_non_soil_or_unclear_source	no	external_acidic_soil_project_reads	no	yes	
ERR14065922	PRJEB83631	SAMEA117514663	South America	Amazon/tropical acidic soil candidate	Amazon/tropical soil					needs_metadata_or_OpenLandMap_confirmation	South America representative; Amazon/tropical acidic soil candidate	PRJEB83631	SAMEA117514663		missing_location	exclude_non_soil_or_unclear_source	no	external_acidic_soil_project_reads	no	yes	
ERR14065837	PRJEB83631	SAMEA117514578	South America	Amazon/tropical acidic soil candidate	Amazon/tropical soil					needs_metadata_or_OpenLandMap_confirmation	South America representative; Amazon/tropical acidic soil candidate	PRJEB83631	SAMEA117514578		missing_location	exclude_non_soil_or_unclear_source	no	external_acidic_soil_project_reads	no	yes	
ERR14065765	PRJEB83631	SAMEA117514506	South America	Amazon/tropical acidic soil candidate	Amazon/tropical soil					needs_metadata_or_OpenLandMap_confirmation	South America representative; Amazon/tropical acidic soil candidate	PRJEB83631	SAMEA117514506		missing_location	exclude_non_soil_or_unclear_source	no	external_acidic_soil_project_reads	no	yes	
ERR14065971	PRJEB83631	SAMEA117514711	South America	Amazon/tropical acidic soil candidate	Amazon/tropical soil					needs_metadata_or_OpenLandMap_confirmation	South America representative; Amazon/tropical acidic soil candidate	PRJEB83631	SAMEA117514711		missing_location	exclude_non_soil_or_unclear_source	no	external_acidic_soil_project_reads	no	yes	
ERR14066272	PRJEB83631	SAMEA117515012	South America	Amazon/tropical acidic soil candidate	Amazon/tropical soil					needs_metadata_or_OpenLandMap_confirmation	South America representative; Amazon/tropical acidic soil candidate	PRJEB83631	SAMEA117515012		missing_location	exclude_non_soil_or_unclear_source	no	external_acidic_soil_project_reads	no	yes	
ERR14066305	PRJEB83631	SAMEA117515045	South America	Amazon/tropical acidic soil candidate	Amazon/tropical soil					needs_metadata_or_OpenLandMap_confirmation	South America representative; Amazon/tropical acidic soil candidate	PRJEB83631	SAMEA117515045		missing_location	exclude_non_soil_or_unclear_source	no	external_acidic_soil_project_reads	no	yes	
ERR14066015	PRJEB83631	SAMEA117514755	South America	Amazon/tropical acidic soil candidate	Amazon/tropical soil					needs_metadata_or_OpenLandMap_confirmation	South America representative; Amazon/tropical acidic soil candidate	PRJEB83631	SAMEA117514755		missing_location	exclude_non_soil_or_unclear_source	no	external_acidic_soil_project_reads	no	yes	
ERR14065491	PRJEB83631	SAMEA117514232	South America	Amazon/tropical acidic soil candidate	Amazon/tropical soil					needs_metadata_or_OpenLandMap_confirmation	South America representative; Amazon/tropical acidic soil candidate	PRJEB83631	SAMEA117514232		missing_location	exclude_non_soil_or_unclear_source	no	external_acidic_soil_project_reads	no	yes	
ERR14066299	PRJEB83631	SAMEA117515039	South America	Amazon/tropical acidic soil candidate	Amazon/tropical soil					needs_metadata_or_OpenLandMap_confirmation	South America representative; Amazon/tropical acidic soil candidate	PRJEB83631	SAMEA117515039		missing_location	exclude_non_soil_or_unclear_source	no	external_acidic_soil_project_reads	no	yes	
ERR14065793	PRJEB83631	SAMEA117514534	South America	Amazon/tropical acidic soil candidate	Amazon/tropical soil					needs_metadata_or_OpenLandMap_confirmation	South America representative; Amazon/tropical acidic soil candidate	PRJEB83631	SAMEA117514534		missing_location	exclude_non_soil_or_unclear_source	no	external_acidic_soil_project_reads	no	yes	
ERR14065500	PRJEB83631	SAMEA117514241	South America	Amazon/tropical acidic soil candidate	Amazon/tropical soil					needs_metadata_or_OpenLandMap_confirmation	South America representative; Amazon/tropical acidic soil candidate	PRJEB83631	SAMEA117514241		missing_location	exclude_non_soil_or_unclear_source	no	external_acidic_soil_project_reads	no	yes	
ERR14065677	PRJEB83631	SAMEA117514418	South America	Amazon/tropical acidic soil candidate	Amazon/tropical soil					needs_metadata_or_OpenLandMap_confirmation	South America representative; Amazon/tropical acidic soil candidate	PRJEB83631	SAMEA117514418		missing_location	exclude_non_soil_or_unclear_source	no	external_acidic_soil_project_reads	no	yes	
ERR14065552	PRJEB83631	SAMEA117514293	South America	Amazon/tropical acidic soil candidate	Amazon/tropical soil					needs_metadata_or_OpenLandMap_confirmation	South America representative; Amazon/tropical acidic soil candidate	PRJEB83631	SAMEA117514293		missing_location	exclude_non_soil_or_unclear_source	no	external_acidic_soil_project_reads	no	yes	
ERR14066192	PRJEB83631	SAMEA117514932	South America	Amazon/tropical acidic soil candidate	Amazon/tropical soil					needs_metadata_or_OpenLandMap_confirmation	South America representative; Amazon/tropical acidic soil candidate	PRJEB83631	SAMEA117514932		missing_location	exclude_non_soil_or_unclear_source	no	external_acidic_soil_project_reads	no	yes	
ERR14066124	PRJEB83631	SAMEA117514864	South America	Amazon/tropical acidic soil candidate	Amazon/tropical soil					needs_metadata_or_OpenLandMap_confirmation	South America representative; Amazon/tropical acidic soil candidate	PRJEB83631	SAMEA117514864		missing_location	exclude_non_soil_or_unclear_source	no	external_acidic_soil_project_reads	no	yes	
ERR14065968	PRJEB83631	SAMEA117514708	South America	Amazon/tropical acidic soil candidate	Amazon/tropical soil					needs_metadata_or_OpenLandMap_confirmation	South America representative; Amazon/tropical acidic soil candidate	PRJEB83631	SAMEA117514708		missing_location	exclude_non_soil_or_unclear_source	no	external_acidic_soil_project_reads	no	yes	
ERR14066187	PRJEB83631	SAMEA117514927	South America	Amazon/tropical acidic soil candidate	Amazon/tropical soil					needs_metadata_or_OpenLandMap_confirmation	South America representative; Amazon/tropical acidic soil candidate	PRJEB83631	SAMEA117514927		missing_location	exclude_non_soil_or_unclear_source	no	external_acidic_soil_project_reads	no	yes	
ERR14065584	PRJEB83631	SAMEA117514325	South America	Amazon/tropical acidic soil candidate	Amazon/tropical soil					needs_metadata_or_OpenLandMap_confirmation	South America representative; Amazon/tropical acidic soil candidate	PRJEB83631	SAMEA117514325		missing_location	exclude_non_soil_or_unclear_source	no	external_acidic_soil_project_reads	no	yes	
ERR14065810	PRJEB83631	SAMEA117514551	South America	Amazon/tropical acidic soil candidate	Amazon/tropical soil					needs_metadata_or_OpenLandMap_confirmation	South America representative; Amazon/tropical acidic soil candidate	PRJEB83631	SAMEA117514551		missing_location	exclude_non_soil_or_unclear_source	no	external_acidic_soil_project_reads	no	yes	
ERR14066250	PRJEB83631	SAMEA117514990	South America	Amazon/tropical acidic soil candidate	Amazon/tropical soil					needs_metadata_or_OpenLandMap_confirmation	South America representative; Amazon/tropical acidic soil candidate	PRJEB83631	SAMEA117514990		missing_location	exclude_non_soil_or_unclear_source	no	external_acidic_soil_project_reads	no	yes	
ERR14066026	PRJEB83631	SAMEA117514766	South America	Amazon/tropical acidic soil candidate	Amazon/tropical soil					needs_metadata_or_OpenLandMap_confirmation	South America representative; Amazon/tropical acidic soil candidate	PRJEB83631	SAMEA117514766		missing_location	exclude_non_soil_or_unclear_source	no	external_acidic_soil_project_reads	no	yes	
ERR14066130	PRJEB83631	SAMEA117514870	South America	Amazon/tropical acidic soil candidate	Amazon/tropical soil					needs_metadata_or_OpenLandMap_confirmation	South America representative; Amazon/tropical acidic soil candidate	PRJEB83631	SAMEA117514870		missing_location	exclude_non_soil_or_unclear_source	no	external_acidic_soil_project_reads	no	yes	
ERR14066295	PRJEB83631	SAMEA117515035	South America	Amazon/tropical acidic soil candidate	Amazon/tropical soil					needs_metadata_or_OpenLandMap_confirmation	South America representative; Amazon/tropical acidic soil candidate	PRJEB83631	SAMEA117515035		missing_location	exclude_non_soil_or_unclear_source	no	external_acidic_soil_project_reads	no	yes	
ERR14065960	PRJEB83631	SAMEA117514700	South America	Amazon/tropical acidic soil candidate	Amazon/tropical soil					needs_metadata_or_OpenLandMap_confirmation	South America representative; Amazon/tropical acidic soil candidate	PRJEB83631	SAMEA117514700		missing_location	exclude_non_soil_or_unclear_source	no	external_acidic_soil_project_reads	no	yes	
ERR14065713	PRJEB83631	SAMEA117514454	South America	Amazon/tropical acidic soil candidate	Amazon/tropical soil					needs_metadata_or_OpenLandMap_confirmation	South America representative; Amazon/tropical acidic soil candidate	PRJEB83631	SAMEA117514454		missing_location	exclude_non_soil_or_unclear_source	no	external_acidic_soil_project_reads	no	yes	
ERR14065766	PRJEB83631	SAMEA117514507	South America	Amazon/tropical acidic soil candidate	Amazon/tropical soil					needs_metadata_or_OpenLandMap_confirmation	South America representative; Amazon/tropical acidic soil candidate	PRJEB83631	SAMEA117514507		missing_location	exclude_non_soil_or_unclear_source	no	external_acidic_soil_project_reads	no	yes	
ERR14066095	PRJEB83631	SAMEA117514835	South America	Amazon/tropical acidic soil candidate	Amazon/tropical soil					needs_metadata_or_OpenLandMap_confirmation	South America representative; Amazon/tropical acidic soil candidate	PRJEB83631	SAMEA117514835		missing_location	exclude_non_soil_or_unclear_source	no	external_acidic_soil_project_reads	no	yes	
ERR14065936	PRJEB83631	SAMEA117514676	South America	Amazon/tropical acidic soil candidate	Amazon/tropical soil					needs_metadata_or_OpenLandMap_confirmation	South America representative; Amazon/tropical acidic soil candidate	PRJEB83631	SAMEA117514676		missing_location	exclude_non_soil_or_unclear_source	no	external_acidic_soil_project_reads	no	yes	
ERR14065536	PRJEB83631	SAMEA117514277	South America	Amazon/tropical acidic soil candidate	Amazon/tropical soil					needs_metadata_or_OpenLandMap_confirmation	South America representative; Amazon/tropical acidic soil candidate	PRJEB83631	SAMEA117514277		missing_location	exclude_non_soil_or_unclear_source	no	external_acidic_soil_project_reads	no	yes	
ERR14065700	PRJEB83631	SAMEA117514441	South America	Amazon/tropical acidic soil candidate	Amazon/tropical soil					needs_metadata_or_OpenLandMap_confirmation	South America representative; Amazon/tropical acidic soil candidate	PRJEB83631	SAMEA117514441		missing_location	exclude_non_soil_or_unclear_source	no	external_acidic_soil_project_reads	no	yes	
ERR14066093	PRJEB83631	SAMEA117514833	South America	Amazon/tropical acidic soil candidate	Amazon/tropical soil					needs_metadata_or_OpenLandMap_confirmation	South America representative; Amazon/tropical acidic soil candidate	PRJEB83631	SAMEA117514833		missing_location	exclude_non_soil_or_unclear_source	no	external_acidic_soil_project_reads	no	yes	
ERR14066201	PRJEB83631	SAMEA117514941	South America	Amazon/tropical acidic soil candidate	Amazon/tropical soil					needs_metadata_or_OpenLandMap_confirmation	South America representative; Amazon/tropical acidic soil candidate	PRJEB83631	SAMEA117514941		missing_location	exclude_non_soil_or_unclear_source	no	external_acidic_soil_project_reads	no	yes	
ERR14065928	PRJEB83631	SAMEA117514669	South America	Amazon/tropical acidic soil candidate	Amazon/tropical soil					needs_metadata_or_OpenLandMap_confirmation	South America representative; Amazon/tropical acidic soil candidate	PRJEB83631	SAMEA117514669		missing_location	exclude_non_soil_or_unclear_source	no	external_acidic_soil_project_reads	no	yes	
ERR14066127	PRJEB83631	SAMEA117514867	South America	Amazon/tropical acidic soil candidate	Amazon/tropical soil					needs_metadata_or_OpenLandMap_confirmation	South America representative; Amazon/tropical acidic soil candidate	PRJEB83631	SAMEA117514867		missing_location	exclude_non_soil_or_unclear_source	no	external_acidic_soil_project_reads	no	yes	
ERR14065859	PRJEB83631	SAMEA117514600	South America	Amazon/tropical acidic soil candidate	Amazon/tropical soil					needs_metadata_or_OpenLandMap_confirmation	South America representative; Amazon/tropical acidic soil candidate	PRJEB83631	SAMEA117514600		missing_location	exclude_non_soil_or_unclear_source	no	external_acidic_soil_project_reads	no	yes	
ERR14065795	PRJEB83631	SAMEA117514536	South America	Amazon/tropical acidic soil candidate	Amazon/tropical soil					needs_metadata_or_OpenLandMap_confirmation	South America representative; Amazon/tropical acidic soil candidate	PRJEB83631	SAMEA117514536		missing_location	exclude_non_soil_or_unclear_source	no	external_acidic_soil_project_reads	no	yes	
ERR14066290	PRJEB83631	SAMEA117515030	South America	Amazon/tropical acidic soil candidate	Amazon/tropical soil					needs_metadata_or_OpenLandMap_confirmation	South America representative; Amazon/tropical acidic soil candidate	PRJEB83631	SAMEA117515030		missing_location	exclude_non_soil_or_unclear_source	no	external_acidic_soil_project_reads	no	yes	
ERR14065831	PRJEB83631	SAMEA117514572	South America	Amazon/tropical acidic soil candidate	Amazon/tropical soil					needs_metadata_or_OpenLandMap_confirmation	South America representative; Amazon/tropical acidic soil candidate	PRJEB83631	SAMEA117514572		missing_location	exclude_non_soil_or_unclear_source	no	external_acidic_soil_project_reads	no	yes	
ERR14065964	PRJEB83631	SAMEA117514704	South America	Amazon/tropical acidic soil candidate	Amazon/tropical soil					needs_metadata_or_OpenLandMap_confirmation	South America representative; Amazon/tropical acidic soil candidate	PRJEB83631	SAMEA117514704		missing_location	exclude_non_soil_or_unclear_source	no	external_acidic_soil_project_reads	no	yes	
ERR14065844	PRJEB83631	SAMEA117514585	South America	Amazon/tropical acidic soil candidate	Amazon/tropical soil					needs_metadata_or_OpenLandMap_confirmation	South America representative; Amazon/tropical acidic soil candidate	PRJEB83631	SAMEA117514585		missing_location	exclude_non_soil_or_unclear_source	no	external_acidic_soil_project_reads	no	yes	
ERR14065636	PRJEB83631	SAMEA117514377	South America	Amazon/tropical acidic soil candidate	Amazon/tropical soil					needs_metadata_or_OpenLandMap_confirmation	South America representative; Amazon/tropical acidic soil candidate	PRJEB83631	SAMEA117514377		missing_location	exclude_non_soil_or_unclear_source	no	external_acidic_soil_project_reads	no	yes	
ERR14066181	PRJEB83631	SAMEA117514921	South America	Amazon/tropical acidic soil candidate	Amazon/tropical soil					needs_metadata_or_OpenLandMap_confirmation	South America representative; Amazon/tropical acidic soil candidate	PRJEB83631	SAMEA117514921		missing_location	exclude_non_soil_or_unclear_source	no	external_acidic_soil_project_reads	no	yes	
ERR14066174	PRJEB83631	SAMEA117514914	South America	Amazon/tropical acidic soil candidate	Amazon/tropical soil					needs_metadata_or_OpenLandMap_confirmation	South America representative; Amazon/tropical acidic soil candidate	PRJEB83631	SAMEA117514914		missing_location	exclude_non_soil_or_unclear_source	no	external_acidic_soil_project_reads	no	yes	
ERR14065649	PRJEB83631	SAMEA117514390	South America	Amazon/tropical acidic soil candidate	Amazon/tropical soil					needs_metadata_or_OpenLandMap_confirmation	South America representative; Amazon/tropical acidic soil candidate	PRJEB83631	SAMEA117514390		missing_location	exclude_non_soil_or_unclear_source	no	external_acidic_soil_project_reads	no	yes	
ERR14066189	PRJEB83631	SAMEA117514929	South America	Amazon/tropical acidic soil candidate	Amazon/tropical soil					needs_metadata_or_OpenLandMap_confirmation	South America representative; Amazon/tropical acidic soil candidate	PRJEB83631	SAMEA117514929		missing_location	exclude_non_soil_or_unclear_source	no	external_acidic_soil_project_reads	no	yes	
ERR14066158	PRJEB83631	SAMEA117514898	South America	Amazon/tropical acidic soil candidate	Amazon/tropical soil					needs_metadata_or_OpenLandMap_confirmation	South America representative; Amazon/tropical acidic soil candidate	PRJEB83631	SAMEA117514898		missing_location	exclude_non_soil_or_unclear_source	no	external_acidic_soil_project_reads	no	yes	
ERR14066105	PRJEB83631	SAMEA117514845	South America	Amazon/tropical acidic soil candidate	Amazon/tropical soil					needs_metadata_or_OpenLandMap_confirmation	South America representative; Amazon/tropical acidic soil candidate	PRJEB83631	SAMEA117514845		missing_location	exclude_non_soil_or_unclear_source	no	external_acidic_soil_project_reads	no	yes	
ERR14065797	PRJEB83631	SAMEA117514538	South America	Amazon/tropical acidic soil candidate	Amazon/tropical soil					needs_metadata_or_OpenLandMap_confirmation	South America representative; Amazon/tropical acidic soil candidate	PRJEB83631	SAMEA117514538		missing_location	exclude_non_soil_or_unclear_source	no	external_acidic_soil_project_reads	no	yes	
ERR14066023	PRJEB83631	SAMEA117514763	South America	Amazon/tropical acidic soil candidate	Amazon/tropical soil					needs_metadata_or_OpenLandMap_confirmation	South America representative; Amazon/tropical acidic soil candidate	PRJEB83631	SAMEA117514763		missing_location	exclude_non_soil_or_unclear_source	no	external_acidic_soil_project_reads	no	yes	
ERR14066253	PRJEB83631	SAMEA117514993	South America	Amazon/tropical acidic soil candidate	Amazon/tropical soil					needs_metadata_or_OpenLandMap_confirmation	South America representative; Amazon/tropical acidic soil candidate	PRJEB83631	SAMEA117514993		missing_location	exclude_non_soil_or_unclear_source	no	external_acidic_soil_project_reads	no	yes	
ERR14066221	PRJEB83631	SAMEA117514961	South America	Amazon/tropical acidic soil candidate	Amazon/tropical soil					needs_metadata_or_OpenLandMap_confirmation	South America representative; Amazon/tropical acidic soil candidate	PRJEB83631	SAMEA117514961		missing_location	exclude_non_soil_or_unclear_source	no	external_acidic_soil_project_reads	no	yes	
ERR14065785	PRJEB83631	SAMEA117514526	South America	Amazon/tropical acidic soil candidate	Amazon/tropical soil					needs_metadata_or_OpenLandMap_confirmation	South America representative; Amazon/tropical acidic soil candidate	PRJEB83631	SAMEA117514526		missing_location	exclude_non_soil_or_unclear_source	no	external_acidic_soil_project_reads	no	yes	
ERR14066257	PRJEB83631	SAMEA117514997	South America	Amazon/tropical acidic soil candidate	Amazon/tropical soil					needs_metadata_or_OpenLandMap_confirmation	South America representative; Amazon/tropical acidic soil candidate	PRJEB83631	SAMEA117514997		missing_location	exclude_non_soil_or_unclear_source	no	external_acidic_soil_project_reads	no	yes	
ERR14065490	PRJEB83631	SAMEA117514231	South America	Amazon/tropical acidic soil candidate	Amazon/tropical soil					needs_metadata_or_OpenLandMap_confirmation	South America representative; Amazon/tropical acidic soil candidate	PRJEB83631	SAMEA117514231		missing_location	exclude_non_soil_or_unclear_source	no	external_acidic_soil_project_reads	no	yes	
ERR14065870	PRJEB83631	SAMEA117514611	South America	Amazon/tropical acidic soil candidate	Amazon/tropical soil					needs_metadata_or_OpenLandMap_confirmation	South America representative; Amazon/tropical acidic soil candidate	PRJEB83631	SAMEA117514611		missing_location	exclude_non_soil_or_unclear_source	no	external_acidic_soil_project_reads	no	yes	
ERR14065972	PRJEB83631	SAMEA117514712	South America	Amazon/tropical acidic soil candidate	Amazon/tropical soil					needs_metadata_or_OpenLandMap_confirmation	South America representative; Amazon/tropical acidic soil candidate	PRJEB83631	SAMEA117514712		missing_location	exclude_non_soil_or_unclear_source	no	external_acidic_soil_project_reads	no	yes	
ERR14066261	PRJEB83631	SAMEA117515001	South America	Amazon/tropical acidic soil candidate	Amazon/tropical soil					needs_metadata_or_OpenLandMap_confirmation	South America representative; Amazon/tropical acidic soil candidate	PRJEB83631	SAMEA117515001		missing_location	exclude_non_soil_or_unclear_source	no	external_acidic_soil_project_reads	no	yes	
ERR14066215	PRJEB83631	SAMEA117514955	South America	Amazon/tropical acidic soil candidate	Amazon/tropical soil					needs_metadata_or_OpenLandMap_confirmation	South America representative; Amazon/tropical acidic soil candidate	PRJEB83631	SAMEA117514955		missing_location	exclude_non_soil_or_unclear_source	no	external_acidic_soil_project_reads	no	yes	
ERR14065599	PRJEB83631	SAMEA117514340	South America	Amazon/tropical acidic soil candidate	Amazon/tropical soil					needs_metadata_or_OpenLandMap_confirmation	South America representative; Amazon/tropical acidic soil candidate	PRJEB83631	SAMEA117514340		missing_location	exclude_non_soil_or_unclear_source	no	external_acidic_soil_project_reads	no	yes	
ERR14065585	PRJEB83631	SAMEA117514326	South America	Amazon/tropical acidic soil candidate	Amazon/tropical soil					needs_metadata_or_OpenLandMap_confirmation	South America representative; Amazon/tropical acidic soil candidate	PRJEB83631	SAMEA117514326		missing_location	exclude_non_soil_or_unclear_source	no	external_acidic_soil_project_reads	no	yes	
ERR14065707	PRJEB83631	SAMEA117514448	South America	Amazon/tropical acidic soil candidate	Amazon/tropical soil					needs_metadata_or_OpenLandMap_confirmation	South America representative; Amazon/tropical acidic soil candidate	PRJEB83631	SAMEA117514448		missing_location	exclude_non_soil_or_unclear_source	no	external_acidic_soil_project_reads	no	yes	
ERR14066134	PRJEB83631	SAMEA117514874	South America	Amazon/tropical acidic soil candidate	Amazon/tropical soil					needs_metadata_or_OpenLandMap_confirmation	South America representative; Amazon/tropical acidic soil candidate	PRJEB83631	SAMEA117514874		missing_location	exclude_non_soil_or_unclear_source	no	external_acidic_soil_project_reads	no	yes	
ERR14065667	PRJEB83631	SAMEA117514408	South America	Amazon/tropical acidic soil candidate	Amazon/tropical soil					needs_metadata_or_OpenLandMap_confirmation	South America representative; Amazon/tropical acidic soil candidate	PRJEB83631	SAMEA117514408		missing_location	exclude_non_soil_or_unclear_source	no	external_acidic_soil_project_reads	no	yes	
ERR14065865	PRJEB83631	SAMEA117514606	South America	Amazon/tropical acidic soil candidate	Amazon/tropical soil					needs_metadata_or_OpenLandMap_confirmation	South America representative; Amazon/tropical acidic soil candidate	PRJEB83631	SAMEA117514606		missing_location	exclude_non_soil_or_unclear_source	no	external_acidic_soil_project_reads	no	yes	
ERR14065887	PRJEB83631	SAMEA117514628	South America	Amazon/tropical acidic soil candidate	Amazon/tropical soil					needs_metadata_or_OpenLandMap_confirmation	South America representative; Amazon/tropical acidic soil candidate	PRJEB83631	SAMEA117514628		missing_location	exclude_non_soil_or_unclear_source	no	external_acidic_soil_project_reads	no	yes	
ERR14065780	PRJEB83631	SAMEA117514521	South America	Amazon/tropical acidic soil candidate	Amazon/tropical soil					needs_metadata_or_OpenLandMap_confirmation	South America representative; Amazon/tropical acidic soil candidate	PRJEB83631	SAMEA117514521		missing_location	exclude_non_soil_or_unclear_source	no	external_acidic_soil_project_reads	no	yes	
ERR14066263	PRJEB83631	SAMEA117515003	South America	Amazon/tropical acidic soil candidate	Amazon/tropical soil					needs_metadata_or_OpenLandMap_confirmation	South America representative; Amazon/tropical acidic soil candidate	PRJEB83631	SAMEA117515003		missing_location	exclude_non_soil_or_unclear_source	no	external_acidic_soil_project_reads	no	yes	
ERR14065770	PRJEB83631	SAMEA117514511	South America	Amazon/tropical acidic soil candidate	Amazon/tropical soil					needs_metadata_or_OpenLandMap_confirmation	South America representative; Amazon/tropical acidic soil candidate	PRJEB83631	SAMEA117514511		missing_location	exclude_non_soil_or_unclear_source	no	external_acidic_soil_project_reads	no	yes	
ERR14066246	PRJEB83631	SAMEA117514986	South America	Amazon/tropical acidic soil candidate	Amazon/tropical soil					needs_metadata_or_OpenLandMap_confirmation	South America representative; Amazon/tropical acidic soil candidate	PRJEB83631	SAMEA117514986		missing_location	exclude_non_soil_or_unclear_source	no	external_acidic_soil_project_reads	no	yes	
ERR14065695	PRJEB83631	SAMEA117514436	South America	Amazon/tropical acidic soil candidate	Amazon/tropical soil					needs_metadata_or_OpenLandMap_confirmation	South America representative; Amazon/tropical acidic soil candidate	PRJEB83631	SAMEA117514436		missing_location	exclude_non_soil_or_unclear_source	no	external_acidic_soil_project_reads	no	yes	
ERR14065840	PRJEB83631	SAMEA117514581	South America	Amazon/tropical acidic soil candidate	Amazon/tropical soil					needs_metadata_or_OpenLandMap_confirmation	South America representative; Amazon/tropical acidic soil candidate	PRJEB83631	SAMEA117514581		missing_location	exclude_non_soil_or_unclear_source	no	external_acidic_soil_project_reads	no	yes	
ERR14066114	PRJEB83631	SAMEA117514854	South America	Amazon/tropical acidic soil candidate	Amazon/tropical soil					needs_metadata_or_OpenLandMap_confirmation	South America representative; Amazon/tropical acidic soil candidate	PRJEB83631	SAMEA117514854		missing_location	exclude_non_soil_or_unclear_source	no	external_acidic_soil_project_reads	no	yes	
ERR14065626	PRJEB83631	SAMEA117514367	South America	Amazon/tropical acidic soil candidate	Amazon/tropical soil					needs_metadata_or_OpenLandMap_confirmation	South America representative; Amazon/tropical acidic soil candidate	PRJEB83631	SAMEA117514367		missing_location	exclude_non_soil_or_unclear_source	no	external_acidic_soil_project_reads	no	yes	
ERR14065852	PRJEB83631	SAMEA117514593	South America	Amazon/tropical acidic soil candidate	Amazon/tropical soil					needs_metadata_or_OpenLandMap_confirmation	South America representative; Amazon/tropical acidic soil candidate	PRJEB83631	SAMEA117514593		missing_location	exclude_non_soil_or_unclear_source	no	external_acidic_soil_project_reads	no	yes	
ERR14065871	PRJEB83631	SAMEA117514612	South America	Amazon/tropical acidic soil candidate	Amazon/tropical soil					needs_metadata_or_OpenLandMap_confirmation	South America representative; Amazon/tropical acidic soil candidate	PRJEB83631	SAMEA117514612		missing_location	exclude_non_soil_or_unclear_source	no	external_acidic_soil_project_reads	no	yes	
ERR14065993	PRJEB83631	SAMEA117514733	South America	Amazon/tropical acidic soil candidate	Amazon/tropical soil					needs_metadata_or_OpenLandMap_confirmation	South America representative; Amazon/tropical acidic soil candidate	PRJEB83631	SAMEA117514733		missing_location	exclude_non_soil_or_unclear_source	no	external_acidic_soil_project_reads	no	yes	
ERR14066120	PRJEB83631	SAMEA117514860	South America	Amazon/tropical acidic soil candidate	Amazon/tropical soil					needs_metadata_or_OpenLandMap_confirmation	South America representative; Amazon/tropical acidic soil candidate	PRJEB83631	SAMEA117514860		missing_location	exclude_non_soil_or_unclear_source	no	external_acidic_soil_project_reads	no	yes	
ERR14066144	PRJEB83631	SAMEA117514884	South America	Amazon/tropical acidic soil candidate	Amazon/tropical soil					needs_metadata_or_OpenLandMap_confirmation	South America representative; Amazon/tropical acidic soil candidate	PRJEB83631	SAMEA117514884		missing_location	exclude_non_soil_or_unclear_source	no	external_acidic_soil_project_reads	no	yes	
ERR14065613	PRJEB83631	SAMEA117514354	South America	Amazon/tropical acidic soil candidate	Amazon/tropical soil					needs_metadata_or_OpenLandMap_confirmation	South America representative; Amazon/tropical acidic soil candidate	PRJEB83631	SAMEA117514354		missing_location	exclude_non_soil_or_unclear_source	no	external_acidic_soil_project_reads	no	yes	
ERR14066163	PRJEB83631	SAMEA117514903	South America	Amazon/tropical acidic soil candidate	Amazon/tropical soil					needs_metadata_or_OpenLandMap_confirmation	South America representative; Amazon/tropical acidic soil candidate	PRJEB83631	SAMEA117514903		missing_location	exclude_non_soil_or_unclear_source	no	external_acidic_soil_project_reads	no	yes	
ERR14065542	PRJEB83631	SAMEA117514283	South America	Amazon/tropical acidic soil candidate	Amazon/tropical soil					needs_metadata_or_OpenLandMap_confirmation	South America representative; Amazon/tropical acidic soil candidate	PRJEB83631	SAMEA117514283		missing_location	exclude_non_soil_or_unclear_source	no	external_acidic_soil_project_reads	no	yes	
ERR14066069	PRJEB83631	SAMEA117514809	South America	Amazon/tropical acidic soil candidate	Amazon/tropical soil					needs_metadata_or_OpenLandMap_confirmation	South America representative; Amazon/tropical acidic soil candidate	PRJEB83631	SAMEA117514809		missing_location	exclude_non_soil_or_unclear_source	no	external_acidic_soil_project_reads	no	yes	
ERR14065656	PRJEB83631	SAMEA117514397	South America	Amazon/tropical acidic soil candidate	Amazon/tropical soil					needs_metadata_or_OpenLandMap_confirmation	South America representative; Amazon/tropical acidic soil candidate	PRJEB83631	SAMEA117514397		missing_location	exclude_non_soil_or_unclear_source	no	external_acidic_soil_project_reads	no	yes	
ERR14065696	PRJEB83631	SAMEA117514437	South America	Amazon/tropical acidic soil candidate	Amazon/tropical soil					needs_metadata_or_OpenLandMap_confirmation	South America representative; Amazon/tropical acidic soil candidate	PRJEB83631	SAMEA117514437		missing_location	exclude_non_soil_or_unclear_source	no	external_acidic_soil_project_reads	no	yes	
ERR14065549	PRJEB83631	SAMEA117514290	South America	Amazon/tropical acidic soil candidate	Amazon/tropical soil					needs_metadata_or_OpenLandMap_confirmation	South America representative; Amazon/tropical acidic soil candidate	PRJEB83631	SAMEA117514290		missing_location	exclude_non_soil_or_unclear_source	no	external_acidic_soil_project_reads	no	yes	
ERR14065521	PRJEB83631	SAMEA117514262	South America	Amazon/tropical acidic soil candidate	Amazon/tropical soil					needs_metadata_or_OpenLandMap_confirmation	South America representative; Amazon/tropical acidic soil candidate	PRJEB83631	SAMEA117514262		missing_location	exclude_non_soil_or_unclear_source	no	external_acidic_soil_project_reads	no	yes	
ERR14065987	PRJEB83631	SAMEA117514727	South America	Amazon/tropical acidic soil candidate	Amazon/tropical soil					needs_metadata_or_OpenLandMap_confirmation	South America representative; Amazon/tropical acidic soil candidate	PRJEB83631	SAMEA117514727		missing_location	exclude_non_soil_or_unclear_source	no	external_acidic_soil_project_reads	no	yes	
ERR14066217	PRJEB83631	SAMEA117514957	South America	Amazon/tropical acidic soil candidate	Amazon/tropical soil					needs_metadata_or_OpenLandMap_confirmation	South America representative; Amazon/tropical acidic soil candidate	PRJEB83631	SAMEA117514957		missing_location	exclude_non_soil_or_unclear_source	no	external_acidic_soil_project_reads	no	yes	
ERR14066223	PRJEB83631	SAMEA117514963	South America	Amazon/tropical acidic soil candidate	Amazon/tropical soil					needs_metadata_or_OpenLandMap_confirmation	South America representative; Amazon/tropical acidic soil candidate	PRJEB83631	SAMEA117514963		missing_location	exclude_non_soil_or_unclear_source	no	external_acidic_soil_project_reads	no	yes	
ERR14065732	PRJEB83631	SAMEA117514473	South America	Amazon/tropical acidic soil candidate	Amazon/tropical soil					needs_metadata_or_OpenLandMap_confirmation	South America representative; Amazon/tropical acidic soil candidate	PRJEB83631	SAMEA117514473		missing_location	exclude_non_soil_or_unclear_source	no	external_acidic_soil_project_reads	no	yes	
ERR14066220	PRJEB83631	SAMEA117514960	South America	Amazon/tropical acidic soil candidate	Amazon/tropical soil					needs_metadata_or_OpenLandMap_confirmation	South America representative; Amazon/tropical acidic soil candidate	PRJEB83631	SAMEA117514960		missing_location	exclude_non_soil_or_unclear_source	no	external_acidic_soil_project_reads	no	yes	
ERR14066047	PRJEB83631	SAMEA117514787	South America	Amazon/tropical acidic soil candidate	Amazon/tropical soil					needs_metadata_or_OpenLandMap_confirmation	South America representative; Amazon/tropical acidic soil candidate	PRJEB83631	SAMEA117514787		missing_location	exclude_non_soil_or_unclear_source	no	external_acidic_soil_project_reads	no	yes	
ERR14065615	PRJEB83631	SAMEA117514356	South America	Amazon/tropical acidic soil candidate	Amazon/tropical soil					needs_metadata_or_OpenLandMap_confirmation	South America representative; Amazon/tropical acidic soil candidate	PRJEB83631	SAMEA117514356		missing_location	exclude_non_soil_or_unclear_source	no	external_acidic_soil_project_reads	no	yes	
ERR14065909	PRJEB83631	SAMEA117514650	South America	Amazon/tropical acidic soil candidate	Amazon/tropical soil					needs_metadata_or_OpenLandMap_confirmation	South America representative; Amazon/tropical acidic soil candidate	PRJEB83631	SAMEA117514650		missing_location	exclude_non_soil_or_unclear_source	no	external_acidic_soil_project_reads	no	yes	
ERR14065665	PRJEB83631	SAMEA117514406	South America	Amazon/tropical acidic soil candidate	Amazon/tropical soil					needs_metadata_or_OpenLandMap_confirmation	South America representative; Amazon/tropical acidic soil candidate	PRJEB83631	SAMEA117514406		missing_location	exclude_non_soil_or_unclear_source	no	external_acidic_soil_project_reads	no	yes	
SRR38704220	PRJNA1467712	SAMN60256017	South America	Amazon/tropical acidic soil candidate	Amazon/tropical soil	Brazil: Pernambuco, Petrolina	-9.050261	-40.318322	4.2	metadata_pH_available	South America representative; Amazon/tropical acidic soil candidate	PRJNA1467712	Brazil: Pernambuco, Petrolina		confirmed_lat_lon	not_selected_after_project_dedup:candidate	no	external_acidic_soil_project_reads	yes	yes	Caatinga Experimental Field soil metagenome, rainy season, site P1; preserved Caatinga tropical dry forest soil; Caatinga tropical dry forest biome; preserved Caatinga tropical dry forest area; soil; Brazil: Pernambuco, Petrolina; 9.050261 S 40.318322 W; clay soil [ENVO:00002262]
SRR38704228	PRJNA1467712	SAMN60256016	South America	Amazon/tropical acidic soil candidate	Amazon/tropical soil	Brazil: Pernambuco, Petrolina	-9.050261	-40.318322	4.9	metadata_pH_available	South America representative; Amazon/tropical acidic soil candidate	PRJNA1467712	Brazil: Pernambuco, Petrolina		confirmed_lat_lon	not_selected_after_project_dedup:candidate	no	external_acidic_soil_project_reads	yes	yes	Caatinga Experimental Field soil metagenome, dry season, site P3; preserved Caatinga tropical dry forest soil; Caatinga tropical dry forest biome; preserved Caatinga tropical dry forest area; soil; Brazil: Pernambuco, Petrolina; 9.050261 S 40.318322 W; clay soil [ENVO:00002262]
SRR38704221	PRJNA1467712	SAMN60256015	South America	Amazon/tropical acidic soil candidate	Amazon/tropical soil	Brazil: Pernambuco, Petrolina	-9.050261	-40.318322	4.9	metadata_pH_available	South America representative; Amazon/tropical acidic soil candidate	PRJNA1467712	Brazil: Pernambuco, Petrolina		confirmed_lat_lon	not_selected_after_project_dedup:candidate	no	external_acidic_soil_project_reads	yes	yes	Caatinga Experimental Field soil metagenome, dry season, site P2; preserved Caatinga tropical dry forest soil; Caatinga tropical dry forest biome; preserved Caatinga tropical dry forest area; soil; Brazil: Pernambuco, Petrolina; 9.050261 S 40.318322 W; clay soil [ENVO:00002262]
SRR38704222	PRJNA1467712	SAMN60256014	South America	Amazon/tropical acidic soil candidate	Amazon/tropical soil	Brazil: Pernambuco, Petrolina	-9.050261	-40.318322	4.9	metadata_pH_available	South America representative; Amazon/tropical acidic soil candidate	PRJNA1467712	Brazil: Pernambuco, Petrolina		confirmed_lat_lon	not_selected_after_project_dedup:candidate	no	external_acidic_soil_project_reads	yes	yes	Caatinga Experimental Field soil metagenome, dry season, site P1; preserved Caatinga tropical dry forest soil; Caatinga tropical dry forest biome; preserved Caatinga tropical dry forest area; soil; Brazil: Pernambuco, Petrolina; 9.050261 S 40.318322 W; clay soil [ENVO:00002262]
SRR38704223	PRJNA1467712	SAMN60256013	South America	Amazon/tropical acidic soil candidate	Amazon/tropical soil	Brazil: Pernambuco, Petrolina	-9.138967	-40.304083	5.4	metadata_pH_available	South America representative; Amazon/tropical acidic soil candidate	PRJNA1467712	Brazil: Pernambuco, Petrolina		confirmed_lat_lon	not_selected_after_project_dedup:candidate	no	external_acidic_soil_project_reads	yes	yes	Bebedouro Experimental Field soil metagenome, rainy season, site P3; Caatinga soil influenced by agricultural management under fertigation; Caatinga tropical dry forest biome; Caatinga fragments surrounded by agriculture-influenced irrigated area; soil; Brazil: Pernambuco, Petrolina; 9.138967 S 40.304083 W; clay soil [ENVO:00002262]
SRR38704224	PRJNA1467712	SAMN60256012	South America	Amazon/tropical acidic soil candidate	Amazon/tropical soil	Brazil: Pernambuco, Petrolina	-9.138967	-40.304083	5.4	metadata_pH_available	South America representative; Amazon/tropical acidic soil candidate	PRJNA1467712	Brazil: Pernambuco, Petrolina		confirmed_lat_lon	not_selected_after_project_dedup:candidate	no	external_acidic_soil_project_reads	yes	yes	Bebedouro Experimental Field soil metagenome, rainy season, site P2; Caatinga soil influenced by agricultural management under fertigation; Caatinga tropical dry forest biome; Caatinga fragments surrounded by agriculture-influenced irrigated area; soil; Brazil: Pernambuco, Petrolina; 9.138967 S 40.304083 W; clay soil [ENVO:00002262]
SRR38704225	PRJNA1467712	SAMN60256011	South America	Amazon/tropical acidic soil candidate	Amazon/tropical soil	Brazil: Pernambuco, Petrolina	-9.138967	-40.304083	5.4	metadata_pH_available	South America representative; Amazon/tropical acidic soil candidate	PRJNA1467712	Brazil: Pernambuco, Petrolina		confirmed_lat_lon	not_selected_after_project_dedup:candidate	no	external_acidic_soil_project_reads	yes	yes	Bebedouro Experimental Field soil metagenome, rainy season, site P1; Caatinga soil influenced by agricultural management under fertigation; Caatinga tropical dry forest biome; Caatinga fragments surrounded by agriculture-influenced irrigated area; soil; Brazil: Pernambuco, Petrolina; 9.138967 S 40.304083 W; clay soil [ENVO:00002262]
SRR38704226	PRJNA1467712	SAMN60256010	South America	Amazon/tropical acidic soil candidate	Amazon/tropical soil	Brazil: Pernambuco, Petrolina	-9.138967	-40.304083	5.1	metadata_pH_available	South America representative; Amazon/tropical acidic soil candidate	PRJNA1467712	Brazil: Pernambuco, Petrolina		confirmed_lat_lon	not_selected_after_project_dedup:candidate	no	external_acidic_soil_project_reads	yes	yes	Bebedouro Experimental Field soil metagenome, dry season, site P3; Caatinga soil influenced by agricultural management under fertigation; Caatinga tropical dry forest biome; Caatinga fragments surrounded by agriculture-influenced irrigated area; soil; Brazil: Pernambuco, Petrolina; 9.138967 S 40.304083 W; clay soil [ENVO:00002262]
SRR38704227	PRJNA1467712	SAMN60256019	South America	Amazon/tropical acidic soil candidate	Amazon/tropical soil	Brazil: Pernambuco, Petrolina	-9.050261	-40.318322	4.2	metadata_pH_available	South America representative; Amazon/tropical acidic soil candidate	PRJNA1467712	Brazil: Pernambuco, Petrolina		confirmed_lat_lon	not_selected_after_project_dedup:candidate	no	external_acidic_soil_project_reads	yes	yes	Caatinga Experimental Field soil metagenome, rainy season, site P3; preserved Caatinga tropical dry forest soil; Caatinga tropical dry forest biome; preserved Caatinga tropical dry forest area; soil; Brazil: Pernambuco, Petrolina; 9.050261 S 40.318322 W; clay soil [ENVO:00002262]
SRR38704229	PRJNA1467712	SAMN60256018	South America	Amazon/tropical acidic soil candidate	Amazon/tropical soil	Brazil: Pernambuco, Petrolina	-9.050261	-40.318322	4.2	metadata_pH_available	South America representative; Amazon/tropical acidic soil candidate	PRJNA1467712	Brazil: Pernambuco, Petrolina		confirmed_lat_lon	not_selected_after_project_dedup:candidate	no	external_acidic_soil_project_reads	yes	yes	Caatinga Experimental Field soil metagenome, rainy season, site P2; preserved Caatinga tropical dry forest soil; Caatinga tropical dry forest biome; preserved Caatinga tropical dry forest area; soil; Brazil: Pernambuco, Petrolina; 9.050261 S 40.318322 W; clay soil [ENVO:00002262]
SRR38704230	PRJNA1467712	SAMN60256009	South America	Amazon/tropical acidic soil candidate	Amazon/tropical soil	Brazil: Pernambuco, Petrolina	-9.138967	-40.304083	5.1	metadata_pH_available	South America representative; Amazon/tropical acidic soil candidate	PRJNA1467712	Brazil: Pernambuco, Petrolina		confirmed_lat_lon	not_selected_after_project_dedup:candidate	no	external_acidic_soil_project_reads	yes	yes	Bebedouro Experimental Field soil metagenome, dry season, site P2; Caatinga soil influenced by agricultural management under fertigation; Caatinga tropical dry forest biome; Caatinga fragments surrounded by agriculture-influenced irrigated area; soil; Brazil: Pernambuco, Petrolina; 9.138967 S 40.304083 W; clay soil [ENVO:00002262]
SRR38704231	PRJNA1467712	SAMN60256008	South America	Amazon/tropical acidic soil candidate	Amazon/tropical soil	Brazil: Pernambuco, Petrolina	-9.138967	-40.304083	5.1	metadata_pH_available	South America representative; Amazon/tropical acidic soil candidate	PRJNA1467712	Brazil: Pernambuco, Petrolina		confirmed_lat_lon	not_selected_after_project_dedup:candidate	no	external_acidic_soil_project_reads	yes	yes	Bebedouro Experimental Field soil metagenome, dry season, site P1; Caatinga soil influenced by agricultural management under fertigation; Caatinga tropical dry forest biome; Caatinga fragments surrounded by agriculture-influenced irrigated area; soil; Brazil: Pernambuco, Petrolina; 9.138967 S 40.304083 W; clay soil [ENVO:00002262]
SRR38196769	PRJNA1455313	SAMN57360774	South America	Amazon/tropical acidic soil candidate	Amazon/tropical soil	Brazil: Santarem, Para	-2.378417	-54.739556		needs_metadata_or_OpenLandMap_confirmation	South America representative; Amazon/tropical acidic soil candidate	PRJNA1455313	Brazil: Santarem, Para		confirmed_lat_lon	not_selected_after_project_dedup:candidate	no	external_acidic_soil_project_reads	yes	yes	MIMARKS Survey related sample from soil metagenome; ENVO_00001998; ENVO_00005778; ENVO_00000243; Brazil: Santarem, Para; 2.378417 S 54.739556 W
SRR38196770	PRJNA1455313	SAMN57360773	South America	Amazon/tropical acidic soil candidate	Amazon/tropical soil	Brazil: Santarem, Para	-2.378722	-54.739417		needs_metadata_or_OpenLandMap_confirmation	South America representative; Amazon/tropical acidic soil candidate	PRJNA1455313	Brazil: Santarem, Para		confirmed_lat_lon	not_selected_after_project_dedup:candidate	no	external_acidic_soil_project_reads	yes	yes	MIMARKS Survey related sample from soil metagenome; ENVO_00001998; ENVO_00005778; ENVO_00000243; Brazil: Santarem, Para; 2.378722 S 54.739417 W
SRR38196771	PRJNA1455313	SAMN57360772	South America	Amazon/tropical acidic soil candidate	Amazon/tropical soil	Brazil: Santarem, Para	-2.378972	-54.739306		needs_metadata_or_OpenLandMap_confirmation	South America representative; Amazon/tropical acidic soil candidate	PRJNA1455313	Brazil: Santarem, Para		confirmed_lat_lon	not_selected_after_project_dedup:candidate	no	external_acidic_soil_project_reads	yes	yes	MIMARKS Survey related sample from soil metagenome; ENVO_00001998; ENVO_00005778; ENVO_00000243; Brazil: Santarem, Para; 2.378972 S 54.739306 W
SRR38196772	PRJNA1455313	SAMN57360771	South America	Amazon/tropical acidic soil candidate	Amazon/tropical soil	Brazil: Santarem, Para	-2.37925	-54.739111		needs_metadata_or_OpenLandMap_confirmation	South America representative; Amazon/tropical acidic soil candidate	PRJNA1455313	Brazil: Santarem, Para		confirmed_lat_lon	not_selected_after_project_dedup:candidate	no	external_acidic_soil_project_reads	yes	yes	MIMARKS Survey related sample from soil metagenome; ENVO_00001998; ENVO_00005778; ENVO_00000243; Brazil: Santarem, Para; 2.379250 S 54.739111 W
SRR38196773	PRJNA1455313	SAMN57360770	South America	Amazon/tropical acidic soil candidate	Amazon/tropical soil	Brazil: Santarem, Para	-2.379583	-54.738972		needs_metadata_or_OpenLandMap_confirmation	South America representative; Amazon/tropical acidic soil candidate	PRJNA1455313	Brazil: Santarem, Para		confirmed_lat_lon	not_selected_after_project_dedup:candidate	no	external_acidic_soil_project_reads	yes	yes	MIMARKS Survey related sample from soil metagenome; ENVO_00001998; ENVO_00005778; ENVO_00000243; Brazil: Santarem, Para; 2.379583 S 54.738972 W
SRR38196774	PRJNA1455313	SAMN57360769	South America	Amazon/tropical acidic soil candidate	Amazon/tropical soil	Brazil: Santarem, Para	-2.378417	-54.739556		needs_metadata_or_OpenLandMap_confirmation	South America representative; Amazon/tropical acidic soil candidate	PRJNA1455313	Brazil: Santarem, Para		confirmed_lat_lon	not_selected_after_project_dedup:candidate	no	external_acidic_soil_project_reads	yes	yes	MIMARKS Survey related sample from soil metagenome; ENVO_00001998; ENVO_00005778; ENVO_00000243; Brazil: Santarem, Para; 2.378417 S 54.739556 W
SRR38196775	PRJNA1455313	SAMN57360768	South America	Amazon/tropical acidic soil candidate	Amazon/tropical soil	Brazil: Santarem, Para	-2.378722	-54.739417		needs_metadata_or_OpenLandMap_confirmation	South America representative; Amazon/tropical acidic soil candidate	PRJNA1455313	Brazil: Santarem, Para		confirmed_lat_lon	not_selected_after_project_dedup:candidate	no	external_acidic_soil_project_reads	yes	yes	MIMARKS Survey related sample from soil metagenome; ENVO_00001998; ENVO_00005778; ENVO_00000243; Brazil: Santarem, Para; 2.378722 S 54.739417 W
SRR38196776	PRJNA1455313	SAMN57360794	South America	Amazon/tropical acidic soil candidate	Amazon/tropical soil	Brazil: Belterra, Para	-2.854833	-54.956611		needs_metadata_or_OpenLandMap_confirmation	South America representative; Amazon/tropical acidic soil candidate	PRJNA1455313	Brazil: Belterra, Para		confirmed_lat_lon	not_selected_after_project_dedup:candidate	no	external_acidic_soil_project_reads	yes	yes	MIMARKS Survey related sample from soil metagenome; ENVO_00001998; ENVO_00005778; ENVO_01001803; Brazil: Belterra, Para; 2.854833 S 54.956611 W
SRR38196777	PRJNA1455313	SAMN57360793	South America	Amazon/tropical acidic soil candidate	Amazon/tropical soil	Brazil: Belterra, Para	-2.855	-54.957111		needs_metadata_or_OpenLandMap_confirmation	South America representative; Amazon/tropical acidic soil candidate	PRJNA1455313	Brazil: Belterra, Para		confirmed_lat_lon	not_selected_after_project_dedup:candidate	no	external_acidic_soil_project_reads	yes	yes	MIMARKS Survey related sample from soil metagenome; ENVO_00001998; ENVO_00005778; ENVO_01001803; Brazil: Belterra, Para; 2.855000 S 54.957111 W
SRR38196778	PRJNA1455313	SAMN57360792	South America	Amazon/tropical acidic soil candidate	Amazon/tropical soil	Brazil: Belterra, Para	-2.855111	-54.957556		needs_metadata_or_OpenLandMap_confirmation	South America representative; Amazon/tropical acidic soil candidate	PRJNA1455313	Brazil: Belterra, Para		confirmed_lat_lon	not_selected_after_project_dedup:candidate	no	external_acidic_soil_project_reads	yes	yes	MIMARKS Survey related sample from soil metagenome; ENVO_00001998; ENVO_00005778; ENVO_01001803; Brazil: Belterra, Para; 2.855111 S 54.957556 W
SRR38196779	PRJNA1455313	SAMN57360791	South America	Amazon/tropical acidic soil candidate	Amazon/tropical soil	Brazil: Belterra, Para	-2.855222	-54.958028		needs_metadata_or_OpenLandMap_confirmation	South America representative; Amazon/tropical acidic soil candidate	PRJNA1455313	Brazil: Belterra, Para		confirmed_lat_lon	not_selected_after_project_dedup:candidate	no	external_acidic_soil_project_reads	yes	yes	MIMARKS Survey related sample from soil metagenome; ENVO_00001998; ENVO_00005778; ENVO_01001803; Brazil: Belterra, Para; 2.855222 S 54.958028 W
SRR38196780	PRJNA1455313	SAMN57360790	South America	Amazon/tropical acidic soil candidate	Amazon/tropical soil	Brazil: Belterra, Para	-2.855444	-54.958361		needs_metadata_or_OpenLandMap_confirmation	South America representative; Amazon/tropical acidic soil candidate	PRJNA1455313	Brazil: Belterra, Para		confirmed_lat_lon	not_selected_after_project_dedup:candidate	no	external_acidic_soil_project_reads	yes	yes	MIMARKS Survey related sample from soil metagenome; ENVO_00001998; ENVO_00005778; ENVO_01001803; Brazil: Belterra, Para; 2.855444 S 54.958361 W
SRR38196781	PRJNA1455313	SAMN57360789	South America	Amazon/tropical acidic soil candidate	Amazon/tropical soil	Brazil: Belterra, Para	-2.854833	-54.956611		needs_metadata_or_OpenLandMap_confirmation	South America representative; Amazon/tropical acidic soil candidate	PRJNA1455313	Brazil: Belterra, Para		confirmed_lat_lon	not_selected_after_project_dedup:candidate	no	external_acidic_soil_project_reads	yes	yes	MIMARKS Survey related sample from soil metagenome; ENVO_00001998; ENVO_00005778; ENVO_01001803; Brazil: Belterra, Para; 2.854833 S 54.956611 W
SRR38196782	PRJNA1455313	SAMN57360788	South America	Amazon/tropical acidic soil candidate	Amazon/tropical soil	Brazil: Belterra, Para	-2.855	-54.957111		needs_metadata_or_OpenLandMap_confirmation	South America representative; Amazon/tropical acidic soil candidate	PRJNA1455313	Brazil: Belterra, Para		confirmed_lat_lon	not_selected_after_project_dedup:candidate	no	external_acidic_soil_project_reads	yes	yes	MIMARKS Survey related sample from soil metagenome; ENVO_00001998; ENVO_00005778; ENVO_01001803; Brazil: Belterra, Para; 2.855000 S 54.957111 W
SRR38196783	PRJNA1455313	SAMN57360787	South America	Amazon/tropical acidic soil candidate	Amazon/tropical soil	Brazil: Belterra, Para	-2.855111	-54.957556		needs_metadata_or_OpenLandMap_confirmation	South America representative; Amazon/tropical acidic soil candidate	PRJNA1455313	Brazil: Belterra, Para		confirmed_lat_lon	not_selected_after_project_dedup:candidate	no	external_acidic_soil_project_reads	yes	yes	MIMARKS Survey related sample from soil metagenome; ENVO_00001998; ENVO_00005778; ENVO_01001803; Brazil: Belterra, Para; 2.855111 S 54.957556 W
SRR38196784	PRJNA1455313	SAMN57360786	South America	Amazon/tropical acidic soil candidate	Amazon/tropical soil	Brazil: Belterra, Para	-2.855222	-54.958028		needs_metadata_or_OpenLandMap_confirmation	South America representative; Amazon/tropical acidic soil candidate	PRJNA1455313	Brazil: Belterra, Para		confirmed_lat_lon	not_selected_after_project_dedup:candidate	no	external_acidic_soil_project_reads	yes	yes	MIMARKS Survey related sample from soil metagenome; ENVO_00001998; ENVO_00005778; ENVO_01001803; Brazil: Belterra, Para; 2.855222 S 54.958028 W
SRR38196785	PRJNA1455313	SAMN57360785	South America	Amazon/tropical acidic soil candidate	Amazon/tropical soil	Brazil: Belterra, Para	-2.855444	-54.958361		needs_metadata_or_OpenLandMap_confirmation	South America representative; Amazon/tropical acidic soil candidate	PRJNA1455313	Brazil: Belterra, Para		confirmed_lat_lon	not_selected_after_project_dedup:candidate	no	external_acidic_soil_project_reads	yes	yes	MIMARKS Survey related sample from soil metagenome; ENVO_00001998; ENVO_00005778; ENVO_01001803; Brazil: Belterra, Para; 2.855444 S 54.958361 W
SRR38196786	PRJNA1455313	SAMN57360767	South America	Amazon/tropical acidic soil candidate	Amazon/tropical soil	Brazil: Santarem, Para	-2.378972	-54.739306		needs_metadata_or_OpenLandMap_confirmation	South America representative; Amazon/tropical acidic soil candidate	PRJNA1455313	Brazil: Santarem, Para		confirmed_lat_lon	not_selected_after_project_dedup:candidate	no	external_acidic_soil_project_reads	yes	yes	MIMARKS Survey related sample from soil metagenome; ENVO_00001998; ENVO_00005778; ENVO_00000243; Brazil: Santarem, Para; 2.378972 S 54.739306 W
SRR38196787	PRJNA1455313	SAMN57360784	South America	Amazon/tropical acidic soil candidate	Amazon/tropical soil	Brazil: Belterra, Para	-2.817417	-55.034972		needs_metadata_or_OpenLandMap_confirmation	South America representative; Amazon/tropical acidic soil candidate	PRJNA1455313	Brazil: Belterra, Para		confirmed_lat_lon	not_selected_after_project_dedup:candidate	no	external_acidic_soil_project_reads	yes	yes	MIMARKS Survey related sample from soil metagenome; ENVO_00001998; ENVO_00005778; ENVO_00000243; Brazil: Belterra, Para; 2.817417 S 55.034972 W
SRR38196788	PRJNA1455313	SAMN57360783	South America	Amazon/tropical acidic soil candidate	Amazon/tropical soil	Brazil: Belterra, Para	-2.817639	-55.034944		needs_metadata_or_OpenLandMap_confirmation	South America representative; Amazon/tropical acidic soil candidate	PRJNA1455313	Brazil: Belterra, Para		confirmed_lat_lon	not_selected_after_project_dedup:candidate	no	external_acidic_soil_project_reads	yes	yes	MIMARKS Survey related sample from soil metagenome; ENVO_00001998; ENVO_00005778; ENVO_00000243; Brazil: Belterra, Para; 2.817639 S 55.034944 W
SRR38196789	PRJNA1455313	SAMN57360782	South America	Amazon/tropical acidic soil candidate	Amazon/tropical soil	Brazil: Belterra, Para	-2.817833	-55.034861		needs_metadata_or_OpenLandMap_confirmation	South America representative; Amazon/tropical acidic soil candidate	PRJNA1455313	Brazil: Belterra, Para		confirmed_lat_lon	not_selected_after_project_dedup:candidate	no	external_acidic_soil_project_reads	yes	yes	MIMARKS Survey related sample from soil metagenome; ENVO_00001998; ENVO_00005778; ENVO_00000243; Brazil: Belterra, Para; 2.817833 S 55.034861 W
SRR38196790	PRJNA1455313	SAMN57360781	South America	Amazon/tropical acidic soil candidate	Amazon/tropical soil	Brazil: Belterra, Para	-2.817944	-55.034639		needs_metadata_or_OpenLandMap_confirmation	South America representative; Amazon/tropical acidic soil candidate	PRJNA1455313	Brazil: Belterra, Para		confirmed_lat_lon	not_selected_after_project_dedup:candidate	no	external_acidic_soil_project_reads	yes	yes	MIMARKS Survey related sample from soil metagenome; ENVO_00001998; ENVO_00005778; ENVO_00000243; Brazil: Belterra, Para; 2.817944 S 55.034639 W
SRR38196791	PRJNA1455313	SAMN57360780	South America	Amazon/tropical acidic soil candidate	Amazon/tropical soil	Brazil: Belterra, Para	-2.818111	-55.034639		needs_metadata_or_OpenLandMap_confirmation	South America representative; Amazon/tropical acidic soil candidate	PRJNA1455313	Brazil: Belterra, Para		confirmed_lat_lon	not_selected_after_project_dedup:candidate	no	external_acidic_soil_project_reads	yes	yes	MIMARKS Survey related sample from soil metagenome; ENVO_00001998; ENVO_00005778; ENVO_00000243; Brazil: Belterra, Para; 2.818111 S 55.034639 W
SRR38196792	PRJNA1455313	SAMN57360779	South America	Amazon/tropical acidic soil candidate	Amazon/tropical soil	Brazil: Belterra, Para	-2.817417	-55.034972		needs_metadata_or_OpenLandMap_confirmation	South America representative; Amazon/tropical acidic soil candidate	PRJNA1455313	Brazil: Belterra, Para		confirmed_lat_lon	not_selected_after_project_dedup:candidate	no	external_acidic_soil_project_reads	yes	yes	MIMARKS Survey related sample from soil metagenome; ENVO_00001998; ENVO_00005778; ENVO_00000243; Brazil: Belterra, Para; 2.817417 S 55.034972 W
SRR38196793	PRJNA1455313	SAMN57360778	South America	Amazon/tropical acidic soil candidate	Amazon/tropical soil	Brazil: Belterra, Para	-2.817639	-55.034944		needs_metadata_or_OpenLandMap_confirmation	South America representative; Amazon/tropical acidic soil candidate	PRJNA1455313	Brazil: Belterra, Para		confirmed_lat_lon	not_selected_after_project_dedup:candidate	no	external_acidic_soil_project_reads	yes	yes	MIMARKS Survey related sample from soil metagenome; ENVO_00001998; ENVO_00005778; ENVO_00000243; Brazil: Belterra, Para; 2.817639 S 55.034944 W
SRR38196794	PRJNA1455313	SAMN57360777	South America	Amazon/tropical acidic soil candidate	Amazon/tropical soil	Brazil: Belterra, Para	-2.817833	-55.034861		needs_metadata_or_OpenLandMap_confirmation	South America representative; Amazon/tropical acidic soil candidate	PRJNA1455313	Brazil: Belterra, Para		confirmed_lat_lon	not_selected_after_project_dedup:candidate	no	external_acidic_soil_project_reads	yes	yes	MIMARKS Survey related sample from soil metagenome; ENVO_00001998; ENVO_00005778; ENVO_00000243; Brazil: Belterra, Para; 2.817833 S 55.034861 W
SRR38196795	PRJNA1455313	SAMN57360776	South America	Amazon/tropical acidic soil candidate	Amazon/tropical soil	Brazil: Belterra, Para	-2.817944	-55.034639		needs_metadata_or_OpenLandMap_confirmation	South America representative; Amazon/tropical acidic soil candidate	PRJNA1455313	Brazil: Belterra, Para		confirmed_lat_lon	not_selected_after_project_dedup:candidate	no	external_acidic_soil_project_reads	yes	yes	MIMARKS Survey related sample from soil metagenome; ENVO_00001998; ENVO_00005778; ENVO_00000243; Brazil: Belterra, Para; 2.817944 S 55.034639 W
SRR38196796	PRJNA1455313	SAMN57360775	South America	Amazon/tropical acidic soil candidate	Amazon/tropical soil	Brazil: Belterra, Para	-2.818111	-55.034639		needs_metadata_or_OpenLandMap_confirmation	South America representative; Amazon/tropical acidic soil candidate	PRJNA1455313	Brazil: Belterra, Para		confirmed_lat_lon	not_selected_after_project_dedup:candidate	no	external_acidic_soil_project_reads	yes	yes	MIMARKS Survey related sample from soil metagenome; ENVO_00001998; ENVO_00005778; ENVO_00000243; Brazil: Belterra, Para; 2.818111 S 55.034639 W
SRR38196797	PRJNA1455313	SAMN57360766	South America	Amazon/tropical acidic soil candidate	Amazon/tropical soil	Brazil: Santarem, Para	-2.37925	-54.739111		needs_metadata_or_OpenLandMap_confirmation	South America representative; Amazon/tropical acidic soil candidate	PRJNA1455313	Brazil: Santarem, Para		confirmed_lat_lon	not_selected_after_project_dedup:candidate	no	external_acidic_soil_project_reads	yes	yes	MIMARKS Survey related sample from soil metagenome; ENVO_00001998; ENVO_00005778; ENVO_00000243; Brazil: Santarem, Para; 2.379250 S 54.739111 W
SRR37548726	PRJNA1434455	SAMN56406732	South America	Amazon/tropical acidic soil candidate	Amazon/tropical soil	Brazil:Amazon	-2.32484	-48.21225		needs_metadata_or_OpenLandMap_confirmation	South America representative; Amazon/tropical acidic soil candidate	PRJNA1434455	Brazil:Amazon		confirmed_lat_lon	not_selected_after_project_dedup:candidate	no	external_acidic_soil_project_reads	yes	yes	C_P4_D1_16S; soil; Brazil:Amazon; 2.32484 S 48.21225 W
SRR37548727	PRJNA1434455	SAMN56406810	South America	Amazon/tropical acidic soil candidate	Amazon/tropical soil	Brazil:Amazon	-2.24143	-48.12031		needs_metadata_or_OpenLandMap_confirmation	South America representative; Amazon/tropical acidic soil candidate	PRJNA1434455	Brazil:Amazon		confirmed_lat_lon	not_selected_after_project_dedup:candidate	no	external_acidic_soil_project_reads	yes	yes	C_SF5_D3_ITS; soil; Brazil:Amazon; 2.24143 S 48.12031 W
SRR37548728	PRJNA1434455	SAMN56406809	South America	Amazon/tropical acidic soil candidate	Amazon/tropical soil	Brazil:Amazon	-2.24143	-48.12031		needs_metadata_or_OpenLandMap_confirmation	South America representative; Amazon/tropical acidic soil candidate	PRJNA1434455	Brazil:Amazon		confirmed_lat_lon	not_selected_after_project_dedup:candidate	no	external_acidic_soil_project_reads	yes	yes	C_SF5_D2_ITS; soil; Brazil:Amazon; 2.24143 S 48.12031 W
SRR37548729	PRJNA1434455	SAMN56406808	South America	Amazon/tropical acidic soil candidate	Amazon/tropical soil	Brazil:Amazon	-2.24143	-48.12031		needs_metadata_or_OpenLandMap_confirmation	South America representative; Amazon/tropical acidic soil candidate	PRJNA1434455	Brazil:Amazon		confirmed_lat_lon	not_selected_after_project_dedup:candidate	no	external_acidic_soil_project_reads	yes	yes	C_SF5_D1_ITS; soil; Brazil:Amazon; 2.24143 S 48.12031 W
SRR37548730	PRJNA1434455	SAMN56406807	South America	Amazon/tropical acidic soil candidate	Amazon/tropical soil	Brazil:Amazon	-2.24143	-48.12031		needs_metadata_or_OpenLandMap_confirmation	South America representative; Amazon/tropical acidic soil candidate	PRJNA1434455	Brazil:Amazon		confirmed_lat_lon	not_selected_after_project_dedup:candidate	no	external_acidic_soil_project_reads	yes	yes	C_SF4_D3_ITS; soil; Brazil:Amazon; 2.24143 S 48.12031 W
SRR37548731	PRJNA1434455	SAMN56406806	South America	Amazon/tropical acidic soil candidate	Amazon/tropical soil	Brazil:Amazon	-2.24143	-48.12031		needs_metadata_or_OpenLandMap_confirmation	South America representative; Amazon/tropical acidic soil candidate	PRJNA1434455	Brazil:Amazon		confirmed_lat_lon	not_selected_after_project_dedup:candidate	no	external_acidic_soil_project_reads	yes	yes	C_SF4_D2_ITS; soil; Brazil:Amazon; 2.24143 S 48.12031 W
SRR37548732	PRJNA1434455	SAMN56406805	South America	Amazon/tropical acidic soil candidate	Amazon/tropical soil	Brazil:Amazon	-2.24143	-48.12031		needs_metadata_or_OpenLandMap_confirmation	South America representative; Amazon/tropical acidic soil candidate	PRJNA1434455	Brazil:Amazon		confirmed_lat_lon	not_selected_after_project_dedup:candidate	no	external_acidic_soil_project_reads	yes	yes	C_SF4_D1_ITS; soil; Brazil:Amazon; 2.24143 S 48.12031 W
SRR37548733	PRJNA1434455	SAMN56406804	South America	Amazon/tropical acidic soil candidate	Amazon/tropical soil	Brazil:Amazon	-2.24143	-48.12031		needs_metadata_or_OpenLandMap_confirmation	South America representative; Amazon/tropical acidic soil candidate	PRJNA1434455	Brazil:Amazon		confirmed_lat_lon	not_selected_after_project_dedup:candidate	no	external_acidic_soil_project_reads	yes	yes	C_SF3_D3_ITS; soil; Brazil:Amazon; 2.24143 S 48.12031 W
SRR37548734	PRJNA1434455	SAMN56406803	South America	Amazon/tropical acidic soil candidate	Amazon/tropical soil	Brazil:Amazon	-2.24143	-48.12031		needs_metadata_or_OpenLandMap_confirmation	South America representative; Amazon/tropical acidic soil candidate	PRJNA1434455	Brazil:Amazon		confirmed_lat_lon	not_selected_after_project_dedup:candidate	no	external_acidic_soil_project_reads	yes	yes	C_SF3_D2_ITS; soil; Brazil:Amazon; 2.24143 S 48.12031 W
SRR37548735	PRJNA1434455	SAMN56406731	South America	Amazon/tropical acidic soil candidate	Amazon/tropical soil	Brazil:Amazon	-2.32484	-48.21225		needs_metadata_or_OpenLandMap_confirmation	South America representative; Amazon/tropical acidic soil candidate	PRJNA1434455	Brazil:Amazon		confirmed_lat_lon	not_selected_after_project_dedup:candidate	no	external_acidic_soil_project_reads	yes	yes	C_P3_D3_16S; soil; Brazil:Amazon; 2.32484 S 48.21225 W
SRR37548736	PRJNA1434455	SAMN56406802	South America	Amazon/tropical acidic soil candidate	Amazon/tropical soil	Brazil:Amazon	-2.24143	-48.12031		needs_metadata_or_OpenLandMap_confirmation	South America representative; Amazon/tropical acidic soil candidate	PRJNA1434455	Brazil:Amazon		confirmed_lat_lon	not_selected_after_project_dedup:candidate	no	external_acidic_soil_project_reads	yes	yes	C_SF3_D1_ITS; soil; Brazil:Amazon; 2.24143 S 48.12031 W
SRR37548737	PRJNA1434455	SAMN56406801	South America	Amazon/tropical acidic soil candidate	Amazon/tropical soil	Brazil:Amazon	-2.24143	-48.12031		needs_metadata_or_OpenLandMap_confirmation	South America representative; Amazon/tropical acidic soil candidate	PRJNA1434455	Brazil:Amazon		confirmed_lat_lon	not_selected_after_project_dedup:candidate	no	external_acidic_soil_project_reads	yes	yes	C_SF2_D3_ITS; soil; Brazil:Amazon; 2.24143 S 48.12031 W
SRR37548738	PRJNA1434455	SAMN56406800	South America	Amazon/tropical acidic soil candidate	Amazon/tropical soil	Brazil:Amazon	-2.24143	-48.12031		needs_metadata_or_OpenLandMap_confirmation	South America representative; Amazon/tropical acidic soil candidate	PRJNA1434455	Brazil:Amazon		confirmed_lat_lon	not_selected_after_project_dedup:candidate	no	external_acidic_soil_project_reads	yes	yes	C_SF2_D2_ITS; soil; Brazil:Amazon; 2.24143 S 48.12031 W
SRR37548739	PRJNA1434455	SAMN56406799	South America	Amazon/tropical acidic soil candidate	Amazon/tropical soil	Brazil:Amazon	-2.24143	-48.12031		needs_metadata_or_OpenLandMap_confirmation	South America representative; Amazon/tropical acidic soil candidate	PRJNA1434455	Brazil:Amazon		confirmed_lat_lon	not_selected_after_project_dedup:candidate	no	external_acidic_soil_project_reads	yes	yes	C_SF2_D1_ITS; soil; Brazil:Amazon; 2.24143 S 48.12031 W
SRR37548740	PRJNA1434455	SAMN56406798	South America	Amazon/tropical acidic soil candidate	Amazon/tropical soil	Brazil:Amazon	-2.24143	-48.12031		needs_metadata_or_OpenLandMap_confirmation	South America representative; Amazon/tropical acidic soil candidate	PRJNA1434455	Brazil:Amazon		confirmed_lat_lon	not_selected_after_project_dedup:candidate	no	external_acidic_soil_project_reads	yes	yes	C_SF1_D3_ITS; soil; Brazil:Amazon; 2.24143 S 48.12031 W
SRR37548741	PRJNA1434455	SAMN56406797	South America	Amazon/tropical acidic soil candidate	Amazon/tropical soil	Brazil:Amazon	-2.24143	-48.12031		needs_metadata_or_OpenLandMap_confirmation	South America representative; Amazon/tropical acidic soil candidate	PRJNA1434455	Brazil:Amazon		confirmed_lat_lon	not_selected_after_project_dedup:candidate	no	external_acidic_soil_project_reads	yes	yes	C_SF1_D2_ITS; soil; Brazil:Amazon; 2.24143 S 48.12031 W
SRR37548742	PRJNA1434455	SAMN56406796	South America	Amazon/tropical acidic soil candidate	Amazon/tropical soil	Brazil:Amazon	-2.24143	-48.12031		needs_metadata_or_OpenLandMap_confirmation	South America representative; Amazon/tropical acidic soil candidate	PRJNA1434455	Brazil:Amazon		confirmed_lat_lon	not_selected_after_project_dedup:candidate	no	external_acidic_soil_project_reads	yes	yes	C_SF1_D1_ITS; soil; Brazil:Amazon; 2.24143 S 48.12031 W
SRR37548743	PRJNA1434455	SAMN56406795	South America	Amazon/tropical acidic soil candidate	Amazon/tropical soil	Brazil:Amazon	-2.24143	-48.12031		needs_metadata_or_OpenLandMap_confirmation	South America representative; Amazon/tropical acidic soil candidate	PRJNA1434455	Brazil:Amazon		confirmed_lat_lon	not_selected_after_project_dedup:candidate	no	external_acidic_soil_project_reads	yes	yes	C_PF5_D3_ITS; soil; Brazil:Amazon; 2.24143 S 48.12031 W
SRR37548744	PRJNA1434455	SAMN56406794	South America	Amazon/tropical acidic soil candidate	Amazon/tropical soil	Brazil:Amazon	-2.24143	-48.12031		needs_metadata_or_OpenLandMap_confirmation	South America representative; Amazon/tropical acidic soil candidate	PRJNA1434455	Brazil:Amazon		confirmed_lat_lon	not_selected_after_project_dedup:candidate	no	external_acidic_soil_project_reads	yes	yes	C_PF5_D2_ITS; soil; Brazil:Amazon; 2.24143 S 48.12031 W
SRR37548745	PRJNA1434455	SAMN56406793	South America	Amazon/tropical acidic soil candidate	Amazon/tropical soil	Brazil:Amazon	-2.24143	-48.12031		needs_metadata_or_OpenLandMap_confirmation	South America representative; Amazon/tropical acidic soil candidate	PRJNA1434455	Brazil:Amazon		confirmed_lat_lon	not_selected_after_project_dedup:candidate	no	external_acidic_soil_project_reads	yes	yes	C_PF5_D1_ITS; soil; Brazil:Amazon; 2.24143 S 48.12031 W
SRR37548746	PRJNA1434455	SAMN56406730	South America	Amazon/tropical acidic soil candidate	Amazon/tropical soil	Brazil:Amazon	-2.32484	-48.21225		needs_metadata_or_OpenLandMap_confirmation	South America representative; Amazon/tropical acidic soil candidate	PRJNA1434455	Brazil:Amazon		confirmed_lat_lon	not_selected_after_project_dedup:candidate	no	external_acidic_soil_project_reads	yes	yes	C_P3_D2_16S; soil; Brazil:Amazon; 2.32484 S 48.21225 W
SRR37548747	PRJNA1434455	SAMN56406792	South America	Amazon/tropical acidic soil candidate	Amazon/tropical soil	Brazil:Amazon	-2.24143	-48.12031		needs_metadata_or_OpenLandMap_confirmation	South America representative; Amazon/tropical acidic soil candidate	PRJNA1434455	Brazil:Amazon		confirmed_lat_lon	not_selected_after_project_dedup:candidate	no	external_acidic_soil_project_reads	yes	yes	C_PF4_D3_ITS; soil; Brazil:Amazon; 2.24143 S 48.12031 W
SRR37548748	PRJNA1434455	SAMN56406791	South America	Amazon/tropical acidic soil candidate	Amazon/tropical soil	Brazil:Amazon	-2.24143	-48.12031		needs_metadata_or_OpenLandMap_confirmation	South America representative; Amazon/tropical acidic soil candidate	PRJNA1434455	Brazil:Amazon		confirmed_lat_lon	not_selected_after_project_dedup:candidate	no	external_acidic_soil_project_reads	yes	yes	C_PF4_D2_ITS; soil; Brazil:Amazon; 2.24143 S 48.12031 W
SRR37548749	PRJNA1434455	SAMN56406790	South America	Amazon/tropical acidic soil candidate	Amazon/tropical soil	Brazil:Amazon	-2.24143	-48.12031		needs_metadata_or_OpenLandMap_confirmation	South America representative; Amazon/tropical acidic soil candidate	PRJNA1434455	Brazil:Amazon		confirmed_lat_lon	not_selected_after_project_dedup:candidate	no	external_acidic_soil_project_reads	yes	yes	C_PF4_D1_ITS; soil; Brazil:Amazon; 2.24143 S 48.12031 W
SRR37548750	PRJNA1434455	SAMN56406789	South America	Amazon/tropical acidic soil candidate	Amazon/tropical soil	Brazil:Amazon	-2.24143	-48.12031		needs_metadata_or_OpenLandMap_confirmation	South America representative; Amazon/tropical acidic soil candidate	PRJNA1434455	Brazil:Amazon		confirmed_lat_lon	not_selected_after_project_dedup:candidate	no	external_acidic_soil_project_reads	yes	yes	C_PF3_D3_ITS; soil; Brazil:Amazon; 2.24143 S 48.12031 W
SRR37548751	PRJNA1434455	SAMN56406788	South America	Amazon/tropical acidic soil candidate	Amazon/tropical soil	Brazil:Amazon	-2.24143	-48.12031		needs_metadata_or_OpenLandMap_confirmation	South America representative; Amazon/tropical acidic soil candidate	PRJNA1434455	Brazil:Amazon		confirmed_lat_lon	not_selected_after_project_dedup:candidate	no	external_acidic_soil_project_reads	yes	yes	C_PF3_D2_ITS; soil; Brazil:Amazon; 2.24143 S 48.12031 W
SRR37548752	PRJNA1434455	SAMN56406787	South America	Amazon/tropical acidic soil candidate	Amazon/tropical soil	Brazil:Amazon	-2.24143	-48.12031		needs_metadata_or_OpenLandMap_confirmation	South America representative; Amazon/tropical acidic soil candidate	PRJNA1434455	Brazil:Amazon		confirmed_lat_lon	not_selected_after_project_dedup:candidate	no	external_acidic_soil_project_reads	yes	yes	C_PF3_D1_ITS; soil; Brazil:Amazon; 2.24143 S 48.12031 W
SRR37548753	PRJNA1434455	SAMN56406786	South America	Amazon/tropical acidic soil candidate	Amazon/tropical soil	Brazil:Amazon	-2.24143	-48.12031		needs_metadata_or_OpenLandMap_confirmation	South America representative; Amazon/tropical acidic soil candidate	PRJNA1434455	Brazil:Amazon		confirmed_lat_lon	not_selected_after_project_dedup:candidate	no	external_acidic_soil_project_reads	yes	yes	C_PF2_D3_ITS; soil; Brazil:Amazon; 2.24143 S 48.12031 W
SRR37548754	PRJNA1434455	SAMN56406785	South America	Amazon/tropical acidic soil candidate	Amazon/tropical soil	Brazil:Amazon	-2.24143	-48.12031		needs_metadata_or_OpenLandMap_confirmation	South America representative; Amazon/tropical acidic soil candidate	PRJNA1434455	Brazil:Amazon		confirmed_lat_lon	not_selected_after_project_dedup:candidate	no	external_acidic_soil_project_reads	yes	yes	C_PF2_D2_ITS; soil; Brazil:Amazon; 2.24143 S 48.12031 W
SRR37548755	PRJNA1434455	SAMN56406784	South America	Amazon/tropical acidic soil candidate	Amazon/tropical soil	Brazil:Amazon	-2.24143	-48.12031		needs_metadata_or_OpenLandMap_confirmation	South America representative; Amazon/tropical acidic soil candidate	PRJNA1434455	Brazil:Amazon		confirmed_lat_lon	not_selected_after_project_dedup:candidate	no	external_acidic_soil_project_reads	yes	yes	C_PF2_D1_ITS; soil; Brazil:Amazon; 2.24143 S 48.12031 W
SRR37548756	PRJNA1434455	SAMN56406783	South America	Amazon/tropical acidic soil candidate	Amazon/tropical soil	Brazil:Amazon	-2.24143	-48.12031		needs_metadata_or_OpenLandMap_confirmation	South America representative; Amazon/tropical acidic soil candidate	PRJNA1434455	Brazil:Amazon		confirmed_lat_lon	not_selected_after_project_dedup:candidate	no	external_acidic_soil_project_reads	yes	yes	C_PF1_D3_ITS; soil; Brazil:Amazon; 2.24143 S 48.12031 W
SRR37548757	PRJNA1434455	SAMN56406729	South America	Amazon/tropical acidic soil candidate	Amazon/tropical soil	Brazil:Amazon	-2.32484	-48.21225		needs_metadata_or_OpenLandMap_confirmation	South America representative; Amazon/tropical acidic soil candidate	PRJNA1434455	Brazil:Amazon		confirmed_lat_lon	not_selected_after_project_dedup:candidate	no	external_acidic_soil_project_reads	yes	yes	C_P3_D1_16S; soil; Brazil:Amazon; 2.32484 S 48.21225 W
SRR37548758	PRJNA1434455	SAMN56406782	South America	Amazon/tropical acidic soil candidate	Amazon/tropical soil	Brazil:Amazon	-2.35587	-48.21358		needs_metadata_or_OpenLandMap_confirmation	South America representative; Amazon/tropical acidic soil candidate	PRJNA1434455	Brazil:Amazon		confirmed_lat_lon	not_selected_after_project_dedup:candidate	no	external_acidic_soil_project_reads	yes	yes	C_PF1_D2_ITS; soil; Brazil:Amazon; 2.35587 S 48.21358 W
SRR37548759	PRJNA1434455	SAMN56406781	South America	Amazon/tropical acidic soil candidate	Amazon/tropical soil	Brazil:Amazon	-2.35587	-48.21358		needs_metadata_or_OpenLandMap_confirmation	South America representative; Amazon/tropical acidic soil candidate	PRJNA1434455	Brazil:Amazon		confirmed_lat_lon	not_selected_after_project_dedup:candidate	no	external_acidic_soil_project_reads	yes	yes	C_PF1_D1_ITS; soil; Brazil:Amazon; 2.35587 S 48.21358 W
SRR37548760	PRJNA1434455	SAMN56406780	South America	Amazon/tropical acidic soil candidate	Amazon/tropical soil	Brazil:Amazon	-2.35587	-48.21358		needs_metadata_or_OpenLandMap_confirmation	South America representative; Amazon/tropical acidic soil candidate	PRJNA1434455	Brazil:Amazon		confirmed_lat_lon	not_selected_after_project_dedup:candidate	no	external_acidic_soil_project_reads	yes	yes	C_P5_D3_ITS; soil; Brazil:Amazon; 2.35587 S 48.21358 W
SRR37548761	PRJNA1434455	SAMN56406779	South America	Amazon/tropical acidic soil candidate	Amazon/tropical soil	Brazil:Amazon	-2.35587	-48.21358		needs_metadata_or_OpenLandMap_confirmation	South America representative; Amazon/tropical acidic soil candidate	PRJNA1434455	Brazil:Amazon		confirmed_lat_lon	not_selected_after_project_dedup:candidate	no	external_acidic_soil_project_reads	yes	yes	C_P5_D2_ITS; soil; Brazil:Amazon; 2.35587 S 48.21358 W
SRR37548762	PRJNA1434455	SAMN56406778	South America	Amazon/tropical acidic soil candidate	Amazon/tropical soil	Brazil:Amazon	-2.35587	-48.21358		needs_metadata_or_OpenLandMap_confirmation	South America representative; Amazon/tropical acidic soil candidate	PRJNA1434455	Brazil:Amazon		confirmed_lat_lon	not_selected_after_project_dedup:candidate	no	external_acidic_soil_project_reads	yes	yes	C_P5_D1_ITS; soil; Brazil:Amazon; 2.35587 S 48.21358 W
SRR37548763	PRJNA1434455	SAMN56406777	South America	Amazon/tropical acidic soil candidate	Amazon/tropical soil	Brazil:Amazon	-2.35587	-48.21358		needs_metadata_or_OpenLandMap_confirmation	South America representative; Amazon/tropical acidic soil candidate	PRJNA1434455	Brazil:Amazon		confirmed_lat_lon	not_selected_after_project_dedup:candidate	no	external_acidic_soil_project_reads	yes	yes	C_P4_D2_ITS; soil; Brazil:Amazon; 2.35587 S 48.21358 W
SRR37548764	PRJNA1434455	SAMN56406776	South America	Amazon/tropical acidic soil candidate	Amazon/tropical soil	Brazil:Amazon	-2.35587	-48.21358		needs_metadata_or_OpenLandMap_confirmation	South America representative; Amazon/tropical acidic soil candidate	PRJNA1434455	Brazil:Amazon		confirmed_lat_lon	not_selected_after_project_dedup:candidate	no	external_acidic_soil_project_reads	yes	yes	C_P4_D1_ITS; soil; Brazil:Amazon; 2.35587 S 48.21358 W
SRR37548765	PRJNA1434455	SAMN56406775	South America	Amazon/tropical acidic soil candidate	Amazon/tropical soil	Brazil:Amazon	-2.35587	-48.21358		needs_metadata_or_OpenLandMap_confirmation	South America representative; Amazon/tropical acidic soil candidate	PRJNA1434455	Brazil:Amazon		confirmed_lat_lon	not_selected_after_project_dedup:candidate	no	external_acidic_soil_project_reads	yes	yes	C_P3_D3_ITS; soil; Brazil:Amazon; 2.35587 S 48.21358 W
SRR37548766	PRJNA1434455	SAMN56406774	South America	Amazon/tropical acidic soil candidate	Amazon/tropical soil	Brazil:Amazon	-2.35587	-48.21358		needs_metadata_or_OpenLandMap_confirmation	South America representative; Amazon/tropical acidic soil candidate	PRJNA1434455	Brazil:Amazon		confirmed_lat_lon	not_selected_after_project_dedup:candidate	no	external_acidic_soil_project_reads	yes	yes	C_P3_D2_ITS; soil; Brazil:Amazon; 2.35587 S 48.21358 W
SRR37548767	PRJNA1434455	SAMN56406773	South America	Amazon/tropical acidic soil candidate	Amazon/tropical soil	Brazil:Amazon	-2.35587	-48.21358		needs_metadata_or_OpenLandMap_confirmation	South America representative; Amazon/tropical acidic soil candidate	PRJNA1434455	Brazil:Amazon		confirmed_lat_lon	not_selected_after_project_dedup:candidate	no	external_acidic_soil_project_reads	yes	yes	C_P3_D1_ITS; soil; Brazil:Amazon; 2.35587 S 48.21358 W
SRR37548768	PRJNA1434455	SAMN56406728	South America	Amazon/tropical acidic soil candidate	Amazon/tropical soil	Brazil:Amazon	-2.32484	-48.21225		needs_metadata_or_OpenLandMap_confirmation	South America representative; Amazon/tropical acidic soil candidate	PRJNA1434455	Brazil:Amazon		confirmed_lat_lon	not_selected_after_project_dedup:candidate	no	external_acidic_soil_project_reads	yes	yes	C_P2_D3_16S; soil; Brazil:Amazon; 2.32484 S 48.21225 W
SRR37548769	PRJNA1434455	SAMN56406772	South America	Amazon/tropical acidic soil candidate	Amazon/tropical soil	Brazil:Amazon	-2.35587	-48.21358		needs_metadata_or_OpenLandMap_confirmation	South America representative; Amazon/tropical acidic soil candidate	PRJNA1434455	Brazil:Amazon		confirmed_lat_lon	not_selected_after_project_dedup:candidate	no	external_acidic_soil_project_reads	yes	yes	C_P2_D3_ITS; soil; Brazil:Amazon; 2.35587 S 48.21358 W
SRR37548770	PRJNA1434455	SAMN56406771	South America	Amazon/tropical acidic soil candidate	Amazon/tropical soil	Brazil:Amazon	-2.35587	-48.21358		needs_metadata_or_OpenLandMap_confirmation	South America representative; Amazon/tropical acidic soil candidate	PRJNA1434455	Brazil:Amazon		confirmed_lat_lon	not_selected_after_project_dedup:candidate	no	external_acidic_soil_project_reads	yes	yes	C_P2_D2_ITS; soil; Brazil:Amazon; 2.35587 S 48.21358 W
SRR37548771	PRJNA1434455	SAMN56406770	South America	Amazon/tropical acidic soil candidate	Amazon/tropical soil	Brazil:Amazon	-2.35587	-48.21358		needs_metadata_or_OpenLandMap_confirmation	South America representative; Amazon/tropical acidic soil candidate	PRJNA1434455	Brazil:Amazon		confirmed_lat_lon	not_selected_after_project_dedup:candidate	no	external_acidic_soil_project_reads	yes	yes	C_P2_D1_ITS; soil; Brazil:Amazon; 2.35587 S 48.21358 W
SRR37548772	PRJNA1434455	SAMN56406769	South America	Amazon/tropical acidic soil candidate	Amazon/tropical soil	Brazil:Amazon	-2.35587	-48.21358		needs_metadata_or_OpenLandMap_confirmation	South America representative; Amazon/tropical acidic soil candidate	PRJNA1434455	Brazil:Amazon		confirmed_lat_lon	not_selected_after_project_dedup:candidate	no	external_acidic_soil_project_reads	yes	yes	C_P1_D3_ITS; soil; Brazil:Amazon; 2.35587 S 48.21358 W
SRR37548773	PRJNA1434455	SAMN56406768	South America	Amazon/tropical acidic soil candidate	Amazon/tropical soil	Brazil:Amazon	-2.35587	-48.21358		needs_metadata_or_OpenLandMap_confirmation	South America representative; Amazon/tropical acidic soil candidate	PRJNA1434455	Brazil:Amazon		confirmed_lat_lon	not_selected_after_project_dedup:candidate	no	external_acidic_soil_project_reads	yes	yes	C_P1_D2_ITS; soil; Brazil:Amazon; 2.35587 S 48.21358 W
SRR37548774	PRJNA1434455	SAMN56406767	South America	Amazon/tropical acidic soil candidate	Amazon/tropical soil	Brazil:Amazon	-2.35587	-48.21358		needs_metadata_or_OpenLandMap_confirmation	South America representative; Amazon/tropical acidic soil candidate	PRJNA1434455	Brazil:Amazon		confirmed_lat_lon	not_selected_after_project_dedup:candidate	no	external_acidic_soil_project_reads	yes	yes	C_P1_D1_ITS; soil; Brazil:Amazon; 2.35587 S 48.21358 W
SRR37548775	PRJNA1434455	SAMN56406766	South America	Amazon/tropical acidic soil candidate	Amazon/tropical soil	Brazil:Amazon	-2.35587	-48.21358		needs_metadata_or_OpenLandMap_confirmation	South America representative; Amazon/tropical acidic soil candidate	PRJNA1434455	Brazil:Amazon		confirmed_lat_lon	not_selected_after_project_dedup:candidate	no	external_acidic_soil_project_reads	yes	yes	C_SF5_D3_16S; soil; Brazil:Amazon; 2.35587 S 48.21358 W
SRR37548776	PRJNA1434455	SAMN56406765	South America	Amazon/tropical acidic soil candidate	Amazon/tropical soil	Brazil:Amazon	-2.35587	-48.21358		needs_metadata_or_OpenLandMap_confirmation	South America representative; Amazon/tropical acidic soil candidate	PRJNA1434455	Brazil:Amazon		confirmed_lat_lon	not_selected_after_project_dedup:candidate	no	external_acidic_soil_project_reads	yes	yes	C_SF5_D2_16S; soil; Brazil:Amazon; 2.35587 S 48.21358 W
SRR37548777	PRJNA1434455	SAMN56406764	South America	Amazon/tropical acidic soil candidate	Amazon/tropical soil	Brazil:Amazon	-2.35587	-48.21358		needs_metadata_or_OpenLandMap_confirmation	South America representative; Amazon/tropical acidic soil candidate	PRJNA1434455	Brazil:Amazon		confirmed_lat_lon	not_selected_after_project_dedup:candidate	no	external_acidic_soil_project_reads	yes	yes	C_SF5_D1_16S; soil; Brazil:Amazon; 2.35587 S 48.21358 W
SRR37548778	PRJNA1434455	SAMN56406763	South America	Amazon/tropical acidic soil candidate	Amazon/tropical soil	Brazil:Amazon	-2.35587	-48.21358		needs_metadata_or_OpenLandMap_confirmation	South America representative; Amazon/tropical acidic soil candidate	PRJNA1434455	Brazil:Amazon		confirmed_lat_lon	not_selected_after_project_dedup:candidate	no	external_acidic_soil_project_reads	yes	yes	C_SF4_D3_16S; soil; Brazil:Amazon; 2.35587 S 48.21358 W
SRR37548779	PRJNA1434455	SAMN56406727	South America	Amazon/tropical acidic soil candidate	Amazon/tropical soil	Brazil:Amazon	-2.32484	-48.21225		needs_metadata_or_OpenLandMap_confirmation	South America representative; Amazon/tropical acidic soil candidate	PRJNA1434455	Brazil:Amazon		confirmed_lat_lon	not_selected_after_project_dedup:candidate	no	external_acidic_soil_project_reads	yes	yes	C_P2_D2_16S; soil; Brazil:Amazon; 2.32484 S 48.21225 W
SRR37548780	PRJNA1434455	SAMN56406762	South America	Amazon/tropical acidic soil candidate	Amazon/tropical soil	Brazil:Amazon	-2.35587	-48.21358		needs_metadata_or_OpenLandMap_confirmation	South America representative; Amazon/tropical acidic soil candidate	PRJNA1434455	Brazil:Amazon		confirmed_lat_lon	not_selected_after_project_dedup:candidate	no	external_acidic_soil_project_reads	yes	yes	C_SF4_D2_16S; soil; Brazil:Amazon; 2.35587 S 48.21358 W
SRR37548781	PRJNA1434455	SAMN56406761	South America	Amazon/tropical acidic soil candidate	Amazon/tropical soil	Brazil:Amazon	-2.35587	-48.21358		needs_metadata_or_OpenLandMap_confirmation	South America representative; Amazon/tropical acidic soil candidate	PRJNA1434455	Brazil:Amazon		confirmed_lat_lon	not_selected_after_project_dedup:candidate	no	external_acidic_soil_project_reads	yes	yes	C_SF4_D1_16S; soil; Brazil:Amazon; 2.35587 S 48.21358 W
SRR37548782	PRJNA1434455	SAMN56406760	South America	Amazon/tropical acidic soil candidate	Amazon/tropical soil	Brazil:Amazon	-2.35587	-48.21358		needs_metadata_or_OpenLandMap_confirmation	South America representative; Amazon/tropical acidic soil candidate	PRJNA1434455	Brazil:Amazon		confirmed_lat_lon	not_selected_after_project_dedup:candidate	no	external_acidic_soil_project_reads	yes	yes	C_SF3_D3_16S; soil; Brazil:Amazon; 2.35587 S 48.21358 W
SRR37548783	PRJNA1434455	SAMN56406759	South America	Amazon/tropical acidic soil candidate	Amazon/tropical soil	Brazil:Amazon	-2.35587	-48.21358		needs_metadata_or_OpenLandMap_confirmation	South America representative; Amazon/tropical acidic soil candidate	PRJNA1434455	Brazil:Amazon		confirmed_lat_lon	not_selected_after_project_dedup:candidate	no	external_acidic_soil_project_reads	yes	yes	C_SF3_D2_16S; soil; Brazil:Amazon; 2.35587 S 48.21358 W
SRR37548784	PRJNA1434455	SAMN56406758	South America	Amazon/tropical acidic soil candidate	Amazon/tropical soil	Brazil:Amazon	-2.35587	-48.21358		needs_metadata_or_OpenLandMap_confirmation	South America representative; Amazon/tropical acidic soil candidate	PRJNA1434455	Brazil:Amazon		confirmed_lat_lon	not_selected_after_project_dedup:candidate	no	external_acidic_soil_project_reads	yes	yes	C_SF3_D1_16S; soil; Brazil:Amazon; 2.35587 S 48.21358 W
SRR37548785	PRJNA1434455	SAMN56406757	South America	Amazon/tropical acidic soil candidate	Amazon/tropical soil	Brazil:Amazon	-2.35587	-48.21358		needs_metadata_or_OpenLandMap_confirmation	South America representative; Amazon/tropical acidic soil candidate	PRJNA1434455	Brazil:Amazon		confirmed_lat_lon	not_selected_after_project_dedup:candidate	no	external_acidic_soil_project_reads	yes	yes	C_SF2_D3_16S; soil; Brazil:Amazon; 2.35587 S 48.21358 W
SRR37548786	PRJNA1434455	SAMN56406756	South America	Amazon/tropical acidic soil candidate	Amazon/tropical soil	Brazil:Amazon	-2.35587	-48.21358		needs_metadata_or_OpenLandMap_confirmation	South America representative; Amazon/tropical acidic soil candidate	PRJNA1434455	Brazil:Amazon		confirmed_lat_lon	not_selected_after_project_dedup:candidate	no	external_acidic_soil_project_reads	yes	yes	C_SF2_D2_16S; soil; Brazil:Amazon; 2.35587 S 48.21358 W
SRR37548787	PRJNA1434455	SAMN56406755	South America	Amazon/tropical acidic soil candidate	Amazon/tropical soil	Brazil:Amazon	-2.35587	-48.21358		needs_metadata_or_OpenLandMap_confirmation	South America representative; Amazon/tropical acidic soil candidate	PRJNA1434455	Brazil:Amazon		confirmed_lat_lon	not_selected_after_project_dedup:candidate	no	external_acidic_soil_project_reads	yes	yes	C_SF2_D1_16S; soil; Brazil:Amazon; 2.35587 S 48.21358 W
SRR37548788	PRJNA1434455	SAMN56406754	South America	Amazon/tropical acidic soil candidate	Amazon/tropical soil	Brazil:Amazon	-2.35587	-48.21358		needs_metadata_or_OpenLandMap_confirmation	South America representative; Amazon/tropical acidic soil candidate	PRJNA1434455	Brazil:Amazon		confirmed_lat_lon	not_selected_after_project_dedup:candidate	no	external_acidic_soil_project_reads	yes	yes	C_SF1_D3_16S; soil; Brazil:Amazon; 2.35587 S 48.21358 W
SRR37548789	PRJNA1434455	SAMN56406753	South America	Amazon/tropical acidic soil candidate	Amazon/tropical soil	Brazil:Amazon	-2.35587	-48.21358		needs_metadata_or_OpenLandMap_confirmation	South America representative; Amazon/tropical acidic soil candidate	PRJNA1434455	Brazil:Amazon		confirmed_lat_lon	not_selected_after_project_dedup:candidate	no	external_acidic_soil_project_reads	yes	yes	C_SF1_D2_16S; soil; Brazil:Amazon; 2.35587 S 48.21358 W
SRR37548790	PRJNA1434455	SAMN56406726	South America	Amazon/tropical acidic soil candidate	Amazon/tropical soil	Brazil:Amazon	-2.32484	-48.21225		needs_metadata_or_OpenLandMap_confirmation	South America representative; Amazon/tropical acidic soil candidate	PRJNA1434455	Brazil:Amazon		confirmed_lat_lon	not_selected_after_project_dedup:candidate	no	external_acidic_soil_project_reads	yes	yes	C_P2_D1_16S; soil; Brazil:Amazon; 2.32484 S 48.21225 W
SRR37548791	PRJNA1434455	SAMN56406752	South America	Amazon/tropical acidic soil candidate	Amazon/tropical soil	Brazil:Amazon	-2.35587	-48.21358		needs_metadata_or_OpenLandMap_confirmation	South America representative; Amazon/tropical acidic soil candidate	PRJNA1434455	Brazil:Amazon		confirmed_lat_lon	not_selected_after_project_dedup:candidate	no	external_acidic_soil_project_reads	yes	yes	C_SF1_D1_16S; soil; Brazil:Amazon; 2.35587 S 48.21358 W
SRR37548792	PRJNA1434455	SAMN56406751	South America	Amazon/tropical acidic soil candidate	Amazon/tropical soil	Brazil:Amazon	-2.35587	-48.21358		needs_metadata_or_OpenLandMap_confirmation	South America representative; Amazon/tropical acidic soil candidate	PRJNA1434455	Brazil:Amazon		confirmed_lat_lon	not_selected_after_project_dedup:candidate	no	external_acidic_soil_project_reads	yes	yes	C_PF5_D3_16S; soil; Brazil:Amazon; 2.35587 S 48.21358 W
SRR37548793	PRJNA1434455	SAMN56406750	South America	Amazon/tropical acidic soil candidate	Amazon/tropical soil	Brazil:Amazon	-2.32484	-48.21225		needs_metadata_or_OpenLandMap_confirmation	South America representative; Amazon/tropical acidic soil candidate	PRJNA1434455	Brazil:Amazon		confirmed_lat_lon	not_selected_after_project_dedup:candidate	no	external_acidic_soil_project_reads	yes	yes	C_PF5_D2_16S; soil; Brazil:Amazon; 2.32484 S 48.21225 W
SRR37548794	PRJNA1434455	SAMN56406749	South America	Amazon/tropical acidic soil candidate	Amazon/tropical soil	Brazil:Amazon	-2.32484	-48.21225		needs_metadata_or_OpenLandMap_confirmation	South America representative; Amazon/tropical acidic soil candidate	PRJNA1434455	Brazil:Amazon		confirmed_lat_lon	not_selected_after_project_dedup:candidate	no	external_acidic_soil_project_reads	yes	yes	C_PF5_D1_16S; soil; Brazil:Amazon; 2.32484 S 48.21225 W
SRR37548795	PRJNA1434455	SAMN56406748	South America	Amazon/tropical acidic soil candidate	Amazon/tropical soil	Brazil:Amazon	-2.32484	-48.21225		needs_metadata_or_OpenLandMap_confirmation	South America representative; Amazon/tropical acidic soil candidate	PRJNA1434455	Brazil:Amazon		confirmed_lat_lon	not_selected_after_project_dedup:candidate	no	external_acidic_soil_project_reads	yes	yes	C_PF4_D3_16S; soil; Brazil:Amazon; 2.32484 S 48.21225 W
SRR37548796	PRJNA1434455	SAMN56406747	South America	Amazon/tropical acidic soil candidate	Amazon/tropical soil	Brazil:Amazon	-2.32484	-48.21225		needs_metadata_or_OpenLandMap_confirmation	South America representative; Amazon/tropical acidic soil candidate	PRJNA1434455	Brazil:Amazon		confirmed_lat_lon	not_selected_after_project_dedup:candidate	no	external_acidic_soil_project_reads	yes	yes	C_PF4_D2_16S; soil; Brazil:Amazon; 2.32484 S 48.21225 W
SRR37548797	PRJNA1434455	SAMN56406746	South America	Amazon/tropical acidic soil candidate	Amazon/tropical soil	Brazil:Amazon	-2.32484	-48.21225		needs_metadata_or_OpenLandMap_confirmation	South America representative; Amazon/tropical acidic soil candidate	PRJNA1434455	Brazil:Amazon		confirmed_lat_lon	not_selected_after_project_dedup:candidate	no	external_acidic_soil_project_reads	yes	yes	C_PF4_D1_16S; soil; Brazil:Amazon; 2.32484 S 48.21225 W
SRR37548798	PRJNA1434455	SAMN56406745	South America	Amazon/tropical acidic soil candidate	Amazon/tropical soil	Brazil:Amazon	-2.32484	-48.21225		needs_metadata_or_OpenLandMap_confirmation	South America representative; Amazon/tropical acidic soil candidate	PRJNA1434455	Brazil:Amazon		confirmed_lat_lon	not_selected_after_project_dedup:candidate	no	external_acidic_soil_project_reads	yes	yes	C_PF3_D3_16S; soil; Brazil:Amazon; 2.32484 S 48.21225 W
SRR37548799	PRJNA1434455	SAMN56406744	South America	Amazon/tropical acidic soil candidate	Amazon/tropical soil	Brazil:Amazon	-2.32484	-48.21225		needs_metadata_or_OpenLandMap_confirmation	South America representative; Amazon/tropical acidic soil candidate	PRJNA1434455	Brazil:Amazon		confirmed_lat_lon	not_selected_after_project_dedup:candidate	no	external_acidic_soil_project_reads	yes	yes	C_PF3_D2_16S; soil; Brazil:Amazon; 2.32484 S 48.21225 W
SRR37548800	PRJNA1434455	SAMN56406743	South America	Amazon/tropical acidic soil candidate	Amazon/tropical soil	Brazil:Amazon	-2.32484	-48.21225		needs_metadata_or_OpenLandMap_confirmation	South America representative; Amazon/tropical acidic soil candidate	PRJNA1434455	Brazil:Amazon		confirmed_lat_lon	not_selected_after_project_dedup:candidate	no	external_acidic_soil_project_reads	yes	yes	C_PF3_D1_16S; soil; Brazil:Amazon; 2.32484 S 48.21225 W
SRR37548801	PRJNA1434455	SAMN56406725	South America	Amazon/tropical acidic soil candidate	Amazon/tropical soil	Brazil:Amazon	-2.32484	-48.21225		needs_metadata_or_OpenLandMap_confirmation	South America representative; Amazon/tropical acidic soil candidate	PRJNA1434455	Brazil:Amazon		confirmed_lat_lon	not_selected_after_project_dedup:candidate	no	external_acidic_soil_project_reads	yes	yes	C_P1_D3_16S; soil; Brazil:Amazon; 2.32484 S 48.21225 W
SRR37548802	PRJNA1434455	SAMN56406742	South America	Amazon/tropical acidic soil candidate	Amazon/tropical soil	Brazil:Amazon	-2.32484	-48.21225		needs_metadata_or_OpenLandMap_confirmation	South America representative; Amazon/tropical acidic soil candidate	PRJNA1434455	Brazil:Amazon		confirmed_lat_lon	not_selected_after_project_dedup:candidate	no	external_acidic_soil_project_reads	yes	yes	C_PF2_D3_16S; soil; Brazil:Amazon; 2.32484 S 48.21225 W
SRR37548803	PRJNA1434455	SAMN56406741	South America	Amazon/tropical acidic soil candidate	Amazon/tropical soil	Brazil:Amazon	-2.32484	-48.21225		needs_metadata_or_OpenLandMap_confirmation	South America representative; Amazon/tropical acidic soil candidate	PRJNA1434455	Brazil:Amazon		confirmed_lat_lon	not_selected_after_project_dedup:candidate	no	external_acidic_soil_project_reads	yes	yes	C_PF2_D2_16S; soil; Brazil:Amazon; 2.32484 S 48.21225 W
SRR37548804	PRJNA1434455	SAMN56406740	South America	Amazon/tropical acidic soil candidate	Amazon/tropical soil	Brazil:Amazon	-2.32484	-48.21225		needs_metadata_or_OpenLandMap_confirmation	South America representative; Amazon/tropical acidic soil candidate	PRJNA1434455	Brazil:Amazon		confirmed_lat_lon	not_selected_after_project_dedup:candidate	no	external_acidic_soil_project_reads	yes	yes	C_PF2_D1_16S; soil; Brazil:Amazon; 2.32484 S 48.21225 W
SRR37548805	PRJNA1434455	SAMN56406739	South America	Amazon/tropical acidic soil candidate	Amazon/tropical soil	Brazil:Amazon	-2.32484	-48.21225		needs_metadata_or_OpenLandMap_confirmation	South America representative; Amazon/tropical acidic soil candidate	PRJNA1434455	Brazil:Amazon		confirmed_lat_lon	not_selected_after_project_dedup:candidate	no	external_acidic_soil_project_reads	yes	yes	C_PF1_D3_16S; soil; Brazil:Amazon; 2.32484 S 48.21225 W
SRR37548806	PRJNA1434455	SAMN56406738	South America	Amazon/tropical acidic soil candidate	Amazon/tropical soil	Brazil:Amazon	-2.32484	-48.21225		needs_metadata_or_OpenLandMap_confirmation	South America representative; Amazon/tropical acidic soil candidate	PRJNA1434455	Brazil:Amazon		confirmed_lat_lon	not_selected_after_project_dedup:candidate	no	external_acidic_soil_project_reads	yes	yes	C_PF1_D2_16S; soil; Brazil:Amazon; 2.32484 S 48.21225 W
SRR37548807	PRJNA1434455	SAMN56406737	South America	Amazon/tropical acidic soil candidate	Amazon/tropical soil	Brazil:Amazon	-2.32484	-48.21225		needs_metadata_or_OpenLandMap_confirmation	South America representative; Amazon/tropical acidic soil candidate	PRJNA1434455	Brazil:Amazon		confirmed_lat_lon	not_selected_after_project_dedup:candidate	no	external_acidic_soil_project_reads	yes	yes	C_PF1_D1_16S; soil; Brazil:Amazon; 2.32484 S 48.21225 W
SRR37548808	PRJNA1434455	SAMN56406736	South America	Amazon/tropical acidic soil candidate	Amazon/tropical soil	Brazil:Amazon	-2.32484	-48.21225		needs_metadata_or_OpenLandMap_confirmation	South America representative; Amazon/tropical acidic soil candidate	PRJNA1434455	Brazil:Amazon		confirmed_lat_lon	not_selected_after_project_dedup:candidate	no	external_acidic_soil_project_reads	yes	yes	C_P5_D3_16S; soil; Brazil:Amazon; 2.32484 S 48.21225 W
SRR37548809	PRJNA1434455	SAMN56406735	South America	Amazon/tropical acidic soil candidate	Amazon/tropical soil	Brazil:Amazon	-2.32484	-48.21225		needs_metadata_or_OpenLandMap_confirmation	South America representative; Amazon/tropical acidic soil candidate	PRJNA1434455	Brazil:Amazon		confirmed_lat_lon	not_selected_after_project_dedup:candidate	no	external_acidic_soil_project_reads	yes	yes	C_P5_D2_16S; soil; Brazil:Amazon; 2.32484 S 48.21225 W
SRR37548810	PRJNA1434455	SAMN56406734	South America	Amazon/tropical acidic soil candidate	Amazon/tropical soil	Brazil:Amazon	-2.32484	-48.21225		needs_metadata_or_OpenLandMap_confirmation	South America representative; Amazon/tropical acidic soil candidate	PRJNA1434455	Brazil:Amazon		confirmed_lat_lon	not_selected_after_project_dedup:candidate	no	external_acidic_soil_project_reads	yes	yes	C_P5_D1_16S; soil; Brazil:Amazon; 2.32484 S 48.21225 W
SRR37548811	PRJNA1434455	SAMN56406733	South America	Amazon/tropical acidic soil candidate	Amazon/tropical soil	Brazil:Amazon	-2.32484	-48.21225		needs_metadata_or_OpenLandMap_confirmation	South America representative; Amazon/tropical acidic soil candidate	PRJNA1434455	Brazil:Amazon		confirmed_lat_lon	not_selected_after_project_dedup:candidate	no	external_acidic_soil_project_reads	yes	yes	C_P4_D2_16S; soil; Brazil:Amazon; 2.32484 S 48.21225 W
SRR37514547	PRJNA1433234	SAMN56359896	South America	Amazon/tropical acidic soil candidate	Amazon/tropical soil	Brazil:Araponga	-20.64567899	-42.49961243		needs_metadata_or_OpenLandMap_confirmation	South America representative; Amazon/tropical acidic soil candidate	PRJNA1433234	Brazil:Araponga		confirmed_lat_lon	not_selected_after_project_dedup:candidate	no	external_acidic_soil_project_reads	yes	yes	MIMARKS Survey related sample from soil metagenome; Atlantic Forest; coffee crop of coffea_arabica; soil; Brazil:Araponga; 20.64567899 S 42.49961243 W
SRR37514548	PRJNA1433234	SAMN56359895	South America	Amazon/tropical acidic soil candidate	Amazon/tropical soil	Brazil:Araponga	-20.64567899	-42.49961243		needs_metadata_or_OpenLandMap_confirmation	South America representative; Amazon/tropical acidic soil candidate	PRJNA1433234	Brazil:Araponga		confirmed_lat_lon	not_selected_after_project_dedup:candidate	no	external_acidic_soil_project_reads	yes	yes	MIMARKS Survey related sample from soil metagenome; Atlantic Forest; coffee crop of coffea_arabica; soil; Brazil:Araponga; 20.64567899 S 42.49961243 W
SRR37514549	PRJNA1433234	SAMN56359894	South America	Amazon/tropical acidic soil candidate	Amazon/tropical soil	Brazil:Caconde	-21.59306504	-46.66945976		needs_metadata_or_OpenLandMap_confirmation	South America representative; Amazon/tropical acidic soil candidate	PRJNA1433234	Brazil:Caconde		confirmed_lat_lon	not_selected_after_project_dedup:candidate	no	external_acidic_soil_project_reads	yes	yes	MIMARKS Survey related sample from soil metagenome; Atlantic Forest; coffee crop of coffea_arabica; soil; Brazil:Caconde; 21.59306504 S 46.66945976 W
SRR37514550	PRJNA1433234	SAMN56359893	South America	Amazon/tropical acidic soil candidate	Amazon/tropical soil	Brazil:Caconde	-21.59306504	-46.66945976		needs_metadata_or_OpenLandMap_confirmation	South America representative; Amazon/tropical acidic soil candidate	PRJNA1433234	Brazil:Caconde		confirmed_lat_lon	not_selected_after_project_dedup:candidate	no	external_acidic_soil_project_reads	yes	yes	MIMARKS Survey related sample from soil metagenome; Atlantic Forest; coffee crop of coffea_arabica; soil; Brazil:Caconde; 21.59306504 S 46.66945976 W
SRR37514551	PRJNA1433234	SAMN56359892	South America	Amazon/tropical acidic soil candidate	Amazon/tropical soil	Brazil:Caconde	-21.59306504	-46.66945976		needs_metadata_or_OpenLandMap_confirmation	South America representative; Amazon/tropical acidic soil candidate	PRJNA1433234	Brazil:Caconde		confirmed_lat_lon	not_selected_after_project_dedup:candidate	no	external_acidic_soil_project_reads	yes	yes	MIMARKS Survey related sample from soil metagenome; Atlantic Forest; coffee crop of coffea_arabica; soil; Brazil:Caconde; 21.59306504 S 46.66945976 W
SRR37514552	PRJNA1433234	SAMN56359891	South America	Amazon/tropical acidic soil candidate	Amazon/tropical soil	Brazil:Vitoria da Conquista	-14.92042425	-40.61108779		needs_metadata_or_OpenLandMap_confirmation	South America representative; Amazon/tropical acidic soil candidate	PRJNA1433234	Brazil:Vitoria da Conquista		confirmed_lat_lon	not_selected_after_project_dedup:candidate	no	external_acidic_soil_project_reads	yes	yes	MIMARKS Survey related sample from soil metagenome; Atlantic Forest; coffee crop of coffea_arabica; soil; Brazil:Vitoria da Conquista; 14.92042425 S 40.61108779 W
SRR37514553	PRJNA1433234	SAMN56359890	South America	Amazon/tropical acidic soil candidate	Amazon/tropical soil	Brazil:Vitoria da Conquista	-14.92042425	-40.61108779		needs_metadata_or_OpenLandMap_confirmation	South America representative; Amazon/tropical acidic soil candidate	PRJNA1433234	Brazil:Vitoria da Conquista		confirmed_lat_lon	not_selected_after_project_dedup:candidate	no	external_acidic_soil_project_reads	yes	yes	MIMARKS Survey related sample from soil metagenome; Atlantic Forest; coffee crop of coffea_arabica; soil; Brazil:Vitoria da Conquista; 14.92042425 S 40.61108779 W
SRR37514554	PRJNA1433234	SAMN56359827	South America	Amazon/tropical acidic soil candidate	Amazon/tropical soil	Brazil:Jeronimo Monteiro	-20.71149561	-41.36167238		needs_metadata_or_OpenLandMap_confirmation	South America representative; Amazon/tropical acidic soil candidate	PRJNA1433234	Brazil:Jeronimo Monteiro		confirmed_lat_lon	not_selected_after_project_dedup:candidate	no	external_acidic_soil_project_reads	yes	yes	MIMARKS Survey related sample from soil metagenome; Atlantic Forest; coffee crop of coffea_canephora; soil; Brazil:Jeronimo Monteiro; 20.71149561 S 41.36167238 W
SRR37514555	PRJNA1433234	SAMN56359889	South America	Amazon/tropical acidic soil candidate	Amazon/tropical soil	Brazil:Vitoria da Conquista	-14.92042425	-40.61108779		needs_metadata_or_OpenLandMap_confirmation	South America representative; Amazon/tropical acidic soil candidate	PRJNA1433234	Brazil:Vitoria da Conquista		confirmed_lat_lon	not_selected_after_project_dedup:candidate	no	external_acidic_soil_project_reads	yes	yes	MIMARKS Survey related sample from soil metagenome; Atlantic Forest; coffee crop of coffea_arabica; soil; Brazil:Vitoria da Conquista; 14.92042425 S 40.61108779 W
SRR37514556	PRJNA1433234	SAMN56359888	South America	Amazon/tropical acidic soil candidate	Amazon/tropical soil	Brazil:Espera Feliz	-20.54233102	-41.81380526		needs_metadata_or_OpenLandMap_confirmation	South America representative; Amazon/tropical acidic soil candidate	PRJNA1433234	Brazil:Espera Feliz		confirmed_lat_lon	not_selected_after_project_dedup:candidate	no	external_acidic_soil_project_reads	yes	yes	MIMARKS Survey related sample from soil metagenome; Atlantic Forest; coffee crop of coffea_arabica; soil; Brazil:Espera Feliz; 20.54233102 S 41.81380526 W
SRR37514557	PRJNA1433234	SAMN56359887	South America	Amazon/tropical acidic soil candidate	Amazon/tropical soil	Brazil:Espera Feliz	-20.54233102	-41.81380526		needs_metadata_or_OpenLandMap_confirmation	South America representative; Amazon/tropical acidic soil candidate	PRJNA1433234	Brazil:Espera Feliz		confirmed_lat_lon	not_selected_after_project_dedup:candidate	no	external_acidic_soil_project_reads	yes	yes	MIMARKS Survey related sample from soil metagenome; Atlantic Forest; coffee crop of coffea_arabica; soil; Brazil:Espera Feliz; 20.54233102 S 41.81380526 W
SRR37514558	PRJNA1433234	SAMN56359886	South America	Amazon/tropical acidic soil candidate	Amazon/tropical soil	Brazil:Espera Feliz	-20.54233102	-41.81380526		needs_metadata_or_OpenLandMap_confirmation	South America representative; Amazon/tropical acidic soil candidate	PRJNA1433234	Brazil:Espera Feliz		confirmed_lat_lon	not_selected_after_project_dedup:candidate	no	external_acidic_soil_project_reads	yes	yes	MIMARKS Survey related sample from soil metagenome; Atlantic Forest; coffee crop of coffea_arabica; soil; Brazil:Espera Feliz; 20.54233102 S 41.81380526 W
SRR37514559	PRJNA1433234	SAMN56359885	South America	Amazon/tropical acidic soil candidate	Amazon/tropical soil	Brazil:Piata	-13.09727297	-41.81269555		needs_metadata_or_OpenLandMap_confirmation	South America representative; Amazon/tropical acidic soil candidate	PRJNA1433234	Brazil:Piata		confirmed_lat_lon	not_selected_after_project_dedup:candidate	no	external_acidic_soil_project_reads	yes	yes	MIMARKS Survey related sample from soil metagenome; White Forest; coffee crop of coffea_arabica; soil; Brazil:Piata; 13.09727297 S 41.81269555 W
SRR37514560	PRJNA1433234	SAMN56359884	South America	Amazon/tropical acidic soil candidate	Amazon/tropical soil	Brazil:Piata	-13.09727297	-41.81269555		needs_metadata_or_OpenLandMap_confirmation	South America representative; Amazon/tropical acidic soil candidate	PRJNA1433234	Brazil:Piata		confirmed_lat_lon	not_selected_after_project_dedup:candidate	no	external_acidic_soil_project_reads	yes	yes	MIMARKS Survey related sample from soil metagenome; White Forest; coffee crop of coffea_arabica; soil; Brazil:Piata; 13.09727297 S 41.81269555 W
SRR37514561	PRJNA1433234	SAMN56359883	South America	Amazon/tropical acidic soil candidate	Amazon/tropical soil	Brazil:Piata	-13.09727297	-41.81269555		needs_metadata_or_OpenLandMap_confirmation	South America representative; Amazon/tropical acidic soil candidate	PRJNA1433234	Brazil:Piata		confirmed_lat_lon	not_selected_after_project_dedup:candidate	no	external_acidic_soil_project_reads	yes	yes	MIMARKS Survey related sample from soil metagenome; White Forest; coffee crop of coffea_arabica; soil; Brazil:Piata; 13.09727297 S 41.81269555 W
SRR37514562	PRJNA1433234	SAMN56359882	South America	Amazon/tropical acidic soil candidate	Amazon/tropical soil	Brazil:Exu	-7.41031907	-39.8081326		needs_metadata_or_OpenLandMap_confirmation	South America representative; Amazon/tropical acidic soil candidate	PRJNA1433234	Brazil:Exu		confirmed_lat_lon	not_selected_after_project_dedup:candidate	no	external_acidic_soil_project_reads	yes	yes	MIMARKS Survey related sample from soil metagenome; White Forest; coffee crop of coffea_arabica; soil; Brazil:Exu; 7.41031907 S 39.8081326 W
SRR37514563	PRJNA1433234	SAMN56359881	South America	Amazon/tropical acidic soil candidate	Amazon/tropical soil	Brazil:Exu	-7.41031907	-39.8081326		needs_metadata_or_OpenLandMap_confirmation	South America representative; Amazon/tropical acidic soil candidate	PRJNA1433234	Brazil:Exu		confirmed_lat_lon	not_selected_after_project_dedup:candidate	no	external_acidic_soil_project_reads	yes	yes	MIMARKS Survey related sample from soil metagenome; White Forest; coffee crop of coffea_arabica; soil; Brazil:Exu; 7.41031907 S 39.8081326 W
SRR37514564	PRJNA1433234	SAMN56359880	South America	Amazon/tropical acidic soil candidate	Amazon/tropical soil	Brazil:Exu	-7.41031907	-39.8081326		needs_metadata_or_OpenLandMap_confirmation	South America representative; Amazon/tropical acidic soil candidate	PRJNA1433234	Brazil:Exu		confirmed_lat_lon	not_selected_after_project_dedup:candidate	no	external_acidic_soil_project_reads	yes	yes	MIMARKS Survey related sample from soil metagenome; White Forest; coffee crop of coffea_arabica; soil; Brazil:Exu; 7.41031907 S 39.8081326 W
SRR37514565	PRJNA1433234	SAMN56359826	South America	Amazon/tropical acidic soil candidate	Amazon/tropical soil	Brazil:Jeronimo Monteiro	-20.71149561	-41.36167238		needs_metadata_or_OpenLandMap_confirmation	South America representative; Amazon/tropical acidic soil candidate	PRJNA1433234	Brazil:Jeronimo Monteiro		confirmed_lat_lon	not_selected_after_project_dedup:candidate	no	external_acidic_soil_project_reads	yes	yes	MIMARKS Survey related sample from soil metagenome; Atlantic Forest; coffee crop of coffea_canephora; soil; Brazil:Jeronimo Monteiro; 20.71149561 S 41.36167238 W
SRR37514566	PRJNA1433234	SAMN56359879	South America	Amazon/tropical acidic soil candidate	Amazon/tropical soil	Brazil:Guaramiranga	-4.2674192	-38.93517366		needs_metadata_or_OpenLandMap_confirmation	South America representative; Amazon/tropical acidic soil candidate	PRJNA1433234	Brazil:Guaramiranga		confirmed_lat_lon	not_selected_after_project_dedup:candidate	no	external_acidic_soil_project_reads	yes	yes	MIMARKS Survey related sample from soil metagenome; White Forest; coffee crop of coffea_arabica; soil; Brazil:Guaramiranga; 4.26741920 S 38.93517366 W
SRR37514567	PRJNA1433234	SAMN56359878	South America	Amazon/tropical acidic soil candidate	Amazon/tropical soil	Brazil:Guaramiranga	-4.2674192	-38.93517366		needs_metadata_or_OpenLandMap_confirmation	South America representative; Amazon/tropical acidic soil candidate	PRJNA1433234	Brazil:Guaramiranga		confirmed_lat_lon	not_selected_after_project_dedup:candidate	no	external_acidic_soil_project_reads	yes	yes	MIMARKS Survey related sample from soil metagenome; White Forest; coffee crop of coffea_arabica; soil; Brazil:Guaramiranga; 4.26741920 S 38.93517366 W
SRR37514568	PRJNA1433234	SAMN56359877	South America	Amazon/tropical acidic soil candidate	Amazon/tropical soil	Brazil:Guaramiranga	-4.2674192	-38.93517366		needs_metadata_or_OpenLandMap_confirmation	South America representative; Amazon/tropical acidic soil candidate	PRJNA1433234	Brazil:Guaramiranga		confirmed_lat_lon	not_selected_after_project_dedup:candidate	no	external_acidic_soil_project_reads	yes	yes	MIMARKS Survey related sample from soil metagenome; White Forest; coffee crop of coffea_arabica; soil; Brazil:Guaramiranga; 4.26741920 S 38.93517366 W
SRR37514569	PRJNA1433234	SAMN56359876	South America	Amazon/tropical acidic soil candidate	Amazon/tropical soil	Brazil:Mulungu	-4.31518849	-38.97553897		needs_metadata_or_OpenLandMap_confirmation	South America representative; Amazon/tropical acidic soil candidate	PRJNA1433234	Brazil:Mulungu		confirmed_lat_lon	not_selected_after_project_dedup:candidate	no	external_acidic_soil_project_reads	yes	yes	MIMARKS Survey related sample from soil metagenome; White Forest; coffee crop of coffea_arabica; soil; Brazil:Mulungu; 4.31518849 S 38.97553897 W
SRR37514570	PRJNA1433234	SAMN56359875	South America	Amazon/tropical acidic soil candidate	Amazon/tropical soil	Brazil:Mulungu	-4.31518849	-38.97553897		needs_metadata_or_OpenLandMap_confirmation	South America representative; Amazon/tropical acidic soil candidate	PRJNA1433234	Brazil:Mulungu		confirmed_lat_lon	not_selected_after_project_dedup:candidate	no	external_acidic_soil_project_reads	yes	yes	MIMARKS Survey related sample from soil metagenome; White Forest; coffee crop of coffea_arabica; soil; Brazil:Mulungu; 4.31518849 S 38.97553897 W
SRR37514571	PRJNA1433234	SAMN56359874	South America	Amazon/tropical acidic soil candidate	Amazon/tropical soil	Brazil:Mulungu	-4.31518849	-38.97553897		needs_metadata_or_OpenLandMap_confirmation	South America representative; Amazon/tropical acidic soil candidate	PRJNA1433234	Brazil:Mulungu		confirmed_lat_lon	not_selected_after_project_dedup:candidate	no	external_acidic_soil_project_reads	yes	yes	MIMARKS Survey related sample from soil metagenome; White Forest; coffee crop of coffea_arabica; soil; Brazil:Mulungu; 4.31518849 S 38.97553897 W
SRR37514572	PRJNA1433234	SAMN56359873	South America	Amazon/tropical acidic soil candidate	Amazon/tropical soil	Brazil:Pacoti	-4.22721796	-38.88825231		needs_metadata_or_OpenLandMap_confirmation	South America representative; Amazon/tropical acidic soil candidate	PRJNA1433234	Brazil:Pacoti		confirmed_lat_lon	not_selected_after_project_dedup:candidate	no	external_acidic_soil_project_reads	yes	yes	MIMARKS Survey related sample from soil metagenome; White Forest; coffee crop of coffea_arabica; soil; Brazil:Pacoti; 4.22721796 S 38.88825231 W
SRR37514573	PRJNA1433234	SAMN56359872	South America	Amazon/tropical acidic soil candidate	Amazon/tropical soil	Brazil:Pacoti	-4.22721796	-38.88825231		needs_metadata_or_OpenLandMap_confirmation	South America representative; Amazon/tropical acidic soil candidate	PRJNA1433234	Brazil:Pacoti		confirmed_lat_lon	not_selected_after_project_dedup:candidate	no	external_acidic_soil_project_reads	yes	yes	MIMARKS Survey related sample from soil metagenome; White Forest; coffee crop of coffea_arabica; soil; Brazil:Pacoti; 4.22721796 S 38.88825231 W
SRR37514574	PRJNA1433234	SAMN56359871	South America	Amazon/tropical acidic soil candidate	Amazon/tropical soil	Brazil:Pacoti	-4.22721796	-38.88825231		needs_metadata_or_OpenLandMap_confirmation	South America representative; Amazon/tropical acidic soil candidate	PRJNA1433234	Brazil:Pacoti		confirmed_lat_lon	not_selected_after_project_dedup:candidate	no	external_acidic_soil_project_reads	yes	yes	MIMARKS Survey related sample from soil metagenome; White Forest; coffee crop of coffea_arabica; soil; Brazil:Pacoti; 4.22721796 S 38.88825231 W
SRR37514575	PRJNA1433234	SAMN56359870	South America	Amazon/tropical acidic soil candidate	Amazon/tropical soil	Brazil:Domingos martins	-20.35688135	-40.79384942		needs_metadata_or_OpenLandMap_confirmation	South America representative; Amazon/tropical acidic soil candidate	PRJNA1433234	Brazil:Domingos martins		confirmed_lat_lon	not_selected_after_project_dedup:candidate	no	external_acidic_soil_project_reads	yes	yes	MIMARKS Survey related sample from soil metagenome; Atlantic Forest; coffee crop of coffea_arabica; soil; Brazil:Domingos martins; 20.35688135 S 40.79384942 W
SRR37514576	PRJNA1433234	SAMN56359825	South America	Amazon/tropical acidic soil candidate	Amazon/tropical soil	Brazil:Sao Domingos do Norte	-19.0901315	-40.59830925		needs_metadata_or_OpenLandMap_confirmation	South America representative; Amazon/tropical acidic soil candidate	PRJNA1433234	Brazil:Sao Domingos do Norte		confirmed_lat_lon	not_selected_after_project_dedup:candidate	no	external_acidic_soil_project_reads	yes	yes	MIMARKS Survey related sample from soil metagenome; Atlantic Forest; coffee crop of coffea_canephora; soil; Brazil:Sao Domingos do Norte; 19.09013150 S 40.59830925 W
SRR37514577	PRJNA1433234	SAMN56359869	South America	Amazon/tropical acidic soil candidate	Amazon/tropical soil	Brazil:Domingos martins	-20.35688135	-40.79384942		needs_metadata_or_OpenLandMap_confirmation	South America representative; Amazon/tropical acidic soil candidate	PRJNA1433234	Brazil:Domingos martins		confirmed_lat_lon	not_selected_after_project_dedup:candidate	no	external_acidic_soil_project_reads	yes	yes	MIMARKS Survey related sample from soil metagenome; Atlantic Forest; coffee crop of coffea_arabica; soil; Brazil:Domingos martins; 20.35688135 S 40.79384942 W
SRR37514578	PRJNA1433234	SAMN56359868	South America	Amazon/tropical acidic soil candidate	Amazon/tropical soil	Brazil:Domingos martins	-20.35688135	-40.79384942		needs_metadata_or_OpenLandMap_confirmation	South America representative; Amazon/tropical acidic soil candidate	PRJNA1433234	Brazil:Domingos martins		confirmed_lat_lon	not_selected_after_project_dedup:candidate	no	external_acidic_soil_project_reads	yes	yes	MIMARKS Survey related sample from soil metagenome; Atlantic Forest; coffee crop of coffea_arabica; soil; Brazil:Domingos martins; 20.35688135 S 40.79384942 W
SRR37514582	PRJNA1433234	SAMN56359864	South America	Amazon/tropical acidic soil candidate	Amazon/tropical soil	Brazil:Tres Pontas	-21.34483205	-45.44869382		needs_metadata_or_OpenLandMap_confirmation	South America representative; Amazon/tropical acidic soil candidate	PRJNA1433234	Brazil:Tres Pontas		confirmed_lat_lon	not_selected_after_project_dedup:candidate	no	external_acidic_soil_project_reads	yes	yes	MIMARKS Survey related sample from soil metagenome; Atlantic Forest; coffee crop of coffea_arabica; soil; Brazil:Tres Pontas; 21.34483205 S 45.44869382 W
SRR37514583	PRJNA1433234	SAMN56359863	South America	Amazon/tropical acidic soil candidate	Amazon/tropical soil	Brazil:Tres Pontas	-21.34483205	-45.44869382		needs_metadata_or_OpenLandMap_confirmation	South America representative; Amazon/tropical acidic soil candidate	PRJNA1433234	Brazil:Tres Pontas		confirmed_lat_lon	not_selected_after_project_dedup:candidate	no	external_acidic_soil_project_reads	yes	yes	MIMARKS Survey related sample from soil metagenome; Atlantic Forest; coffee crop of coffea_arabica; soil; Brazil:Tres Pontas; 21.34483205 S 45.44869382 W
SRR37514584	PRJNA1433234	SAMN56359862	South America	Amazon/tropical acidic soil candidate	Amazon/tropical soil	Brazil:Tres Pontas	-21.34483205	-45.44869382		needs_metadata_or_OpenLandMap_confirmation	South America representative; Amazon/tropical acidic soil candidate	PRJNA1433234	Brazil:Tres Pontas		confirmed_lat_lon	not_selected_after_project_dedup:candidate	no	external_acidic_soil_project_reads	yes	yes	MIMARKS Survey related sample from soil metagenome; Atlantic Forest; coffee crop of coffea_arabica; soil; Brazil:Tres Pontas; 21.34483205 S 45.44869382 W
SRR37514585	PRJNA1433234	SAMN56359861	South America	Amazon/tropical acidic soil candidate	Amazon/tropical soil	Brazil:Afonso Claudio	-20.15988111	-41.01981163		needs_metadata_or_OpenLandMap_confirmation	South America representative; Amazon/tropical acidic soil candidate	PRJNA1433234	Brazil:Afonso Claudio		confirmed_lat_lon	not_selected_after_project_dedup:candidate	no	external_acidic_soil_project_reads	yes	yes	MIMARKS Survey related sample from soil metagenome; Atlantic Forest; coffee crop of coffea_arabica; soil; Brazil:Afonso Claudio; 20.15988111 S 41.01981163 W
SRR37514586	PRJNA1433234	SAMN56359860	South America	Amazon/tropical acidic soil candidate	Amazon/tropical soil	Brazil:Afonso Claudio	-20.15988111	-41.01981163		needs_metadata_or_OpenLandMap_confirmation	South America representative; Amazon/tropical acidic soil candidate	PRJNA1433234	Brazil:Afonso Claudio		confirmed_lat_lon	not_selected_after_project_dedup:candidate	no	external_acidic_soil_project_reads	yes	yes	MIMARKS Survey related sample from soil metagenome; Atlantic Forest; coffee crop of coffea_arabica; soil; Brazil:Afonso Claudio; 20.15988111 S 41.01981163 W
SRR37514587	PRJNA1433234	SAMN56359824	South America	Amazon/tropical acidic soil candidate	Amazon/tropical soil	Brazil:Sao Domingos do Norte	-19.0901315	-40.59830925		needs_metadata_or_OpenLandMap_confirmation	South America representative; Amazon/tropical acidic soil candidate	PRJNA1433234	Brazil:Sao Domingos do Norte		confirmed_lat_lon	not_selected_after_project_dedup:candidate	no	external_acidic_soil_project_reads	yes	yes	MIMARKS Survey related sample from soil metagenome; Atlantic Forest; coffee crop of coffea_canephora; soil; Brazil:Sao Domingos do Norte; 19.09013150 S 40.59830925 W
SRR37514588	PRJNA1433234	SAMN56359859	South America	Amazon/tropical acidic soil candidate	Amazon/tropical soil	Brazil:Afonso Claudio	-20.15988111	-41.01981163		needs_metadata_or_OpenLandMap_confirmation	South America representative; Amazon/tropical acidic soil candidate	PRJNA1433234	Brazil:Afonso Claudio		confirmed_lat_lon	not_selected_after_project_dedup:candidate	no	external_acidic_soil_project_reads	yes	yes	MIMARKS Survey related sample from soil metagenome; Atlantic Forest; coffee crop of coffea_arabica; soil; Brazil:Afonso Claudio; 20.15988111 S 41.01981163 W
SRR37514589	PRJNA1433234	SAMN56359858	South America	Amazon/tropical acidic soil candidate	Amazon/tropical soil	Brazil:Porciuncula	-20.855946	-41.9248928		needs_metadata_or_OpenLandMap_confirmation	South America representative; Amazon/tropical acidic soil candidate	PRJNA1433234	Brazil:Porciuncula		confirmed_lat_lon	not_selected_after_project_dedup:candidate	no	external_acidic_soil_project_reads	yes	yes	MIMARKS Survey related sample from soil metagenome; Atlantic Forest; coffee crop of coffea_arabica; soil; Brazil:Porciuncula; 20.85594600 S 41.92489280 W
SRR37514590	PRJNA1433234	SAMN56359857	South America	Amazon/tropical acidic soil candidate	Amazon/tropical soil	Brazil:Porciuncula	-20.855946	-41.9248928		needs_metadata_or_OpenLandMap_confirmation	South America representative; Amazon/tropical acidic soil candidate	PRJNA1433234	Brazil:Porciuncula		confirmed_lat_lon	not_selected_after_project_dedup:candidate	no	external_acidic_soil_project_reads	yes	yes	MIMARKS Survey related sample from soil metagenome; Atlantic Forest; coffee crop of coffea_arabica; soil; Brazil:Porciuncula; 20.85594600 S 41.92489280 W
SRR37514591	PRJNA1433234	SAMN56359856	South America	Amazon/tropical acidic soil candidate	Amazon/tropical soil	Brazil:Porciuncula	-20.855946	-41.9248928		needs_metadata_or_OpenLandMap_confirmation	South America representative; Amazon/tropical acidic soil candidate	PRJNA1433234	Brazil:Porciuncula		confirmed_lat_lon	not_selected_after_project_dedup:candidate	no	external_acidic_soil_project_reads	yes	yes	MIMARKS Survey related sample from soil metagenome; Atlantic Forest; coffee crop of coffea_arabica; soil; Brazil:Porciuncula; 20.85594600 S 41.92489280 W
SRR37514592	PRJNA1433234	SAMN56359855	South America	Amazon/tropical acidic soil candidate	Amazon/tropical soil	Brazil:Campanha	-21.91743096	-45.46394144		needs_metadata_or_OpenLandMap_confirmation	South America representative; Amazon/tropical acidic soil candidate	PRJNA1433234	Brazil:Campanha		confirmed_lat_lon	not_selected_after_project_dedup:candidate	no	external_acidic_soil_project_reads	yes	yes	MIMARKS Survey related sample from soil metagenome; Atlantic Forest; coffee crop of coffea_arabica; soil; Brazil:Campanha; 21.91743096 S 45.46394144 W
SRR37514593	PRJNA1433234	SAMN56359854	South America	Amazon/tropical acidic soil candidate	Amazon/tropical soil	Brazil:Campanha	-21.91743096	-45.46394144		needs_metadata_or_OpenLandMap_confirmation	South America representative; Amazon/tropical acidic soil candidate	PRJNA1433234	Brazil:Campanha		confirmed_lat_lon	not_selected_after_project_dedup:candidate	no	external_acidic_soil_project_reads	yes	yes	MIMARKS Survey related sample from soil metagenome; Atlantic Forest; coffee crop of coffea_arabica; soil; Brazil:Campanha; 21.91743096 S 45.46394144 W
SRR37514594	PRJNA1433234	SAMN56359853	South America	Amazon/tropical acidic soil candidate	Amazon/tropical soil	Brazil:Campanha	-21.91743096	-45.46394144		needs_metadata_or_OpenLandMap_confirmation	South America representative; Amazon/tropical acidic soil candidate	PRJNA1433234	Brazil:Campanha		confirmed_lat_lon	not_selected_after_project_dedup:candidate	no	external_acidic_soil_project_reads	yes	yes	MIMARKS Survey related sample from soil metagenome; Atlantic Forest; coffee crop of coffea_arabica; soil; Brazil:Campanha; 21.91743096 S 45.46394144 W
SRR37514595	PRJNA1433234	SAMN56359829	South America	Amazon/tropical acidic soil candidate	Amazon/tropical soil	Brazil:Conceicao do Castelo	-20.4692128	-41.28898029		needs_metadata_or_OpenLandMap_confirmation	South America representative; Amazon/tropical acidic soil candidate	PRJNA1433234	Brazil:Conceicao do Castelo		confirmed_lat_lon	not_selected_after_project_dedup:candidate	no	external_acidic_soil_project_reads	yes	yes	MIMARKS Survey related sample from soil metagenome; Atlantic Forest; coffee crop of coffea_canephora; soil; Brazil:Conceicao do Castelo; 20.46921280 S 41.28898029 W
SRR37514596	PRJNA1433234	SAMN56359909	South America	Amazon/tropical acidic soil candidate	Amazon/tropical soil	Brazil:Castelo	-20.53184814	-41.08428527		needs_metadata_or_OpenLandMap_confirmation	South America representative; Amazon/tropical acidic soil candidate	PRJNA1433234	Brazil:Castelo		confirmed_lat_lon	not_selected_after_project_dedup:candidate	no	external_acidic_soil_project_reads	yes	yes	MIMARKS Survey related sample from soil metagenome; Atlantic Forest; coffee crop of coffea_arabica; soil; Brazil:Castelo; 20.53184814 S 41.08428527 W
SRR37514597	PRJNA1433234	SAMN56359908	South America	Amazon/tropical acidic soil candidate	Amazon/tropical soil	Brazil:Castelo	-20.53184814	-41.08428527		needs_metadata_or_OpenLandMap_confirmation	South America representative; Amazon/tropical acidic soil candidate	PRJNA1433234	Brazil:Castelo		confirmed_lat_lon	not_selected_after_project_dedup:candidate	no	external_acidic_soil_project_reads	yes	yes	MIMARKS Survey related sample from soil metagenome; Atlantic Forest; coffee crop of coffea_arabica; soil; Brazil:Castelo; 20.53184814 S 41.08428527 W
SRR37514598	PRJNA1433234	SAMN56359907	South America	Amazon/tropical acidic soil candidate	Amazon/tropical soil	Brazil:Castelo	-20.53184814	-41.08428527		needs_metadata_or_OpenLandMap_confirmation	South America representative; Amazon/tropical acidic soil candidate	PRJNA1433234	Brazil:Castelo		confirmed_lat_lon	not_selected_after_project_dedup:candidate	no	external_acidic_soil_project_reads	yes	yes	MIMARKS Survey related sample from soil metagenome; Atlantic Forest; coffee crop of coffea_arabica; soil; Brazil:Castelo; 20.53184814 S 41.08428527 W
SRR37514599	PRJNA1433234	SAMN56359906	South America	Amazon/tropical acidic soil candidate	Amazon/tropical soil	Brazil:Ibitirama	-20.49916334	-41.73500659		needs_metadata_or_OpenLandMap_confirmation	South America representative; Amazon/tropical acidic soil candidate	PRJNA1433234	Brazil:Ibitirama		confirmed_lat_lon	not_selected_after_project_dedup:candidate	no	external_acidic_soil_project_reads	yes	yes	MIMARKS Survey related sample from soil metagenome; Atlantic Forest; coffee crop of coffea_arabica; soil; Brazil:Ibitirama; 20.49916334 S 41.73500659 W
SRR37514600	PRJNA1433234	SAMN56359905	South America	Amazon/tropical acidic soil candidate	Amazon/tropical soil	Brazil:Ibitirama	-20.49916334	-41.73500659		needs_metadata_or_OpenLandMap_confirmation	South America representative; Amazon/tropical acidic soil candidate	PRJNA1433234	Brazil:Ibitirama		confirmed_lat_lon	not_selected_after_project_dedup:candidate	no	external_acidic_soil_project_reads	yes	yes	MIMARKS Survey related sample from soil metagenome; Atlantic Forest; coffee crop of coffea_arabica; soil; Brazil:Ibitirama; 20.49916334 S 41.73500659 W
SRR37514601	PRJNA1433234	SAMN56359904	South America	Amazon/tropical acidic soil candidate	Amazon/tropical soil	Brazil:Ibitirama	-20.49916334	-41.73500659		needs_metadata_or_OpenLandMap_confirmation	South America representative; Amazon/tropical acidic soil candidate	PRJNA1433234	Brazil:Ibitirama		confirmed_lat_lon	not_selected_after_project_dedup:candidate	no	external_acidic_soil_project_reads	yes	yes	MIMARKS Survey related sample from soil metagenome; Atlantic Forest; coffee crop of coffea_arabica; soil; Brazil:Ibitirama; 20.49916334 S 41.73500659 W
SRR37514605	PRJNA1433234	SAMN56359900	South America	Amazon/tropical acidic soil candidate	Amazon/tropical soil	Brazil:Congoinhas	-23.50449279	-50.53817063		needs_metadata_or_OpenLandMap_confirmation	South America representative; Amazon/tropical acidic soil candidate	PRJNA1433234	Brazil:Congoinhas		confirmed_lat_lon	not_selected_after_project_dedup:candidate	no	external_acidic_soil_project_reads	yes	yes	MIMARKS Survey related sample from soil metagenome; Atlantic Forest; coffee crop of coffea_arabica; soil; Brazil:Congoinhas; 23.50449279 S 50.53817063 W
SRR37514606	PRJNA1433234	SAMN56359828	South America	Amazon/tropical acidic soil candidate	Amazon/tropical soil	Brazil:Jeronimo Monteiro	-20.71149561	-41.36167238		needs_metadata_or_OpenLandMap_confirmation	South America representative; Amazon/tropical acidic soil candidate	PRJNA1433234	Brazil:Jeronimo Monteiro		confirmed_lat_lon	not_selected_after_project_dedup:candidate	no	external_acidic_soil_project_reads	yes	yes	MIMARKS Survey related sample from soil metagenome; Atlantic Forest; coffee crop of coffea_canephora; soil; Brazil:Jeronimo Monteiro; 20.71149561 S 41.36167238 W
SRR37514607	PRJNA1433234	SAMN56359899	South America	Amazon/tropical acidic soil candidate	Amazon/tropical soil	Brazil:Congoinhas	-23.50449279	-50.53817063		needs_metadata_or_OpenLandMap_confirmation	South America representative; Amazon/tropical acidic soil candidate	PRJNA1433234	Brazil:Congoinhas		confirmed_lat_lon	not_selected_after_project_dedup:candidate	no	external_acidic_soil_project_reads	yes	yes	MIMARKS Survey related sample from soil metagenome; Atlantic Forest; coffee crop of coffea_arabica; soil; Brazil:Congoinhas; 23.50449279 S 50.53817063 W
SRR37514608	PRJNA1433234	SAMN56359898	South America	Amazon/tropical acidic soil candidate	Amazon/tropical soil	Brazil:Congoinhas	-23.50449279	-50.53817063		needs_metadata_or_OpenLandMap_confirmation	South America representative; Amazon/tropical acidic soil candidate	PRJNA1433234	Brazil:Congoinhas		confirmed_lat_lon	not_selected_after_project_dedup:candidate	no	external_acidic_soil_project_reads	yes	yes	MIMARKS Survey related sample from soil metagenome; Atlantic Forest; coffee crop of coffea_arabica; soil; Brazil:Congoinhas; 23.50449279 S 50.53817063 W
SRR37514609	PRJNA1433234	SAMN56359897	South America	Amazon/tropical acidic soil candidate	Amazon/tropical soil	Brazil:Araponga	-20.64567899	-42.49961243		needs_metadata_or_OpenLandMap_confirmation	South America representative; Amazon/tropical acidic soil candidate	PRJNA1433234	Brazil:Araponga		confirmed_lat_lon	not_selected_after_project_dedup:candidate	no	external_acidic_soil_project_reads	yes	yes	MIMARKS Survey related sample from soil metagenome; Atlantic Forest; coffee crop of coffea_arabica; soil; Brazil:Araponga; 20.64567899 S 42.49961243 W
SRR37514610	PRJNA1433234	SAMN56359852	South America	Amazon/tropical acidic soil candidate	Amazon/tropical soil	Brazil:Campanha	-21.91266494	-45.46467244		needs_metadata_or_OpenLandMap_confirmation	South America representative; Amazon/tropical acidic soil candidate	PRJNA1433234	Brazil:Campanha		confirmed_lat_lon	not_selected_after_project_dedup:candidate	no	external_acidic_soil_project_reads	yes	yes	MIMARKS Survey related sample from soil metagenome; Atlantic Forest; coffee crop of coffea_arabica; soil; Brazil:Campanha; 21.91266494 S 45.46467244 W
SRR37514611	PRJNA1433234	SAMN56359851	South America	Amazon/tropical acidic soil candidate	Amazon/tropical soil	Brazil:Campanha	-21.91266494	-45.46467244		needs_metadata_or_OpenLandMap_confirmation	South America representative; Amazon/tropical acidic soil candidate	PRJNA1433234	Brazil:Campanha		confirmed_lat_lon	not_selected_after_project_dedup:candidate	no	external_acidic_soil_project_reads	yes	yes	MIMARKS Survey related sample from soil metagenome; Atlantic Forest; coffee crop of coffea_arabica; soil; Brazil:Campanha; 21.91266494 S 45.46467244 W
SRR37514612	PRJNA1433234	SAMN56359850	South America	Amazon/tropical acidic soil candidate	Amazon/tropical soil	Brazil:Campanha	-21.91266494	-45.46467244		needs_metadata_or_OpenLandMap_confirmation	South America representative; Amazon/tropical acidic soil candidate	PRJNA1433234	Brazil:Campanha		confirmed_lat_lon	not_selected_after_project_dedup:candidate	no	external_acidic_soil_project_reads	yes	yes	MIMARKS Survey related sample from soil metagenome; Atlantic Forest; coffee crop of coffea_arabica; soil; Brazil:Campanha; 21.91266494 S 45.46467244 W
SRR37514617	PRJNA1433234	SAMN56359846	South America	Amazon/tropical acidic soil candidate	Amazon/tropical soil	Brazil:Venda Nova do Imigrante	-20.34821364	-41.13386288		needs_metadata_or_OpenLandMap_confirmation	South America representative; Amazon/tropical acidic soil candidate	PRJNA1433234	Brazil:Venda Nova do Imigrante		confirmed_lat_lon	not_selected_after_project_dedup:candidate	no	external_acidic_soil_project_reads	yes	yes	MIMARKS Survey related sample from soil metagenome; Atlantic Forest; coffee crop of coffea_arabica; soil; Brazil:Venda Nova do Imigrante; 20.34821364 S 41.13386288 W
SRR37514618	PRJNA1433234	SAMN56359845	South America	Amazon/tropical acidic soil candidate	Amazon/tropical soil	Brazil:Venda Nova do Imigrante	-20.34821364	-41.13386288		needs_metadata_or_OpenLandMap_confirmation	South America representative; Amazon/tropical acidic soil candidate	PRJNA1433234	Brazil:Venda Nova do Imigrante		confirmed_lat_lon	not_selected_after_project_dedup:candidate	no	external_acidic_soil_project_reads	yes	yes	MIMARKS Survey related sample from soil metagenome; Atlantic Forest; coffee crop of coffea_arabica; soil; Brazil:Venda Nova do Imigrante; 20.34821364 S 41.13386288 W
SRR37514619	PRJNA1433234	SAMN56359844	South America	Amazon/tropical acidic soil candidate	Amazon/tropical soil	Brazil:Venda Nova do Imigrante	-20.34821364	-41.13386288		needs_metadata_or_OpenLandMap_confirmation	South America representative; Amazon/tropical acidic soil candidate	PRJNA1433234	Brazil:Venda Nova do Imigrante		confirmed_lat_lon	not_selected_after_project_dedup:candidate	no	external_acidic_soil_project_reads	yes	yes	MIMARKS Survey related sample from soil metagenome; Atlantic Forest; coffee crop of coffea_arabica; soil; Brazil:Venda Nova do Imigrante; 20.34821364 S 41.13386288 W
SRR37514620	PRJNA1433234	SAMN56359843	South America	Amazon/tropical acidic soil candidate	Amazon/tropical soil	Brazil:Afonso Claudio	-20.22828097	-41.2281483		needs_metadata_or_OpenLandMap_confirmation	South America representative; Amazon/tropical acidic soil candidate	PRJNA1433234	Brazil:Afonso Claudio		confirmed_lat_lon	not_selected_after_project_dedup:candidate	no	external_acidic_soil_project_reads	yes	yes	MIMARKS Survey related sample from soil metagenome; Atlantic Forest; coffee crop of coffea_arabica; soil; Brazil:Afonso Claudio; 20.22828097 S 41.22814830 W
SRR37514621	PRJNA1433234	SAMN56359842	South America	Amazon/tropical acidic soil candidate	Amazon/tropical soil	Brazil:Afonso Claudio	-20.22828097	-41.2281483		needs_metadata_or_OpenLandMap_confirmation	South America representative; Amazon/tropical acidic soil candidate	PRJNA1433234	Brazil:Afonso Claudio		confirmed_lat_lon	not_selected_after_project_dedup:candidate	no	external_acidic_soil_project_reads	yes	yes	MIMARKS Survey related sample from soil metagenome; Atlantic Forest; coffee crop of coffea_arabica; soil; Brazil:Afonso Claudio; 20.22828097 S 41.22814830 W
SRR37514622	PRJNA1433234	SAMN56359841	South America	Amazon/tropical acidic soil candidate	Amazon/tropical soil	Brazil:Afonso Claudio	-20.22828097	-41.2281483		needs_metadata_or_OpenLandMap_confirmation	South America representative; Amazon/tropical acidic soil candidate	PRJNA1433234	Brazil:Afonso Claudio		confirmed_lat_lon	not_selected_after_project_dedup:candidate	no	external_acidic_soil_project_reads	yes	yes	MIMARKS Survey related sample from soil metagenome; Atlantic Forest; coffee crop of coffea_arabica; soil; Brazil:Afonso Claudio; 20.22828097 S 41.22814830 W
SRR37514627	PRJNA1433234	SAMN56359837	South America	Amazon/tropical acidic soil candidate	Amazon/tropical soil	Brazil:Afonso Claudio	-20.06649605	-41.19431836		needs_metadata_or_OpenLandMap_confirmation	South America representative; Amazon/tropical acidic soil candidate	PRJNA1433234	Brazil:Afonso Claudio		confirmed_lat_lon	not_selected_after_project_dedup:candidate	no	external_acidic_soil_project_reads	yes	yes	MIMARKS Survey related sample from soil metagenome; Atlantic Forest; coffee crop of coffea_canephora; soil; Brazil:Afonso Claudio; 20.06649605 S 41.19431836 W
SRR37514628	PRJNA1433234	SAMN56359836	South America	Amazon/tropical acidic soil candidate	Amazon/tropical soil	Brazil:Afonso Claudio	-20.06649605	-41.19431836		needs_metadata_or_OpenLandMap_confirmation	South America representative; Amazon/tropical acidic soil candidate	PRJNA1433234	Brazil:Afonso Claudio		confirmed_lat_lon	not_selected_after_project_dedup:candidate	no	external_acidic_soil_project_reads	yes	yes	MIMARKS Survey related sample from soil metagenome; Atlantic Forest; coffee crop of coffea_canephora; soil; Brazil:Afonso Claudio; 20.06649605 S 41.19431836 W
SRR13757622	PRJNA703480	SAMN18021383	Africa	Acidic/Ferralsol/Acrisol soil candidate	Acidic/Ferralsol/Acrisol soil candidate	South Africa: Limpopo, Thohoyandou	-22.9791	30.4374	4.45	metadata_pH_available	Africa representative; Acidic/Ferralsol/Acrisol soil candidate	PRJNA703480	South Africa: Limpopo, Thohoyandou		confirmed_lat_lon	not_selected_after_project_dedup:candidate	no	external_acidic_soil_project_reads	yes	yes	MIMARKS Survey related sample from soil metagenome; not applicable; not applicable; Rhizopsheric soil; South Africa: Limpopo, Thohoyandou; 22.9791 S 30.4374 E; Pinedene (Helvic Acrisol)
SRR13757623	PRJNA703480	SAMN18021382	Africa	Acidic/Ferralsol/Acrisol soil candidate	Acidic/Ferralsol/Acrisol soil candidate	South Africa: Limpopo, Thohoyandou	-22.9791	30.4374	4.2	metadata_pH_available	Africa representative; Acidic/Ferralsol/Acrisol soil candidate	PRJNA703480	South Africa: Limpopo, Thohoyandou		confirmed_lat_lon	not_selected_after_project_dedup:candidate	no	external_acidic_soil_project_reads	yes	yes	MIMARKS Survey related sample from soil metagenome; not applicable; not applicable; Rhizopsheric soil; South Africa: Limpopo, Thohoyandou; 22.9791 S 30.4374 E; Pinedene (Helvic Acrisol)
SRR13757624	PRJNA703480	SAMN18021381	Africa	Acidic/Ferralsol/Acrisol soil candidate	Acidic/Ferralsol/Acrisol soil candidate	South Africa: Limpopo, Thohoyandou	-22.9791	30.4374	4.075	metadata_pH_available	Africa representative; Acidic/Ferralsol/Acrisol soil candidate	PRJNA703480	South Africa: Limpopo, Thohoyandou		confirmed_lat_lon	not_selected_after_project_dedup:candidate	no	external_acidic_soil_project_reads	yes	yes	MIMARKS Survey related sample from soil metagenome; not applicable; not applicable; Rhizopsheric soil; South Africa: Limpopo, Thohoyandou; 22.9791 S 30.4374 E; Pinedene (Helvic Acrisol)
SRR13757625	PRJNA703480	SAMN18021380	Africa	Acidic/Ferralsol/Acrisol soil candidate	Acidic/Ferralsol/Acrisol soil candidate	South Africa: Limpopo, Thohoyandou	-22.9791	30.4374	5.425	metadata_pH_available	Africa representative; Acidic/Ferralsol/Acrisol soil candidate	PRJNA703480	South Africa: Limpopo, Thohoyandou		confirmed_lat_lon	not_selected_after_project_dedup:candidate	no	external_acidic_soil_project_reads	yes	yes	MIMARKS Survey related sample from soil metagenome; not applicable; not applicable; Rhizopsheric soil; South Africa: Limpopo, Thohoyandou; 22.9791 S 30.4374 E; Pinedene (Helvic Acrisol)
SRR13757626	PRJNA703480	SAMN18021379	Africa	Acidic/Ferralsol/Acrisol soil candidate	Acidic/Ferralsol/Acrisol soil candidate	South Africa: Limpopo, Thohoyandou	-22.9791	30.4374	5.025	metadata_pH_available	Africa representative; Acidic/Ferralsol/Acrisol soil candidate	PRJNA703480	South Africa: Limpopo, Thohoyandou		confirmed_lat_lon	not_selected_after_project_dedup:candidate	no	external_acidic_soil_project_reads	yes	yes	MIMARKS Survey related sample from soil metagenome; not applicable; not applicable; Rhizopsheric soil; South Africa: Limpopo, Thohoyandou; 22.9791 S 30.4374 E; Pinedene (Helvic Acrisol)
SRR13757627	PRJNA703480	SAMN18021378	Africa	Acidic/Ferralsol/Acrisol soil candidate	Acidic/Ferralsol/Acrisol soil candidate	South Africa: Limpopo, Thohoyandou	-22.9791	30.4374	4.55	metadata_pH_available	Africa representative; Acidic/Ferralsol/Acrisol soil candidate	PRJNA703480	South Africa: Limpopo, Thohoyandou		confirmed_lat_lon	not_selected_after_project_dedup:candidate	no	external_acidic_soil_project_reads	yes	yes	MIMARKS Survey related sample from soil metagenome; not applicable; not applicable; Rhizopsheric soil; South Africa: Limpopo, Thohoyandou; 22.9791 S 30.4374 E; Pinedene (Helvic Acrisol)
SRR13757629	PRJNA703480	SAMN18021377	Africa	Acidic/Ferralsol/Acrisol soil candidate	Acidic/Ferralsol/Acrisol soil candidate	South Africa: Limpopo, Thohoyandou	-22.9791	30.4374	4.25	metadata_pH_available	Africa representative; Acidic/Ferralsol/Acrisol soil candidate	PRJNA703480	South Africa: Limpopo, Thohoyandou		confirmed_lat_lon	not_selected_after_project_dedup:candidate	no	external_acidic_soil_project_reads	yes	yes	MIMARKS Survey related sample from soil metagenome; not applicable; not applicable; Rhizopsheric soil; South Africa: Limpopo, Thohoyandou; 22.9791 S 30.4374 E; Pinedene (Helvic Acrisol)
SRR13757630	PRJNA703480	SAMN18021376	Africa	Acidic/Ferralsol/Acrisol soil candidate	Acidic/Ferralsol/Acrisol soil candidate	South Africa: Limpopo, Thohoyandou	-22.9791	30.4374	6.875	metadata_pH_available	Africa representative; Acidic/Ferralsol/Acrisol soil candidate	PRJNA703480	South Africa: Limpopo, Thohoyandou		confirmed_lat_lon	not_selected_after_project_dedup:candidate	no	external_acidic_soil_project_reads	yes	yes	MIMARKS Survey related sample from soil metagenome; not applicable; not applicable; Rhizopsheric soil; South Africa: Limpopo, Thohoyandou; 22.9791 S 30.4374 E; Griffin (Gleyic Acrisol)
SRR13757631	PRJNA703480	SAMN18021375	Africa	Acidic/Ferralsol/Acrisol soil candidate	Acidic/Ferralsol/Acrisol soil candidate	South Africa: Limpopo, Thohoyandou	-22.9791	30.4374	6.725	metadata_pH_available	Africa representative; Acidic/Ferralsol/Acrisol soil candidate	PRJNA703480	South Africa: Limpopo, Thohoyandou		confirmed_lat_lon	not_selected_after_project_dedup:candidate	no	external_acidic_soil_project_reads	yes	yes	MIMARKS Survey related sample from soil metagenome; not applicable; not applicable; Rhizopsheric soil; South Africa: Limpopo, Thohoyandou; 22.9791 S 30.4374 E; Griffin (Gleyic Acrisol)
SRR13757632	PRJNA703480	SAMN18021374	Africa	Acidic/Ferralsol/Acrisol soil candidate	Acidic/Ferralsol/Acrisol soil candidate	South Africa: Limpopo, Thohoyandou	-22.9791	30.4374	6.575	metadata_pH_available	Africa representative; Acidic/Ferralsol/Acrisol soil candidate	PRJNA703480	South Africa: Limpopo, Thohoyandou		confirmed_lat_lon	not_selected_after_project_dedup:candidate	no	external_acidic_soil_project_reads	yes	yes	MIMARKS Survey related sample from soil metagenome; not applicable; not applicable; Rhizopsheric soil; South Africa: Limpopo, Thohoyandou; 22.9791 S 30.4374 E; Griffin (Gleyic Acrisol)
SRR13757633	PRJNA703480	SAMN18021373	Africa	Acidic/Ferralsol/Acrisol soil candidate	Acidic/Ferralsol/Acrisol soil candidate	South Africa: Limpopo, Thohoyandou	-22.9791	30.4374	7.2	metadata_pH_available	Africa representative; Acidic/Ferralsol/Acrisol soil candidate	PRJNA703480	South Africa: Limpopo, Thohoyandou		confirmed_lat_lon	not_selected_after_project_dedup:candidate	no	external_acidic_soil_project_reads	yes	yes	MIMARKS Survey related sample from soil metagenome; not applicable; not applicable; Rhizopsheric soil; South Africa: Limpopo, Thohoyandou; 22.9791 S 30.4374 E; Griffin (Gleyic Acrisol)
SRR13757634	PRJNA703480	SAMN18021372	Africa	Acidic/Ferralsol/Acrisol soil candidate	Acidic/Ferralsol/Acrisol soil candidate	South Africa: Limpopo, Thohoyandou	-22.9791	30.4374	7.1	metadata_pH_available	Africa representative; Acidic/Ferralsol/Acrisol soil candidate	PRJNA703480	South Africa: Limpopo, Thohoyandou		confirmed_lat_lon	not_selected_after_project_dedup:candidate	no	external_acidic_soil_project_reads	yes	yes	MIMARKS Survey related sample from soil metagenome; not applicable; not applicable; Rhizopsheric soil; South Africa: Limpopo, Thohoyandou; 22.9791 S 30.4374 E; Griffin (Gleyic Acrisol)
SRR13757635	PRJNA703480	SAMN18021371	Africa	Acidic/Ferralsol/Acrisol soil candidate	Acidic/Ferralsol/Acrisol soil candidate	South Africa: Limpopo, Thohoyandou	-22.9791	30.4374	6.775	metadata_pH_available	Africa representative; Acidic/Ferralsol/Acrisol soil candidate	PRJNA703480	South Africa: Limpopo, Thohoyandou		confirmed_lat_lon	not_selected_after_project_dedup:candidate	no	external_acidic_soil_project_reads	yes	yes	MIMARKS Survey related sample from soil metagenome; not applicable; not applicable; Rhizopsheric soil; South Africa: Limpopo, Thohoyandou; 22.9791 S 30.4374 E; Griffin (Gleyic Acrisol)
SRR13757636	PRJNA703480	SAMN18021370	Africa	Acidic/Ferralsol/Acrisol soil candidate	Acidic/Ferralsol/Acrisol soil candidate	South Africa: Limpopo, Thohoyandou	-22.9791	30.4374	6.5	metadata_pH_available	Africa representative; Acidic/Ferralsol/Acrisol soil candidate	PRJNA703480	South Africa: Limpopo, Thohoyandou		confirmed_lat_lon	not_selected_after_project_dedup:candidate	no	external_acidic_soil_project_reads	yes	yes	MIMARKS Survey related sample from soil metagenome; not applicable; not applicable; Rhizopsheric soil; South Africa: Limpopo, Thohoyandou; 22.9791 S 30.4374 E; Griffin (Gleyic Acrisol)
SRR13757637	PRJNA703480	SAMN18021369	Africa	Acidic/Ferralsol/Acrisol soil candidate	Acidic/Ferralsol/Acrisol soil candidate	South Africa: Limpopo, Thohoyandou	-22.9791	30.4374	6	metadata_pH_available	Africa representative; Acidic/Ferralsol/Acrisol soil candidate	PRJNA703480	South Africa: Limpopo, Thohoyandou		confirmed_lat_lon	not_selected_after_project_dedup:candidate	no	external_acidic_soil_project_reads	yes	yes	MIMARKS Survey related sample from soil metagenome; not applicable; not applicable; Rhizopsheric soil; South Africa: Limpopo, Thohoyandou; 22.9791 S 30.4374 E; Griffin (Gleyic Acrisol)
SRR9595445	PRJNA517390	SAMN10833218	Africa	Acidic/Ferralsol/Acrisol soil candidate	Acidic/Ferralsol/Acrisol soil candidate	South Africa: Ukulinga	-29.67	30.4	4.86	metadata_pH_available	Africa representative; Acidic/Ferralsol/Acrisol soil candidate	PRJNA517390	South Africa: Ukulinga		confirmed_lat_lon	not_selected_after_project_dedup:candidate	no	external_acidic_soil_project_reads	yes	yes	old trial Ukulinga low nitrogen addition plot 2; grassland biome; subtropical grassland; soil; South Africa: Ukulinga; 29.67 S 30.4 E; Acrisol
SRR9595446	PRJNA517390	SAMN10833219	Africa	Acidic/Ferralsol/Acrisol soil candidate	Acidic/Ferralsol/Acrisol soil candidate	South Africa: Ukulinga	-29.67	30.4	4.76	metadata_pH_available	Africa representative; Acidic/Ferralsol/Acrisol soil candidate	PRJNA517390	South Africa: Ukulinga		confirmed_lat_lon	not_selected_after_project_dedup:candidate	no	external_acidic_soil_project_reads	yes	yes	old trial Ukulinga low nitrogen addition plot 3; grassland biome; subtropical grassland; soil; South Africa: Ukulinga; 29.67 S 30.4 E; Acrisol
SRR9595447	PRJNA517390	SAMN10833220	Africa	Acidic/Ferralsol/Acrisol soil candidate	Acidic/Ferralsol/Acrisol soil candidate	South Africa: Ukulinga	-29.67	30.4	5.09	metadata_pH_available	Africa representative; Acidic/Ferralsol/Acrisol soil candidate	PRJNA517390	South Africa: Ukulinga		confirmed_lat_lon	not_selected_after_project_dedup:candidate	no	external_acidic_soil_project_reads	yes	yes	old trial Ukulinga medium nitrogen addition plot 1; grassland biome; subtropical grassland; soil; South Africa: Ukulinga; 29.67 S 30.4 E; Acrisol
SRR9595448	PRJNA517390	SAMN10833221	Africa	Acidic/Ferralsol/Acrisol soil candidate	Acidic/Ferralsol/Acrisol soil candidate	South Africa: Ukulinga	-29.67	30.4	4.43	metadata_pH_available	Africa representative; Acidic/Ferralsol/Acrisol soil candidate	PRJNA517390	South Africa: Ukulinga		confirmed_lat_lon	not_selected_after_project_dedup:candidate	no	external_acidic_soil_project_reads	yes	yes	old trial Ukulinga medium nitrogen addition plot 2; grassland biome; subtropical grassland; soil; South Africa: Ukulinga; 29.67 S 30.4 E; Acrisol
SRR9595449	PRJNA517390	SAMN10833214	Africa	Acidic/Ferralsol/Acrisol soil candidate	Acidic/Ferralsol/Acrisol soil candidate	South Africa: Ukulinga	-29.67	30.4	5.82	metadata_pH_available	Africa representative; Acidic/Ferralsol/Acrisol soil candidate	PRJNA517390	South Africa: Ukulinga		confirmed_lat_lon	not_selected_after_project_dedup:candidate	no	external_acidic_soil_project_reads	yes	yes	old trial Ukulinga control plot 1; grassland biome; subtropical grassland; soil; South Africa: Ukulinga; 29.67 S 30.4 E; Acrisol
SRR9595450	PRJNA517390	SAMN10833215	Africa	Acidic/Ferralsol/Acrisol soil candidate	Acidic/Ferralsol/Acrisol soil candidate	South Africa: Ukulinga	-29.67	30.4	5.26	metadata_pH_available	Africa representative; Acidic/Ferralsol/Acrisol soil candidate	PRJNA517390	South Africa: Ukulinga		confirmed_lat_lon	not_selected_after_project_dedup:candidate	no	external_acidic_soil_project_reads	yes	yes	old trial Ukulinga control plot 2; grassland biome; subtropical grassland; soil; South Africa: Ukulinga; 29.67 S 30.4 E; Acrisol
SRR9595451	PRJNA517390	SAMN10833216	Africa	Acidic/Ferralsol/Acrisol soil candidate	Acidic/Ferralsol/Acrisol soil candidate	South Africa: Ukulinga	-29.67	30.4	5.22	metadata_pH_available	Africa representative; Acidic/Ferralsol/Acrisol soil candidate	PRJNA517390	South Africa: Ukulinga		confirmed_lat_lon	not_selected_after_project_dedup:candidate	no	external_acidic_soil_project_reads	yes	yes	old trial Ukulinga control plot 3; grassland biome; subtropical grassland; soil; South Africa: Ukulinga; 29.67 S 30.4 E; Acrisol
SRR9595452	PRJNA517390	SAMN10833217	Africa	Acidic/Ferralsol/Acrisol soil candidate	Acidic/Ferralsol/Acrisol soil candidate	South Africa: Ukulinga	-29.67	30.4	5.19	metadata_pH_available	Africa representative; Acidic/Ferralsol/Acrisol soil candidate	PRJNA517390	South Africa: Ukulinga		confirmed_lat_lon	not_selected_after_project_dedup:candidate	no	external_acidic_soil_project_reads	yes	yes	old trial Ukulinga low nitrogen addition plot 1; grassland biome; subtropical grassland; soil; South Africa: Ukulinga; 29.67 S 30.4 E; Acrisol
SRR9595456	PRJNA517390	SAMN10833222	Africa	Acidic/Ferralsol/Acrisol soil candidate	Acidic/Ferralsol/Acrisol soil candidate	South Africa: Ukulinga	-29.67	30.4	4.44	metadata_pH_available	Africa representative; Acidic/Ferralsol/Acrisol soil candidate	PRJNA517390	South Africa: Ukulinga		confirmed_lat_lon	not_selected_after_project_dedup:candidate	no	external_acidic_soil_project_reads	yes	yes	old trial Ukulinga medium nitrogen addition plot 3; grassland biome; subtropical grassland; soil; South Africa: Ukulinga; 29.67 S 30.4 E; Acrisol
SRR9595453	PRJNA517390	SAMN10833223	Africa	Acidic/Ferralsol/Acrisol soil candidate	Acidic/Ferralsol/Acrisol soil candidate	South Africa: Ukulinga	-29.67	30.4	4.14	metadata_pH_available	Africa representative; Acidic/Ferralsol/Acrisol soil candidate	PRJNA517390	South Africa: Ukulinga		confirmed_lat_lon	not_selected_after_project_dedup:candidate	no	external_acidic_soil_project_reads	yes	yes	old trial Ukulinga high nitrogen addition plot 1; grassland biome; subtropical grassland; soil; South Africa: Ukulinga; 29.67 S 30.4 E; Acrisol
SRR9595454	PRJNA517390	SAMN10833235	Africa	Acidic/Ferralsol/Acrisol soil candidate	Acidic/Ferralsol/Acrisol soil candidate	South Africa: Ukulinga	-29.67	30.4	4.44	metadata_pH_available	Africa representative; Acidic/Ferralsol/Acrisol soil candidate	PRJNA517390	South Africa: Ukulinga		confirmed_lat_lon	not_selected_after_project_dedup:candidate	no	external_acidic_soil_project_reads	yes	yes	old trial Ukulinga high nitrogen addition and phosphate addition plot 1; grassland biome; subtropical grassland; soil; South Africa: Ukulinga; 29.67 S 30.4 E; Acrisol
SRR9595455	PRJNA517390	SAMN10833234	Africa	Acidic/Ferralsol/Acrisol soil candidate	Acidic/Ferralsol/Acrisol soil candidate	South Africa: Ukulinga	-29.67	30.4	4.98	metadata_pH_available	Africa representative; Acidic/Ferralsol/Acrisol soil candidate	PRJNA517390	South Africa: Ukulinga		confirmed_lat_lon	not_selected_after_project_dedup:candidate	no	external_acidic_soil_project_reads	yes	yes	old trial Ukulinga medium nitrogen addition and phosphate addition plot 3; grassland biome; subtropical grassland; soil; South Africa: Ukulinga; 29.67 S 30.4 E; Acrisol
SRR9595457	PRJNA517390	SAMN10833237	Africa	Acidic/Ferralsol/Acrisol soil candidate	Acidic/Ferralsol/Acrisol soil candidate	South Africa: Ukulinga	-29.67	30.4	4.07	metadata_pH_available	Africa representative; Acidic/Ferralsol/Acrisol soil candidate	PRJNA517390	South Africa: Ukulinga		confirmed_lat_lon	not_selected_after_project_dedup:candidate	no	external_acidic_soil_project_reads	yes	yes	old trial Ukulinga high nitrogen addition and phosphate addition plot 3; grassland biome; subtropical grassland; soil; South Africa: Ukulinga; 29.67 S 30.4 E; Acrisol
SRR9595458	PRJNA517390	SAMN10833236	Africa	Acidic/Ferralsol/Acrisol soil candidate	Acidic/Ferralsol/Acrisol soil candidate	South Africa: Ukulinga	-29.67	30.4	4.48	metadata_pH_available	Africa representative; Acidic/Ferralsol/Acrisol soil candidate	PRJNA517390	South Africa: Ukulinga		confirmed_lat_lon	not_selected_after_project_dedup:candidate	no	external_acidic_soil_project_reads	yes	yes	old trial Ukulinga high nitrogen addition and phosphate addition plot 2; grassland biome; subtropical grassland; soil; South Africa: Ukulinga; 29.67 S 30.4 E; Acrisol
SRR9595459	PRJNA517390	SAMN10833224	Africa	Acidic/Ferralsol/Acrisol soil candidate	Acidic/Ferralsol/Acrisol soil candidate	South Africa: Ukulinga	-29.67	30.4	4.33	metadata_pH_available	Africa representative; Acidic/Ferralsol/Acrisol soil candidate	PRJNA517390	South Africa: Ukulinga		confirmed_lat_lon	not_selected_after_project_dedup:candidate	no	external_acidic_soil_project_reads	yes	yes	old trial Ukulinga high nitrogen addition plot 2; grassland biome; subtropical grassland; soil; South Africa: Ukulinga; 29.67 S 30.4 E; Acrisol
SRR9595460	PRJNA517390	SAMN10833225	Africa	Acidic/Ferralsol/Acrisol soil candidate	Acidic/Ferralsol/Acrisol soil candidate	South Africa: Ukulinga	-29.67	30.4	3.8	metadata_pH_available	Africa representative; Acidic/Ferralsol/Acrisol soil candidate	PRJNA517390	South Africa: Ukulinga		confirmed_lat_lon	not_selected_after_project_dedup:candidate	no	external_acidic_soil_project_reads	yes	yes	old trial Ukulinga high nitrogen addition plot 3; grassland biome; subtropical grassland; soil; South Africa: Ukulinga; 29.67 S 30.4 E; Acrisol
SRR9595464	PRJNA517390	SAMN10833226	Africa	Acidic/Ferralsol/Acrisol soil candidate	Acidic/Ferralsol/Acrisol soil candidate	South Africa: Ukulinga	-29.67	30.4	5.1	metadata_pH_available	Africa representative; Acidic/Ferralsol/Acrisol soil candidate	PRJNA517390	South Africa: Ukulinga		confirmed_lat_lon	not_selected_after_project_dedup:candidate	no	external_acidic_soil_project_reads	yes	yes	old trial Ukulinga phosphate addition plot 1; grassland biome; subtropical grassland; soil; South Africa: Ukulinga; 29.67 S 30.4 E; Acrisol
SRR9595461	PRJNA517390	SAMN10833227	Africa	Acidic/Ferralsol/Acrisol soil candidate	Acidic/Ferralsol/Acrisol soil candidate	South Africa: Ukulinga	-29.67	30.4	4.86	metadata_pH_available	Africa representative; Acidic/Ferralsol/Acrisol soil candidate	PRJNA517390	South Africa: Ukulinga		confirmed_lat_lon	not_selected_after_project_dedup:candidate	no	external_acidic_soil_project_reads	yes	yes	old trial Ukulinga phosphate addition plot 2; grassland biome; subtropical grassland; soil; South Africa: Ukulinga; 29.67 S 30.4 E; Acrisol
SRR9595462	PRJNA517390	SAMN10833228	Africa	Acidic/Ferralsol/Acrisol soil candidate	Acidic/Ferralsol/Acrisol soil candidate	South Africa: Ukulinga	-29.67	30.4	5.2	metadata_pH_available	Africa representative; Acidic/Ferralsol/Acrisol soil candidate	PRJNA517390	South Africa: Ukulinga		confirmed_lat_lon	not_selected_after_project_dedup:candidate	no	external_acidic_soil_project_reads	yes	yes	old trial Ukulinga phosphate addition plot 3; grassland biome; subtropical grassland; soil; South Africa: Ukulinga; 29.67 S 30.4 E; Acrisol
SRR9595463	PRJNA517390	SAMN10833229	Africa	Acidic/Ferralsol/Acrisol soil candidate	Acidic/Ferralsol/Acrisol soil candidate	South Africa: Ukulinga	-29.67	30.4	5.06	metadata_pH_available	Africa representative; Acidic/Ferralsol/Acrisol soil candidate	PRJNA517390	South Africa: Ukulinga		confirmed_lat_lon	not_selected_after_project_dedup:candidate	no	external_acidic_soil_project_reads	yes	yes	old trial Ukulinga low nitrogen addition and phosphate addition plot 1; grassland biome; subtropical grassland; soil; South Africa: Ukulinga; 29.67 S 30.4 E; Acrisol
SRR9595465	PRJNA517390	SAMN10833230	Africa	Acidic/Ferralsol/Acrisol soil candidate	Acidic/Ferralsol/Acrisol soil candidate	South Africa: Ukulinga	-29.67	30.4	5.24	metadata_pH_available	Africa representative; Acidic/Ferralsol/Acrisol soil candidate	PRJNA517390	South Africa: Ukulinga		confirmed_lat_lon	not_selected_after_project_dedup:candidate	no	external_acidic_soil_project_reads	yes	yes	old trial Ukulinga low nitrogen addition and phosphate addition plot 2; grassland biome; subtropical grassland; soil; South Africa: Ukulinga; 29.67 S 30.4 E; Acrisol
SRR9595466	PRJNA517390	SAMN10833231	Africa	Acidic/Ferralsol/Acrisol soil candidate	Acidic/Ferralsol/Acrisol soil candidate	South Africa: Ukulinga	-29.67	30.4	5.14	metadata_pH_available	Africa representative; Acidic/Ferralsol/Acrisol soil candidate	PRJNA517390	South Africa: Ukulinga		confirmed_lat_lon	not_selected_after_project_dedup:candidate	no	external_acidic_soil_project_reads	yes	yes	old trial Ukulinga low nitrogen addition and phosphate addition plot 3; grassland biome; subtropical grassland; soil; South Africa: Ukulinga; 29.67 S 30.4 E; Acrisol
SRR9595467	PRJNA517390	SAMN10833232	Africa	Acidic/Ferralsol/Acrisol soil candidate	Acidic/Ferralsol/Acrisol soil candidate	South Africa: Ukulinga	-29.67	30.4	4.83	metadata_pH_available	Africa representative; Acidic/Ferralsol/Acrisol soil candidate	PRJNA517390	South Africa: Ukulinga		confirmed_lat_lon	not_selected_after_project_dedup:candidate	no	external_acidic_soil_project_reads	yes	yes	old trial Ukulinga medium nitrogen addition and phosphate addition plot 1; grassland biome; subtropical grassland; soil; South Africa: Ukulinga; 29.67 S 30.4 E; Acrisol
SRR9595468	PRJNA517390	SAMN10833233	Africa	Acidic/Ferralsol/Acrisol soil candidate	Acidic/Ferralsol/Acrisol soil candidate	South Africa: Ukulinga	-29.67	30.4	4.7	metadata_pH_available	Africa representative; Acidic/Ferralsol/Acrisol soil candidate	PRJNA517390	South Africa: Ukulinga		confirmed_lat_lon	not_selected_after_project_dedup:candidate	no	external_acidic_soil_project_reads	yes	yes	old trial Ukulinga medium nitrogen addition and phosphate addition plot 2; grassland biome; subtropical grassland; soil; South Africa: Ukulinga; 29.67 S 30.4 E; Acrisol
SRR8495836	PRJNA517390	SAMN10833218	Africa	Acidic/Ferralsol/Acrisol soil candidate	Acidic/Ferralsol/Acrisol soil candidate	South Africa: Ukulinga	-29.67	30.4	4.86	metadata_pH_available	Africa representative; Acidic/Ferralsol/Acrisol soil candidate	PRJNA517390	South Africa: Ukulinga		confirmed_lat_lon	not_selected_after_project_dedup:candidate	no	external_acidic_soil_project_reads	yes	yes	old trial Ukulinga low nitrogen addition plot 2; grassland biome; subtropical grassland; soil; South Africa: Ukulinga; 29.67 S 30.4 E; Acrisol
SRR8495837	PRJNA517390	SAMN10833232	Africa	Acidic/Ferralsol/Acrisol soil candidate	Acidic/Ferralsol/Acrisol soil candidate	South Africa: Ukulinga	-29.67	30.4	4.83	metadata_pH_available	Africa representative; Acidic/Ferralsol/Acrisol soil candidate	PRJNA517390	South Africa: Ukulinga		confirmed_lat_lon	not_selected_after_project_dedup:candidate	no	external_acidic_soil_project_reads	yes	yes	old trial Ukulinga medium nitrogen addition and phosphate addition plot 1; grassland biome; subtropical grassland; soil; South Africa: Ukulinga; 29.67 S 30.4 E; Acrisol
SRR8495840	PRJNA517390	SAMN10833233	Africa	Acidic/Ferralsol/Acrisol soil candidate	Acidic/Ferralsol/Acrisol soil candidate	South Africa: Ukulinga	-29.67	30.4	4.7	metadata_pH_available	Africa representative; Acidic/Ferralsol/Acrisol soil candidate	PRJNA517390	South Africa: Ukulinga		confirmed_lat_lon	not_selected_after_project_dedup:candidate	no	external_acidic_soil_project_reads	yes	yes	old trial Ukulinga medium nitrogen addition and phosphate addition plot 2; grassland biome; subtropical grassland; soil; South Africa: Ukulinga; 29.67 S 30.4 E; Acrisol
SRR8495839	PRJNA517390	SAMN10833219	Africa	Acidic/Ferralsol/Acrisol soil candidate	Acidic/Ferralsol/Acrisol soil candidate	South Africa: Ukulinga	-29.67	30.4	4.76	metadata_pH_available	Africa representative; Acidic/Ferralsol/Acrisol soil candidate	PRJNA517390	South Africa: Ukulinga		confirmed_lat_lon	not_selected_after_project_dedup:candidate	no	external_acidic_soil_project_reads	yes	yes	old trial Ukulinga low nitrogen addition plot 3; grassland biome; subtropical grassland; soil; South Africa: Ukulinga; 29.67 S 30.4 E; Acrisol
SRR8495841	PRJNA517390	SAMN10833220	Africa	Acidic/Ferralsol/Acrisol soil candidate	Acidic/Ferralsol/Acrisol soil candidate	South Africa: Ukulinga	-29.67	30.4	5.09	metadata_pH_available	Africa representative; Acidic/Ferralsol/Acrisol soil candidate	PRJNA517390	South Africa: Ukulinga		confirmed_lat_lon	not_selected_after_project_dedup:candidate	no	external_acidic_soil_project_reads	yes	yes	old trial Ukulinga medium nitrogen addition plot 1; grassland biome; subtropical grassland; soil; South Africa: Ukulinga; 29.67 S 30.4 E; Acrisol
SRR8495842	PRJNA517390	SAMN10833221	Africa	Acidic/Ferralsol/Acrisol soil candidate	Acidic/Ferralsol/Acrisol soil candidate	South Africa: Ukulinga	-29.67	30.4	4.43	metadata_pH_available	Africa representative; Acidic/Ferralsol/Acrisol soil candidate	PRJNA517390	South Africa: Ukulinga		confirmed_lat_lon	not_selected_after_project_dedup:candidate	no	external_acidic_soil_project_reads	yes	yes	old trial Ukulinga medium nitrogen addition plot 2; grassland biome; subtropical grassland; soil; South Africa: Ukulinga; 29.67 S 30.4 E; Acrisol
SRR8495845	PRJNA517390	SAMN10833216	Africa	Acidic/Ferralsol/Acrisol soil candidate	Acidic/Ferralsol/Acrisol soil candidate	South Africa: Ukulinga	-29.67	30.4	5.22	metadata_pH_available	Africa representative; Acidic/Ferralsol/Acrisol soil candidate	PRJNA517390	South Africa: Ukulinga		confirmed_lat_lon	not_selected_after_project_dedup:candidate	no	external_acidic_soil_project_reads	yes	yes	old trial Ukulinga control plot 3; grassland biome; subtropical grassland; soil; South Africa: Ukulinga; 29.67 S 30.4 E; Acrisol
SRR8495846	PRJNA517390	SAMN10833217	Africa	Acidic/Ferralsol/Acrisol soil candidate	Acidic/Ferralsol/Acrisol soil candidate	South Africa: Ukulinga	-29.67	30.4	5.19	metadata_pH_available	Africa representative; Acidic/Ferralsol/Acrisol soil candidate	PRJNA517390	South Africa: Ukulinga		confirmed_lat_lon	not_selected_after_project_dedup:candidate	no	external_acidic_soil_project_reads	yes	yes	old trial Ukulinga low nitrogen addition plot 1; grassland biome; subtropical grassland; soil; South Africa: Ukulinga; 29.67 S 30.4 E; Acrisol
SRR8495847	PRJNA517390	SAMN10833222	Africa	Acidic/Ferralsol/Acrisol soil candidate	Acidic/Ferralsol/Acrisol soil candidate	South Africa: Ukulinga	-29.67	30.4	4.44	metadata_pH_available	Africa representative; Acidic/Ferralsol/Acrisol soil candidate	PRJNA517390	South Africa: Ukulinga		confirmed_lat_lon	not_selected_after_project_dedup:candidate	no	external_acidic_soil_project_reads	yes	yes	old trial Ukulinga medium nitrogen addition plot 3; grassland biome; subtropical grassland; soil; South Africa: Ukulinga; 29.67 S 30.4 E; Acrisol
SRR8495851	PRJNA517390	SAMN10833223	Africa	Acidic/Ferralsol/Acrisol soil candidate	Acidic/Ferralsol/Acrisol soil candidate	South Africa: Ukulinga	-29.67	30.4	4.14	metadata_pH_available	Africa representative; Acidic/Ferralsol/Acrisol soil candidate	PRJNA517390	South Africa: Ukulinga		confirmed_lat_lon	not_selected_after_project_dedup:candidate	no	external_acidic_soil_project_reads	yes	yes	old trial Ukulinga high nitrogen addition plot 1; grassland biome; subtropical grassland; soil; South Africa: Ukulinga; 29.67 S 30.4 E; Acrisol
SRR8495848	PRJNA517390	SAMN10833235	Africa	Acidic/Ferralsol/Acrisol soil candidate	Acidic/Ferralsol/Acrisol soil candidate	South Africa: Ukulinga	-29.67	30.4	4.44	metadata_pH_available	Africa representative; Acidic/Ferralsol/Acrisol soil candidate	PRJNA517390	South Africa: Ukulinga		confirmed_lat_lon	not_selected_after_project_dedup:candidate	no	external_acidic_soil_project_reads	yes	yes	old trial Ukulinga high nitrogen addition and phosphate addition plot 1; grassland biome; subtropical grassland; soil; South Africa: Ukulinga; 29.67 S 30.4 E; Acrisol
SRR8495849	PRJNA517390	SAMN10833234	Africa	Acidic/Ferralsol/Acrisol soil candidate	Acidic/Ferralsol/Acrisol soil candidate	South Africa: Ukulinga	-29.67	30.4	4.98	metadata_pH_available	Africa representative; Acidic/Ferralsol/Acrisol soil candidate	PRJNA517390	South Africa: Ukulinga		confirmed_lat_lon	not_selected_after_project_dedup:candidate	no	external_acidic_soil_project_reads	yes	yes	old trial Ukulinga medium nitrogen addition and phosphate addition plot 3; grassland biome; subtropical grassland; soil; South Africa: Ukulinga; 29.67 S 30.4 E; Acrisol
SRR8495850	PRJNA517390	SAMN10833237	Africa	Acidic/Ferralsol/Acrisol soil candidate	Acidic/Ferralsol/Acrisol soil candidate	South Africa: Ukulinga	-29.67	30.4	4.07	metadata_pH_available	Africa representative; Acidic/Ferralsol/Acrisol soil candidate	PRJNA517390	South Africa: Ukulinga		confirmed_lat_lon	not_selected_after_project_dedup:candidate	no	external_acidic_soil_project_reads	yes	yes	old trial Ukulinga high nitrogen addition and phosphate addition plot 3; grassland biome; subtropical grassland; soil; South Africa: Ukulinga; 29.67 S 30.4 E; Acrisol
SRR8495852	PRJNA517390	SAMN10833236	Africa	Acidic/Ferralsol/Acrisol soil candidate	Acidic/Ferralsol/Acrisol soil candidate	South Africa: Ukulinga	-29.67	30.4	4.48	metadata_pH_available	Africa representative; Acidic/Ferralsol/Acrisol soil candidate	PRJNA517390	South Africa: Ukulinga		confirmed_lat_lon	not_selected_after_project_dedup:candidate	no	external_acidic_soil_project_reads	yes	yes	old trial Ukulinga high nitrogen addition and phosphate addition plot 2; grassland biome; subtropical grassland; soil; South Africa: Ukulinga; 29.67 S 30.4 E; Acrisol
SRR8495838	PRJNA517390	SAMN10833224	Africa	Acidic/Ferralsol/Acrisol soil candidate	Acidic/Ferralsol/Acrisol soil candidate	South Africa: Ukulinga	-29.67	30.4	4.33	metadata_pH_available	Africa representative; Acidic/Ferralsol/Acrisol soil candidate	PRJNA517390	South Africa: Ukulinga		confirmed_lat_lon	not_selected_after_project_dedup:candidate	no	external_acidic_soil_project_reads	yes	yes	old trial Ukulinga high nitrogen addition plot 2; grassland biome; subtropical grassland; soil; South Africa: Ukulinga; 29.67 S 30.4 E; Acrisol
SRR8495853	PRJNA517390	SAMN10833225	Africa	Acidic/Ferralsol/Acrisol soil candidate	Acidic/Ferralsol/Acrisol soil candidate	South Africa: Ukulinga	-29.67	30.4	3.8	metadata_pH_available	Africa representative; Acidic/Ferralsol/Acrisol soil candidate	PRJNA517390	South Africa: Ukulinga		confirmed_lat_lon	not_selected_after_project_dedup:candidate	no	external_acidic_soil_project_reads	yes	yes	old trial Ukulinga high nitrogen addition plot 3; grassland biome; subtropical grassland; soil; South Africa: Ukulinga; 29.67 S 30.4 E; Acrisol
SRR8495854	PRJNA517390	SAMN10833226	Africa	Acidic/Ferralsol/Acrisol soil candidate	Acidic/Ferralsol/Acrisol soil candidate	South Africa: Ukulinga	-29.67	30.4	5.1	metadata_pH_available	Africa representative; Acidic/Ferralsol/Acrisol soil candidate	PRJNA517390	South Africa: Ukulinga		confirmed_lat_lon	not_selected_after_project_dedup:candidate	no	external_acidic_soil_project_reads	yes	yes	old trial Ukulinga phosphate addition plot 1; grassland biome; subtropical grassland; soil; South Africa: Ukulinga; 29.67 S 30.4 E; Acrisol
SRR8495858	PRJNA517390	SAMN10833227	Africa	Acidic/Ferralsol/Acrisol soil candidate	Acidic/Ferralsol/Acrisol soil candidate	South Africa: Ukulinga	-29.67	30.4	4.86	metadata_pH_available	Africa representative; Acidic/Ferralsol/Acrisol soil candidate	PRJNA517390	South Africa: Ukulinga		confirmed_lat_lon	not_selected_after_project_dedup:candidate	no	external_acidic_soil_project_reads	yes	yes	old trial Ukulinga phosphate addition plot 2; grassland biome; subtropical grassland; soil; South Africa: Ukulinga; 29.67 S 30.4 E; Acrisol
SRR8495855	PRJNA517390	SAMN10833228	Africa	Acidic/Ferralsol/Acrisol soil candidate	Acidic/Ferralsol/Acrisol soil candidate	South Africa: Ukulinga	-29.67	30.4	5.2	metadata_pH_available	Africa representative; Acidic/Ferralsol/Acrisol soil candidate	PRJNA517390	South Africa: Ukulinga		confirmed_lat_lon	not_selected_after_project_dedup:candidate	no	external_acidic_soil_project_reads	yes	yes	old trial Ukulinga phosphate addition plot 3; grassland biome; subtropical grassland; soil; South Africa: Ukulinga; 29.67 S 30.4 E; Acrisol
SRR8495856	PRJNA517390	SAMN10833229	Africa	Acidic/Ferralsol/Acrisol soil candidate	Acidic/Ferralsol/Acrisol soil candidate	South Africa: Ukulinga	-29.67	30.4	5.06	metadata_pH_available	Africa representative; Acidic/Ferralsol/Acrisol soil candidate	PRJNA517390	South Africa: Ukulinga		confirmed_lat_lon	not_selected_after_project_dedup:candidate	no	external_acidic_soil_project_reads	yes	yes	old trial Ukulinga low nitrogen addition and phosphate addition plot 1; grassland biome; subtropical grassland; soil; South Africa: Ukulinga; 29.67 S 30.4 E; Acrisol
SRR8495857	PRJNA517390	SAMN10833230	Africa	Acidic/Ferralsol/Acrisol soil candidate	Acidic/Ferralsol/Acrisol soil candidate	South Africa: Ukulinga	-29.67	30.4	5.24	metadata_pH_available	Africa representative; Acidic/Ferralsol/Acrisol soil candidate	PRJNA517390	South Africa: Ukulinga		confirmed_lat_lon	not_selected_after_project_dedup:candidate	no	external_acidic_soil_project_reads	yes	yes	old trial Ukulinga low nitrogen addition and phosphate addition plot 2; grassland biome; subtropical grassland; soil; South Africa: Ukulinga; 29.67 S 30.4 E; Acrisol
SRR8495859	PRJNA517390	SAMN10833231	Africa	Acidic/Ferralsol/Acrisol soil candidate	Acidic/Ferralsol/Acrisol soil candidate	South Africa: Ukulinga	-29.67	30.4	5.14	metadata_pH_available	Africa representative; Acidic/Ferralsol/Acrisol soil candidate	PRJNA517390	South Africa: Ukulinga		confirmed_lat_lon	not_selected_after_project_dedup:candidate	no	external_acidic_soil_project_reads	yes	yes	old trial Ukulinga low nitrogen addition and phosphate addition plot 3; grassland biome; subtropical grassland; soil; South Africa: Ukulinga; 29.67 S 30.4 E; Acrisol
SRR26074164	PRJNA1016489	SAMN37388008	Oceania	Acid sulfate soil	Acid sulfate soil	Australia: Adelaide	-34.806	138.54165		needs_metadata_or_OpenLandMap_confirmation	Oceania representative; Acid sulfate soil	PRJNA1016489	Australia: Adelaide		confirmed_lat_lon	not_selected_after_project_dedup:candidate	no	external_acidic_soil_project_reads	yes	yes	Metagenome or environmental sample from soil metagenome; missing; Australia: Adelaide; 34.806 S 138.54165 E
SRR26074165	PRJNA1016489	SAMN37388007	Oceania	Acid sulfate soil	Acid sulfate soil	Australia: Adelaide	-34.806	138.54165		needs_metadata_or_OpenLandMap_confirmation	Oceania representative; Acid sulfate soil	PRJNA1016489	Australia: Adelaide		confirmed_lat_lon	not_selected_after_project_dedup:candidate	no	external_acidic_soil_project_reads	yes	yes	Metagenome or environmental sample from soil metagenome; missing; Australia: Adelaide; 34.806 S 138.54165 E
SRR26074166	PRJNA1016489	SAMN37388006	Oceania	Acid sulfate soil	Acid sulfate soil	Australia: Adelaide	-34.806	138.54165		needs_metadata_or_OpenLandMap_confirmation	Oceania representative; Acid sulfate soil	PRJNA1016489	Australia: Adelaide		confirmed_lat_lon	not_selected_after_project_dedup:candidate	no	external_acidic_soil_project_reads	yes	yes	Metagenome or environmental sample from soil metagenome; missing; Australia: Adelaide; 34.806 S 138.54165 E
SRR26074167	PRJNA1016489	SAMN37388004	Oceania	Acid sulfate soil	Acid sulfate soil	Australia: Adelaide	-34.806	138.54165		needs_metadata_or_OpenLandMap_confirmation	Oceania representative; Acid sulfate soil	PRJNA1016489	Australia: Adelaide		confirmed_lat_lon	not_selected_after_project_dedup:candidate	no	external_acidic_soil_project_reads	yes	yes	Metagenome or environmental sample from soil metagenome; missing; Australia: Adelaide; 34.806 S 138.54165 E
SRR26074168	PRJNA1016489	SAMN37388049	Oceania	Acid sulfate soil	Acid sulfate soil	Australia: Adelaide	-34.82977	138.5443		needs_metadata_or_OpenLandMap_confirmation	Oceania representative; Acid sulfate soil	PRJNA1016489	Australia: Adelaide		confirmed_lat_lon	not_selected_after_project_dedup:candidate	no	external_acidic_soil_project_reads	yes	yes	Metagenome or environmental sample from soil metagenome; missing; Australia: Adelaide; 34.82977 S 138.5443 E
SRR26074169	PRJNA1016489	SAMN37388050	Oceania	Acid sulfate soil	Acid sulfate soil	Australia: Adelaide	-34.82977	138.5443		needs_metadata_or_OpenLandMap_confirmation	Oceania representative; Acid sulfate soil	PRJNA1016489	Australia: Adelaide		confirmed_lat_lon	not_selected_after_project_dedup:candidate	no	external_acidic_soil_project_reads	yes	yes	Metagenome or environmental sample from soil metagenome; missing; Australia: Adelaide; 34.82977 S 138.5443 E
SRR26074170	PRJNA1016489	SAMN37388051	Oceania	Acid sulfate soil	Acid sulfate soil	Australia: Adelaide	-34.82977	138.5443		needs_metadata_or_OpenLandMap_confirmation	Oceania representative; Acid sulfate soil	PRJNA1016489	Australia: Adelaide		confirmed_lat_lon	not_selected_after_project_dedup:candidate	no	external_acidic_soil_project_reads	yes	yes	Metagenome or environmental sample from soil metagenome; missing; Australia: Adelaide; 34.82977 S 138.5443 E
SRR26074171	PRJNA1016489	SAMN37388052	Oceania	Acid sulfate soil	Acid sulfate soil	Australia: Adelaide	-34.82977	138.5443		needs_metadata_or_OpenLandMap_confirmation	Oceania representative; Acid sulfate soil	PRJNA1016489	Australia: Adelaide		confirmed_lat_lon	not_selected_after_project_dedup:candidate	no	external_acidic_soil_project_reads	yes	yes	Metagenome or environmental sample from soil metagenome; missing; Australia: Adelaide; 34.82977 S 138.5443 E
SRR26074172	PRJNA1016489	SAMN37388064	Oceania	Acid sulfate soil	Acid sulfate soil	Australia: Adelaide	-34.82977	138.5443		needs_metadata_or_OpenLandMap_confirmation	Oceania representative; Acid sulfate soil	PRJNA1016489	Australia: Adelaide		confirmed_lat_lon	not_selected_after_project_dedup:candidate	no	external_acidic_soil_project_reads	yes	yes	Metagenome or environmental sample from soil metagenome; missing; Australia: Adelaide; 34.82977 S 138.5443 E
SRR26074173	PRJNA1016489	SAMN37388063	Oceania	Acid sulfate soil	Acid sulfate soil	Australia: Adelaide	-34.82977	138.5443		needs_metadata_or_OpenLandMap_confirmation	Oceania representative; Acid sulfate soil	PRJNA1016489	Australia: Adelaide		confirmed_lat_lon	not_selected_after_project_dedup:candidate	no	external_acidic_soil_project_reads	yes	yes	Metagenome or environmental sample from soil metagenome; missing; Australia: Adelaide; 34.82977 S 138.5443 E
SRR26074174	PRJNA1016489	SAMN37388055	Oceania	Acid sulfate soil	Acid sulfate soil	Australia: Adelaide	-34.80844	138.52828		needs_metadata_or_OpenLandMap_confirmation	Oceania representative; Acid sulfate soil	PRJNA1016489	Australia: Adelaide		confirmed_lat_lon	not_selected_after_project_dedup:candidate	no	external_acidic_soil_project_reads	yes	yes	Metagenome or environmental sample from soil metagenome; missing; Australia: Adelaide; 34.80844 S 138.52828 E
SRR26074175	PRJNA1016489	SAMN37388056	Oceania	Acid sulfate soil	Acid sulfate soil	Australia: Adelaide	-34.80844	138.52828		needs_metadata_or_OpenLandMap_confirmation	Oceania representative; Acid sulfate soil	PRJNA1016489	Australia: Adelaide		confirmed_lat_lon	not_selected_after_project_dedup:candidate	no	external_acidic_soil_project_reads	yes	yes	Metagenome or environmental sample from soil metagenome; missing; Australia: Adelaide; 34.80844 S 138.52828 E
SRR26074176	PRJNA1016489	SAMN37388057	Oceania	Acid sulfate soil	Acid sulfate soil	Australia: Adelaide	-34.80844	138.52828		needs_metadata_or_OpenLandMap_confirmation	Oceania representative; Acid sulfate soil	PRJNA1016489	Australia: Adelaide		confirmed_lat_lon	not_selected_after_project_dedup:candidate	no	external_acidic_soil_project_reads	yes	yes	Metagenome or environmental sample from soil metagenome; missing; Australia: Adelaide; 34.80844 S 138.52828 E
SRR26074177	PRJNA1016489	SAMN37388058	Oceania	Acid sulfate soil	Acid sulfate soil	Australia: Adelaide	-34.80844	138.52828		needs_metadata_or_OpenLandMap_confirmation	Oceania representative; Acid sulfate soil	PRJNA1016489	Australia: Adelaide		confirmed_lat_lon	not_selected_after_project_dedup:candidate	no	external_acidic_soil_project_reads	yes	yes	Metagenome or environmental sample from soil metagenome; missing; Australia: Adelaide; 34.80844 S 138.52828 E
SRR26074178	PRJNA1016489	SAMN37388005	Oceania	Acid sulfate soil	Acid sulfate soil	Australia: Adelaide	-34.806	138.54165		needs_metadata_or_OpenLandMap_confirmation	Oceania representative; Acid sulfate soil	PRJNA1016489	Australia: Adelaide		confirmed_lat_lon	not_selected_after_project_dedup:candidate	no	external_acidic_soil_project_reads	yes	yes	Metagenome or environmental sample from soil metagenome; missing; Australia: Adelaide; 34.806 S 138.54165 E
SRR26074179	PRJNA1016489	SAMN37388059	Oceania	Acid sulfate soil	Acid sulfate soil	Australia: Adelaide	-34.82977	138.5443		needs_metadata_or_OpenLandMap_confirmation	Oceania representative; Acid sulfate soil	PRJNA1016489	Australia: Adelaide		confirmed_lat_lon	not_selected_after_project_dedup:candidate	no	external_acidic_soil_project_reads	yes	yes	Metagenome or environmental sample from soil metagenome; missing; Australia: Adelaide; 34.82977 S 138.5443 E
SRR26074180	PRJNA1016489	SAMN37388060	Oceania	Acid sulfate soil	Acid sulfate soil	Australia: Adelaide	-34.82977	138.5443		needs_metadata_or_OpenLandMap_confirmation	Oceania representative; Acid sulfate soil	PRJNA1016489	Australia: Adelaide		confirmed_lat_lon	not_selected_after_project_dedup:candidate	no	external_acidic_soil_project_reads	yes	yes	Metagenome or environmental sample from soil metagenome; missing; Australia: Adelaide; 34.82977 S 138.5443 E
SRR26074181	PRJNA1016489	SAMN37388061	Oceania	Acid sulfate soil	Acid sulfate soil	Australia: Adelaide	-34.82977	138.5443		needs_metadata_or_OpenLandMap_confirmation	Oceania representative; Acid sulfate soil	PRJNA1016489	Australia: Adelaide		confirmed_lat_lon	not_selected_after_project_dedup:candidate	no	external_acidic_soil_project_reads	yes	yes	Metagenome or environmental sample from soil metagenome; missing; Australia: Adelaide; 34.82977 S 138.5443 E
SRR26074182	PRJNA1016489	SAMN37388062	Oceania	Acid sulfate soil	Acid sulfate soil	Australia: Adelaide	-34.82977	138.5443		needs_metadata_or_OpenLandMap_confirmation	Oceania representative; Acid sulfate soil	PRJNA1016489	Australia: Adelaide		confirmed_lat_lon	not_selected_after_project_dedup:candidate	no	external_acidic_soil_project_reads	yes	yes	Metagenome or environmental sample from soil metagenome; missing; Australia: Adelaide; 34.82977 S 138.5443 E
SRR26074183	PRJNA1016489	SAMN37388040	Oceania	Acid sulfate soil	Acid sulfate soil	Australia: Adelaide	-34.806	138.54165		needs_metadata_or_OpenLandMap_confirmation	Oceania representative; Acid sulfate soil	PRJNA1016489	Australia: Adelaide		confirmed_lat_lon	not_selected_after_project_dedup:candidate	no	external_acidic_soil_project_reads	yes	yes	Metagenome or environmental sample from soil metagenome; missing; Australia: Adelaide; 34.806 S 138.54165 E
SRR26074184	PRJNA1016489	SAMN37388041	Oceania	Acid sulfate soil	Acid sulfate soil	Australia: Adelaide	-34.806	138.54165		needs_metadata_or_OpenLandMap_confirmation	Oceania representative; Acid sulfate soil	PRJNA1016489	Australia: Adelaide		confirmed_lat_lon	not_selected_after_project_dedup:candidate	no	external_acidic_soil_project_reads	yes	yes	Metagenome or environmental sample from soil metagenome; missing; Australia: Adelaide; 34.806 S 138.54165 E
SRR26074185	PRJNA1016489	SAMN37388042	Oceania	Acid sulfate soil	Acid sulfate soil	Australia: Adelaide	-34.806	138.54165		needs_metadata_or_OpenLandMap_confirmation	Oceania representative; Acid sulfate soil	PRJNA1016489	Australia: Adelaide		confirmed_lat_lon	not_selected_after_project_dedup:candidate	no	external_acidic_soil_project_reads	yes	yes	Metagenome or environmental sample from soil metagenome; missing; Australia: Adelaide; 34.806 S 138.54165 E
SRR26074186	PRJNA1016489	SAMN37388043	Oceania	Acid sulfate soil	Acid sulfate soil	Australia: Adelaide	-34.806	138.54165		needs_metadata_or_OpenLandMap_confirmation	Oceania representative; Acid sulfate soil	PRJNA1016489	Australia: Adelaide		confirmed_lat_lon	not_selected_after_project_dedup:candidate	no	external_acidic_soil_project_reads	yes	yes	Metagenome or environmental sample from soil metagenome; missing; Australia: Adelaide; 34.806 S 138.54165 E
SRR26074187	PRJNA1016489	SAMN37388044	Oceania	Acid sulfate soil	Acid sulfate soil	Australia: Adelaide	-34.806	138.54165		needs_metadata_or_OpenLandMap_confirmation	Oceania representative; Acid sulfate soil	PRJNA1016489	Australia: Adelaide		confirmed_lat_lon	not_selected_after_project_dedup:candidate	no	external_acidic_soil_project_reads	yes	yes	Metagenome or environmental sample from soil metagenome; missing; Australia: Adelaide; 34.806 S 138.54165 E
SRR26074188	PRJNA1016489	SAMN37388045	Oceania	Acid sulfate soil	Acid sulfate soil	Australia: Adelaide	-34.806	138.54165		needs_metadata_or_OpenLandMap_confirmation	Oceania representative; Acid sulfate soil	PRJNA1016489	Australia: Adelaide		confirmed_lat_lon	not_selected_after_project_dedup:candidate	no	external_acidic_soil_project_reads	yes	yes	Metagenome or environmental sample from soil metagenome; missing; Australia: Adelaide; 34.806 S 138.54165 E
SRR26074189	PRJNA1016489	SAMN37388046	Oceania	Acid sulfate soil	Acid sulfate soil	Australia: Adelaide	-34.806	138.54165		needs_metadata_or_OpenLandMap_confirmation	Oceania representative; Acid sulfate soil	PRJNA1016489	Australia: Adelaide		confirmed_lat_lon	not_selected_after_project_dedup:candidate	no	external_acidic_soil_project_reads	yes	yes	Metagenome or environmental sample from soil metagenome; missing; Australia: Adelaide; 34.806 S 138.54165 E
SRR26074190	PRJNA1016489	SAMN37388047	Oceania	Acid sulfate soil	Acid sulfate soil	Australia: Adelaide	-34.82977	138.5443		needs_metadata_or_OpenLandMap_confirmation	Oceania representative; Acid sulfate soil	PRJNA1016489	Australia: Adelaide		confirmed_lat_lon	not_selected_after_project_dedup:candidate	no	external_acidic_soil_project_reads	yes	yes	Metagenome or environmental sample from soil metagenome; missing; Australia: Adelaide; 34.82977 S 138.5443 E
SRR26074191	PRJNA1016489	SAMN37388048	Oceania	Acid sulfate soil	Acid sulfate soil	Australia: Adelaide	-34.82977	138.5443		needs_metadata_or_OpenLandMap_confirmation	Oceania representative; Acid sulfate soil	PRJNA1016489	Australia: Adelaide		confirmed_lat_lon	not_selected_after_project_dedup:candidate	no	external_acidic_soil_project_reads	yes	yes	Metagenome or environmental sample from soil metagenome; missing; Australia: Adelaide; 34.82977 S 138.5443 E
SRR26074192	PRJNA1016489	SAMN37388053	Oceania	Acid sulfate soil	Acid sulfate soil	Australia: Adelaide	-34.80844	138.52828		needs_metadata_or_OpenLandMap_confirmation	Oceania representative; Acid sulfate soil	PRJNA1016489	Australia: Adelaide		confirmed_lat_lon	not_selected_after_project_dedup:candidate	no	external_acidic_soil_project_reads	yes	yes	Metagenome or environmental sample from soil metagenome; missing; Australia: Adelaide; 34.80844 S 138.52828 E
SRR26074193	PRJNA1016489	SAMN37388054	Oceania	Acid sulfate soil	Acid sulfate soil	Australia: Adelaide	-34.80844	138.52828		needs_metadata_or_OpenLandMap_confirmation	Oceania representative; Acid sulfate soil	PRJNA1016489	Australia: Adelaide		confirmed_lat_lon	not_selected_after_project_dedup:candidate	no	external_acidic_soil_project_reads	yes	yes	Metagenome or environmental sample from soil metagenome; missing; Australia: Adelaide; 34.80844 S 138.52828 E
SRR26074194	PRJNA1016489	SAMN37388039	Oceania	Acid sulfate soil	Acid sulfate soil	Australia: Adelaide	-34.806	138.54165		needs_metadata_or_OpenLandMap_confirmation	Oceania representative; Acid sulfate soil	PRJNA1016489	Australia: Adelaide		confirmed_lat_lon	not_selected_after_project_dedup:candidate	no	external_acidic_soil_project_reads	yes	yes	Metagenome or environmental sample from soil metagenome; missing; Australia: Adelaide; 34.806 S 138.54165 E
SRR26074195	PRJNA1016489	SAMN37388003	Oceania	Acid sulfate soil	Acid sulfate soil	Australia: Adelaide	-34.806	138.54165		needs_metadata_or_OpenLandMap_confirmation	Oceania representative; Acid sulfate soil	PRJNA1016489	Australia: Adelaide		confirmed_lat_lon	not_selected_after_project_dedup:candidate	no	external_acidic_soil_project_reads	yes	yes	Metagenome or environmental sample from soil metagenome; missing; Australia: Adelaide; 34.806 S 138.54165 E
SRR26074196	PRJNA1016489	SAMN37388038	Oceania	Acid sulfate soil	Acid sulfate soil	Australia: Adelaide	-34.806	138.54165		needs_metadata_or_OpenLandMap_confirmation	Oceania representative; Acid sulfate soil	PRJNA1016489	Australia: Adelaide		confirmed_lat_lon	not_selected_after_project_dedup:candidate	no	external_acidic_soil_project_reads	yes	yes	Metagenome or environmental sample from soil metagenome; missing; Australia: Adelaide; 34.806 S 138.54165 E
SRR26074197	PRJNA1016489	SAMN37388037	Oceania	Acid sulfate soil	Acid sulfate soil	Australia: Adelaide	-34.806	138.54165		needs_metadata_or_OpenLandMap_confirmation	Oceania representative; Acid sulfate soil	PRJNA1016489	Australia: Adelaide		confirmed_lat_lon	not_selected_after_project_dedup:candidate	no	external_acidic_soil_project_reads	yes	yes	Metagenome or environmental sample from soil metagenome; missing; Australia: Adelaide; 34.806 S 138.54165 E
SRR26074198	PRJNA1016489	SAMN37388036	Oceania	Acid sulfate soil	Acid sulfate soil	Australia: Adelaide	-34.806	138.54165		needs_metadata_or_OpenLandMap_confirmation	Oceania representative; Acid sulfate soil	PRJNA1016489	Australia: Adelaide		confirmed_lat_lon	not_selected_after_project_dedup:candidate	no	external_acidic_soil_project_reads	yes	yes	Metagenome or environmental sample from soil metagenome; missing; Australia: Adelaide; 34.806 S 138.54165 E
SRR26074199	PRJNA1016489	SAMN37388035	Oceania	Acid sulfate soil	Acid sulfate soil	Australia: Adelaide	-34.806	138.54165		needs_metadata_or_OpenLandMap_confirmation	Oceania representative; Acid sulfate soil	PRJNA1016489	Australia: Adelaide		confirmed_lat_lon	not_selected_after_project_dedup:candidate	no	external_acidic_soil_project_reads	yes	yes	Metagenome or environmental sample from soil metagenome; missing; Australia: Adelaide; 34.806 S 138.54165 E
SRR26074200	PRJNA1016489	SAMN37388034	Oceania	Acid sulfate soil	Acid sulfate soil	Australia: Adelaide	-34.806	138.54165		needs_metadata_or_OpenLandMap_confirmation	Oceania representative; Acid sulfate soil	PRJNA1016489	Australia: Adelaide		confirmed_lat_lon	not_selected_after_project_dedup:candidate	no	external_acidic_soil_project_reads	yes	yes	Metagenome or environmental sample from soil metagenome; missing; Australia: Adelaide; 34.806 S 138.54165 E
SRR26074201	PRJNA1016489	SAMN37388033	Oceania	Acid sulfate soil	Acid sulfate soil	Australia: Adelaide	-34.806	138.54165		needs_metadata_or_OpenLandMap_confirmation	Oceania representative; Acid sulfate soil	PRJNA1016489	Australia: Adelaide		confirmed_lat_lon	not_selected_after_project_dedup:candidate	no	external_acidic_soil_project_reads	yes	yes	Metagenome or environmental sample from soil metagenome; missing; Australia: Adelaide; 34.806 S 138.54165 E
SRR26074202	PRJNA1016489	SAMN37388032	Oceania	Acid sulfate soil	Acid sulfate soil	Australia: Adelaide	-34.806	138.54165		needs_metadata_or_OpenLandMap_confirmation	Oceania representative; Acid sulfate soil	PRJNA1016489	Australia: Adelaide		confirmed_lat_lon	not_selected_after_project_dedup:candidate	no	external_acidic_soil_project_reads	yes	yes	Metagenome or environmental sample from soil metagenome; missing; Australia: Adelaide; 34.806 S 138.54165 E
SRR26074203	PRJNA1016489	SAMN37388031	Oceania	Acid sulfate soil	Acid sulfate soil	Australia: Adelaide	-34.806	138.54165		needs_metadata_or_OpenLandMap_confirmation	Oceania representative; Acid sulfate soil	PRJNA1016489	Australia: Adelaide		confirmed_lat_lon	not_selected_after_project_dedup:candidate	no	external_acidic_soil_project_reads	yes	yes	Metagenome or environmental sample from soil metagenome; missing; Australia: Adelaide; 34.806 S 138.54165 E
SRR26074204	PRJNA1016489	SAMN37388030	Oceania	Acid sulfate soil	Acid sulfate soil	Australia: Adelaide	-34.806	138.54165		needs_metadata_or_OpenLandMap_confirmation	Oceania representative; Acid sulfate soil	PRJNA1016489	Australia: Adelaide		confirmed_lat_lon	not_selected_after_project_dedup:candidate	no	external_acidic_soil_project_reads	yes	yes	Metagenome or environmental sample from soil metagenome; missing; Australia: Adelaide; 34.806 S 138.54165 E
SRR26074205	PRJNA1016489	SAMN37388029	Oceania	Acid sulfate soil	Acid sulfate soil	Australia: Adelaide	-34.806	138.54165		needs_metadata_or_OpenLandMap_confirmation	Oceania representative; Acid sulfate soil	PRJNA1016489	Australia: Adelaide		confirmed_lat_lon	not_selected_after_project_dedup:candidate	no	external_acidic_soil_project_reads	yes	yes	Metagenome or environmental sample from soil metagenome; missing; Australia: Adelaide; 34.806 S 138.54165 E
SRR26074206	PRJNA1016489	SAMN37388002	Oceania	Acid sulfate soil	Acid sulfate soil	Australia: Adelaide	-34.806	138.54165		needs_metadata_or_OpenLandMap_confirmation	Oceania representative; Acid sulfate soil	PRJNA1016489	Australia: Adelaide		confirmed_lat_lon	not_selected_after_project_dedup:candidate	no	external_acidic_soil_project_reads	yes	yes	Metagenome or environmental sample from soil metagenome; missing; Australia: Adelaide; 34.806 S 138.54165 E
SRR26074207	PRJNA1016489	SAMN37388028	Oceania	Acid sulfate soil	Acid sulfate soil	Australia: Adelaide	-34.82977	138.5443		needs_metadata_or_OpenLandMap_confirmation	Oceania representative; Acid sulfate soil	PRJNA1016489	Australia: Adelaide		confirmed_lat_lon	not_selected_after_project_dedup:candidate	no	external_acidic_soil_project_reads	yes	yes	Metagenome or environmental sample from soil metagenome; missing; Australia: Adelaide; 34.82977 S 138.5443 E
SRR26074208	PRJNA1016489	SAMN37388027	Oceania	Acid sulfate soil	Acid sulfate soil	Australia: Adelaide	-34.82977	138.5443		needs_metadata_or_OpenLandMap_confirmation	Oceania representative; Acid sulfate soil	PRJNA1016489	Australia: Adelaide		confirmed_lat_lon	not_selected_after_project_dedup:candidate	no	external_acidic_soil_project_reads	yes	yes	Metagenome or environmental sample from soil metagenome; missing; Australia: Adelaide; 34.82977 S 138.5443 E
SRR26074209	PRJNA1016489	SAMN37388026	Oceania	Acid sulfate soil	Acid sulfate soil	Australia: Adelaide	-34.82977	138.5443		needs_metadata_or_OpenLandMap_confirmation	Oceania representative; Acid sulfate soil	PRJNA1016489	Australia: Adelaide		confirmed_lat_lon	not_selected_after_project_dedup:candidate	no	external_acidic_soil_project_reads	yes	yes	Metagenome or environmental sample from soil metagenome; missing; Australia: Adelaide; 34.82977 S 138.5443 E
SRR26074210	PRJNA1016489	SAMN37388025	Oceania	Acid sulfate soil	Acid sulfate soil	Australia: Adelaide	-34.82977	138.5443		needs_metadata_or_OpenLandMap_confirmation	Oceania representative; Acid sulfate soil	PRJNA1016489	Australia: Adelaide		confirmed_lat_lon	not_selected_after_project_dedup:candidate	no	external_acidic_soil_project_reads	yes	yes	Metagenome or environmental sample from soil metagenome; missing; Australia: Adelaide; 34.82977 S 138.5443 E
SRR26074211	PRJNA1016489	SAMN37388024	Oceania	Acid sulfate soil	Acid sulfate soil	Australia: Adelaide	-34.82977	138.5443		needs_metadata_or_OpenLandMap_confirmation	Oceania representative; Acid sulfate soil	PRJNA1016489	Australia: Adelaide		confirmed_lat_lon	not_selected_after_project_dedup:candidate	no	external_acidic_soil_project_reads	yes	yes	Metagenome or environmental sample from soil metagenome; missing; Australia: Adelaide; 34.82977 S 138.5443 E
SRR26074212	PRJNA1016489	SAMN37388023	Oceania	Acid sulfate soil	Acid sulfate soil	Australia: Adelaide	-34.82977	138.5443		needs_metadata_or_OpenLandMap_confirmation	Oceania representative; Acid sulfate soil	PRJNA1016489	Australia: Adelaide		confirmed_lat_lon	not_selected_after_project_dedup:candidate	no	external_acidic_soil_project_reads	yes	yes	Metagenome or environmental sample from soil metagenome; missing; Australia: Adelaide; 34.82977 S 138.5443 E
SRR26074213	PRJNA1016489	SAMN37388022	Oceania	Acid sulfate soil	Acid sulfate soil	Australia: Adelaide	-34.82977	138.5443		needs_metadata_or_OpenLandMap_confirmation	Oceania representative; Acid sulfate soil	PRJNA1016489	Australia: Adelaide		confirmed_lat_lon	not_selected_after_project_dedup:candidate	no	external_acidic_soil_project_reads	yes	yes	Metagenome or environmental sample from soil metagenome; missing; Australia: Adelaide; 34.82977 S 138.5443 E
SRR26074214	PRJNA1016489	SAMN37388021	Oceania	Acid sulfate soil	Acid sulfate soil	Australia: Adelaide	-34.82977	138.5443		needs_metadata_or_OpenLandMap_confirmation	Oceania representative; Acid sulfate soil	PRJNA1016489	Australia: Adelaide		confirmed_lat_lon	not_selected_after_project_dedup:candidate	no	external_acidic_soil_project_reads	yes	yes	Metagenome or environmental sample from soil metagenome; missing; Australia: Adelaide; 34.82977 S 138.5443 E
SRR26074215	PRJNA1016489	SAMN37388020	Oceania	Acid sulfate soil	Acid sulfate soil	Australia: Adelaide	-34.82977	138.5443		needs_metadata_or_OpenLandMap_confirmation	Oceania representative; Acid sulfate soil	PRJNA1016489	Australia: Adelaide		confirmed_lat_lon	not_selected_after_project_dedup:candidate	no	external_acidic_soil_project_reads	yes	yes	Metagenome or environmental sample from soil metagenome; missing; Australia: Adelaide; 34.82977 S 138.5443 E
SRR26074216	PRJNA1016489	SAMN37388019	Oceania	Acid sulfate soil	Acid sulfate soil	Australia: Adelaide	-34.82977	138.5443		needs_metadata_or_OpenLandMap_confirmation	Oceania representative; Acid sulfate soil	PRJNA1016489	Australia: Adelaide		confirmed_lat_lon	not_selected_after_project_dedup:candidate	no	external_acidic_soil_project_reads	yes	yes	Metagenome or environmental sample from soil metagenome; missing; Australia: Adelaide; 34.82977 S 138.5443 E
SRR26074217	PRJNA1016489	SAMN37388001	Oceania	Acid sulfate soil	Acid sulfate soil	Australia: Adelaide	-34.806	138.54165		needs_metadata_or_OpenLandMap_confirmation	Oceania representative; Acid sulfate soil	PRJNA1016489	Australia: Adelaide		confirmed_lat_lon	not_selected_after_project_dedup:candidate	no	external_acidic_soil_project_reads	yes	yes	Metagenome or environmental sample from soil metagenome; missing; Australia: Adelaide; 34.806 S 138.54165 E
SRR26074218	PRJNA1016489	SAMN37388018	Oceania	Acid sulfate soil	Acid sulfate soil	Australia: Adelaide	-34.82977	138.5443		needs_metadata_or_OpenLandMap_confirmation	Oceania representative; Acid sulfate soil	PRJNA1016489	Australia: Adelaide		confirmed_lat_lon	not_selected_after_project_dedup:candidate	no	external_acidic_soil_project_reads	yes	yes	Metagenome or environmental sample from soil metagenome; missing; Australia: Adelaide; 34.82977 S 138.5443 E
SRR26074219	PRJNA1016489	SAMN37388017	Oceania	Acid sulfate soil	Acid sulfate soil	Australia: Adelaide	-34.82977	138.5443		needs_metadata_or_OpenLandMap_confirmation	Oceania representative; Acid sulfate soil	PRJNA1016489	Australia: Adelaide		confirmed_lat_lon	not_selected_after_project_dedup:candidate	no	external_acidic_soil_project_reads	yes	yes	Metagenome or environmental sample from soil metagenome; missing; Australia: Adelaide; 34.82977 S 138.5443 E
SRR26074220	PRJNA1016489	SAMN37388016	Oceania	Acid sulfate soil	Acid sulfate soil	Australia: Adelaide	-34.806	138.54165		needs_metadata_or_OpenLandMap_confirmation	Oceania representative; Acid sulfate soil	PRJNA1016489	Australia: Adelaide		confirmed_lat_lon	not_selected_after_project_dedup:candidate	no	external_acidic_soil_project_reads	yes	yes	Metagenome or environmental sample from soil metagenome; missing; Australia: Adelaide; 34.806 S 138.54165 E
SRR26074221	PRJNA1016489	SAMN37388015	Oceania	Acid sulfate soil	Acid sulfate soil	Australia: Adelaide	-34.806	138.54165		needs_metadata_or_OpenLandMap_confirmation	Oceania representative; Acid sulfate soil	PRJNA1016489	Australia: Adelaide		confirmed_lat_lon	not_selected_after_project_dedup:candidate	no	external_acidic_soil_project_reads	yes	yes	Metagenome or environmental sample from soil metagenome; missing; Australia: Adelaide; 34.806 S 138.54165 E
SRR26074222	PRJNA1016489	SAMN37388014	Oceania	Acid sulfate soil	Acid sulfate soil	Australia: Adelaide	-34.806	138.54165		needs_metadata_or_OpenLandMap_confirmation	Oceania representative; Acid sulfate soil	PRJNA1016489	Australia: Adelaide		confirmed_lat_lon	not_selected_after_project_dedup:candidate	no	external_acidic_soil_project_reads	yes	yes	Metagenome or environmental sample from soil metagenome; missing; Australia: Adelaide; 34.806 S 138.54165 E
SRR26074223	PRJNA1016489	SAMN37388013	Oceania	Acid sulfate soil	Acid sulfate soil	Australia: Adelaide	-34.806	138.54165		needs_metadata_or_OpenLandMap_confirmation	Oceania representative; Acid sulfate soil	PRJNA1016489	Australia: Adelaide		confirmed_lat_lon	not_selected_after_project_dedup:candidate	no	external_acidic_soil_project_reads	yes	yes	Metagenome or environmental sample from soil metagenome; missing; Australia: Adelaide; 34.806 S 138.54165 E
SRR26074224	PRJNA1016489	SAMN37388012	Oceania	Acid sulfate soil	Acid sulfate soil	Australia: Adelaide	-34.806	138.54165		needs_metadata_or_OpenLandMap_confirmation	Oceania representative; Acid sulfate soil	PRJNA1016489	Australia: Adelaide		confirmed_lat_lon	not_selected_after_project_dedup:candidate	no	external_acidic_soil_project_reads	yes	yes	Metagenome or environmental sample from soil metagenome; missing; Australia: Adelaide; 34.806 S 138.54165 E
SRR26074225	PRJNA1016489	SAMN37388011	Oceania	Acid sulfate soil	Acid sulfate soil	Australia: Adelaide	-34.806	138.54165		needs_metadata_or_OpenLandMap_confirmation	Oceania representative; Acid sulfate soil	PRJNA1016489	Australia: Adelaide		confirmed_lat_lon	not_selected_after_project_dedup:candidate	no	external_acidic_soil_project_reads	yes	yes	Metagenome or environmental sample from soil metagenome; missing; Australia: Adelaide; 34.806 S 138.54165 E
SRR26074226	PRJNA1016489	SAMN37388010	Oceania	Acid sulfate soil	Acid sulfate soil	Australia: Adelaide	-34.806	138.54165		needs_metadata_or_OpenLandMap_confirmation	Oceania representative; Acid sulfate soil	PRJNA1016489	Australia: Adelaide		confirmed_lat_lon	not_selected_after_project_dedup:candidate	no	external_acidic_soil_project_reads	yes	yes	Metagenome or environmental sample from soil metagenome; missing; Australia: Adelaide; 34.806 S 138.54165 E
SRR26074227	PRJNA1016489	SAMN37388009	Oceania	Acid sulfate soil	Acid sulfate soil	Australia: Adelaide	-34.806	138.54165		needs_metadata_or_OpenLandMap_confirmation	Oceania representative; Acid sulfate soil	PRJNA1016489	Australia: Adelaide		confirmed_lat_lon	not_selected_after_project_dedup:candidate	no	external_acidic_soil_project_reads	yes	yes	Metagenome or environmental sample from soil metagenome; missing; Australia: Adelaide; 34.806 S 138.54165 E
ERR476946	PRJEB5872	SAMEA2464839	Oceania	Acid sulfate soil	Acid sulfate soil					needs_metadata_or_OpenLandMap_confirmation	Oceania representative; Acid sulfate soil	PRJEB5872	SAMEA2464839		missing_location	exclude_non_soil_or_unclear_source	no	external_acidic_soil_project_reads	no	yes	
ERR476945	PRJEB5872	SAMEA2464839	Oceania	Acid sulfate soil	Acid sulfate soil					needs_metadata_or_OpenLandMap_confirmation	Oceania representative; Acid sulfate soil	PRJEB5872	SAMEA2464839		missing_location	exclude_non_soil_or_unclear_source	no	external_acidic_soil_project_reads	no	yes	
ERR476944	PRJEB5872	SAMEA2464839	Oceania	Acid sulfate soil	Acid sulfate soil					needs_metadata_or_OpenLandMap_confirmation	Oceania representative; Acid sulfate soil	PRJEB5872	SAMEA2464839		missing_location	exclude_non_soil_or_unclear_source	no	external_acidic_soil_project_reads	no	yes	
ERR476943	PRJEB5872	SAMEA2464838	Oceania	Acid sulfate soil	Acid sulfate soil					needs_metadata_or_OpenLandMap_confirmation	Oceania representative; Acid sulfate soil	PRJEB5872	SAMEA2464838		missing_location	exclude_non_soil_or_unclear_source	no	external_acidic_soil_project_reads	no	yes	
ERR476942	PRJEB5872	SAMEA2464837	Oceania	Acid sulfate soil	Acid sulfate soil					needs_metadata_or_OpenLandMap_confirmation	Oceania representative; Acid sulfate soil	PRJEB5872	SAMEA2464837		missing_location	exclude_non_soil_or_unclear_source	no	external_acidic_soil_project_reads	no	yes	
ERR476941	PRJEB5872	SAMEA2464836	Oceania	Acid sulfate soil	Acid sulfate soil					needs_metadata_or_OpenLandMap_confirmation	Oceania representative; Acid sulfate soil	PRJEB5872	SAMEA2464836		missing_location	exclude_non_soil_or_unclear_source	no	external_acidic_soil_project_reads	no	yes	
ERR476940	PRJEB5872	SAMEA2464835	Oceania	Acid sulfate soil	Acid sulfate soil					needs_metadata_or_OpenLandMap_confirmation	Oceania representative; Acid sulfate soil	PRJEB5872	SAMEA2464835		missing_location	exclude_non_soil_or_unclear_source	no	external_acidic_soil_project_reads	no	yes	
ERR476939	PRJEB5872	SAMEA2464835	Oceania	Acid sulfate soil	Acid sulfate soil					needs_metadata_or_OpenLandMap_confirmation	Oceania representative; Acid sulfate soil	PRJEB5872	SAMEA2464835		missing_location	exclude_non_soil_or_unclear_source	no	external_acidic_soil_project_reads	no	yes	
ERR476938	PRJEB5872	SAMEA2464834	Oceania	Acid sulfate soil	Acid sulfate soil					needs_metadata_or_OpenLandMap_confirmation	Oceania representative; Acid sulfate soil	PRJEB5872	SAMEA2464834		missing_location	exclude_non_soil_or_unclear_source	no	external_acidic_soil_project_reads	no	yes	
ERR515178	PRJEB6384	SAMEA2553414	Oceania	Acid sulfate soil	Acid sulfate soil					needs_metadata_or_OpenLandMap_confirmation	Oceania representative; Acid sulfate soil	PRJEB6384	SAMEA2553414		missing_location	exclude_non_soil_or_unclear_source	no	external_acidic_soil_project_reads	no	yes	
ERR515177	PRJEB6384	SAMEA2553414	Oceania	Acid sulfate soil	Acid sulfate soil					needs_metadata_or_OpenLandMap_confirmation	Oceania representative; Acid sulfate soil	PRJEB6384	SAMEA2553414		missing_location	exclude_non_soil_or_unclear_source	no	external_acidic_soil_project_reads	no	yes	
ERR515176	PRJEB6384	SAMEA2553414	Oceania	Acid sulfate soil	Acid sulfate soil					needs_metadata_or_OpenLandMap_confirmation	Oceania representative; Acid sulfate soil	PRJEB6384	SAMEA2553414		missing_location	exclude_non_soil_or_unclear_source	no	external_acidic_soil_project_reads	no	yes	
ERR515174	PRJEB6384	SAMEA2553413	Oceania	Acid sulfate soil	Acid sulfate soil					needs_metadata_or_OpenLandMap_confirmation	Oceania representative; Acid sulfate soil	PRJEB6384	SAMEA2553413		missing_location	exclude_non_soil_or_unclear_source	no	external_acidic_soil_project_reads	no	yes	
ERR515173	PRJEB6384	SAMEA2553413	Oceania	Acid sulfate soil	Acid sulfate soil					needs_metadata_or_OpenLandMap_confirmation	Oceania representative; Acid sulfate soil	PRJEB6384	SAMEA2553413		missing_location	exclude_non_soil_or_unclear_source	no	external_acidic_soil_project_reads	no	yes	
SRR38834254	PRJNA1469372	SAMN60354928	Antarctica	Polar soil	Polar soil	Antarctica	-62.02	-57.7		needs_metadata_or_OpenLandMap_confirmation	Antarctica representative; Polar soil	PRJNA1469372	Antarctica		confirmed_lat_lon	not_selected_after_project_dedup:candidate	no	external_acidic_soil_project_reads	yes	yes	Polytrichum commune Hedw; 0-2cm soil under vegetation; Antarctica; 62.02 S 57.7 W
SRR38834255	PRJNA1469372	SAMN60354928	Antarctica	Polar soil	Polar soil	Antarctica	-62.02	-57.7		needs_metadata_or_OpenLandMap_confirmation	Antarctica representative; Polar soil	PRJNA1469372	Antarctica		confirmed_lat_lon	not_selected_after_project_dedup:candidate	no	external_acidic_soil_project_reads	yes	yes	Polytrichum commune Hedw; 0-2cm soil under vegetation; Antarctica; 62.02 S 57.7 W
SRR38834256	PRJNA1469372	SAMN60354928	Antarctica	Polar soil	Polar soil	Antarctica	-62.02	-57.7		needs_metadata_or_OpenLandMap_confirmation	Antarctica representative; Polar soil	PRJNA1469372	Antarctica		confirmed_lat_lon	not_selected_after_project_dedup:candidate	no	external_acidic_soil_project_reads	yes	yes	Polytrichum commune Hedw; 0-2cm soil under vegetation; Antarctica; 62.02 S 57.7 W
SRR38834257	PRJNA1469372	SAMN60354928	Antarctica	Polar soil	Polar soil	Antarctica	-62.02	-57.7		needs_metadata_or_OpenLandMap_confirmation	Antarctica representative; Polar soil	PRJNA1469372	Antarctica		confirmed_lat_lon	not_selected_after_project_dedup:candidate	no	external_acidic_soil_project_reads	yes	yes	Polytrichum commune Hedw; 0-2cm soil under vegetation; Antarctica; 62.02 S 57.7 W
SRR38834258	PRJNA1469372	SAMN60354928	Antarctica	Polar soil	Polar soil	Antarctica	-62.02	-57.7		needs_metadata_or_OpenLandMap_confirmation	Antarctica representative; Polar soil	PRJNA1469372	Antarctica		confirmed_lat_lon	not_selected_after_project_dedup:candidate	no	external_acidic_soil_project_reads	yes	yes	Polytrichum commune Hedw; 0-2cm soil under vegetation; Antarctica; 62.02 S 57.7 W
SRR38834259	PRJNA1469372	SAMN60354927	Antarctica	Polar soil	Polar soil	Antarctica	-62.01	-57.7		needs_metadata_or_OpenLandMap_confirmation	Antarctica representative; Polar soil	PRJNA1469372	Antarctica		confirmed_lat_lon	not_selected_after_project_dedup:candidate	no	external_acidic_soil_project_reads	yes	yes	Deschampsia antarctica; 0-2cm soil under vegetation; Antarctica; 62.01 S 57.7 W
SRR38834260	PRJNA1469372	SAMN60354932	Antarctica	Polar soil	Polar soil	Antarctica	-62.75	-61.25		needs_metadata_or_OpenLandMap_confirmation	Antarctica representative; Polar soil	PRJNA1469372	Antarctica		confirmed_lat_lon	not_selected_after_project_dedup:candidate	no	external_acidic_soil_project_reads	yes	yes	Brachythecium albicans; 0-2cm soil under vegetation; Antarctica; 62.75 S 61.25 W
SRR38834261	PRJNA1469372	SAMN60354927	Antarctica	Polar soil	Polar soil	Antarctica	-62.01	-57.7		needs_metadata_or_OpenLandMap_confirmation	Antarctica representative; Polar soil	PRJNA1469372	Antarctica		confirmed_lat_lon	not_selected_after_project_dedup:candidate	no	external_acidic_soil_project_reads	yes	yes	Deschampsia antarctica; 0-2cm soil under vegetation; Antarctica; 62.01 S 57.7 W
SRR38834262	PRJNA1469372	SAMN60354932	Antarctica	Polar soil	Polar soil	Antarctica	-62.75	-61.25		needs_metadata_or_OpenLandMap_confirmation	Antarctica representative; Polar soil	PRJNA1469372	Antarctica		confirmed_lat_lon	not_selected_after_project_dedup:candidate	no	external_acidic_soil_project_reads	yes	yes	Brachythecium albicans; 0-2cm soil under vegetation; Antarctica; 62.75 S 61.25 W
SRR38834263	PRJNA1469372	SAMN60354932	Antarctica	Polar soil	Polar soil	Antarctica	-62.75	-61.25		needs_metadata_or_OpenLandMap_confirmation	Antarctica representative; Polar soil	PRJNA1469372	Antarctica		confirmed_lat_lon	not_selected_after_project_dedup:candidate	no	external_acidic_soil_project_reads	yes	yes	Brachythecium albicans; 0-2cm soil under vegetation; Antarctica; 62.75 S 61.25 W
SRR38834264	PRJNA1469372	SAMN60354932	Antarctica	Polar soil	Polar soil	Antarctica	-62.75	-61.25		needs_metadata_or_OpenLandMap_confirmation	Antarctica representative; Polar soil	PRJNA1469372	Antarctica		confirmed_lat_lon	not_selected_after_project_dedup:candidate	no	external_acidic_soil_project_reads	yes	yes	Brachythecium albicans; 0-2cm soil under vegetation; Antarctica; 62.75 S 61.25 W
SRR38834265	PRJNA1469372	SAMN60354932	Antarctica	Polar soil	Polar soil	Antarctica	-62.75	-61.25		needs_metadata_or_OpenLandMap_confirmation	Antarctica representative; Polar soil	PRJNA1469372	Antarctica		confirmed_lat_lon	not_selected_after_project_dedup:candidate	no	external_acidic_soil_project_reads	yes	yes	Brachythecium albicans; 0-2cm soil under vegetation; Antarctica; 62.75 S 61.25 W
SRR38834266	PRJNA1469372	SAMN60354931	Antarctica	Polar soil	Polar soil	Antarctica	-62.02	-57.7		needs_metadata_or_OpenLandMap_confirmation	Antarctica representative; Polar soil	PRJNA1469372	Antarctica		confirmed_lat_lon	not_selected_after_project_dedup:candidate	no	external_acidic_soil_project_reads	yes	yes	Usnea antarctica; 0-2cm soil under vegetation; Antarctica; 62.02 S 57.7 W
SRR38834267	PRJNA1469372	SAMN60354931	Antarctica	Polar soil	Polar soil	Antarctica	-62.02	-57.7		needs_metadata_or_OpenLandMap_confirmation	Antarctica representative; Polar soil	PRJNA1469372	Antarctica		confirmed_lat_lon	not_selected_after_project_dedup:candidate	no	external_acidic_soil_project_reads	yes	yes	Usnea antarctica; 0-2cm soil under vegetation; Antarctica; 62.02 S 57.7 W
SRR38834268	PRJNA1469372	SAMN60354931	Antarctica	Polar soil	Polar soil	Antarctica	-62.02	-57.7		needs_metadata_or_OpenLandMap_confirmation	Antarctica representative; Polar soil	PRJNA1469372	Antarctica		confirmed_lat_lon	not_selected_after_project_dedup:candidate	no	external_acidic_soil_project_reads	yes	yes	Usnea antarctica; 0-2cm soil under vegetation; Antarctica; 62.02 S 57.7 W
SRR38834269	PRJNA1469372	SAMN60354931	Antarctica	Polar soil	Polar soil	Antarctica	-62.02	-57.7		needs_metadata_or_OpenLandMap_confirmation	Antarctica representative; Polar soil	PRJNA1469372	Antarctica		confirmed_lat_lon	not_selected_after_project_dedup:candidate	no	external_acidic_soil_project_reads	yes	yes	Usnea antarctica; 0-2cm soil under vegetation; Antarctica; 62.02 S 57.7 W
SRR38834270	PRJNA1469372	SAMN60354931	Antarctica	Polar soil	Polar soil	Antarctica	-62.02	-57.7		needs_metadata_or_OpenLandMap_confirmation	Antarctica representative; Polar soil	PRJNA1469372	Antarctica		confirmed_lat_lon	not_selected_after_project_dedup:candidate	no	external_acidic_soil_project_reads	yes	yes	Usnea antarctica; 0-2cm soil under vegetation; Antarctica; 62.02 S 57.7 W
SRR38834271	PRJNA1469372	SAMN60354931	Antarctica	Polar soil	Polar soil	Antarctica	-62.02	-57.7		needs_metadata_or_OpenLandMap_confirmation	Antarctica representative; Polar soil	PRJNA1469372	Antarctica		confirmed_lat_lon	not_selected_after_project_dedup:candidate	no	external_acidic_soil_project_reads	yes	yes	Usnea antarctica; 0-2cm soil under vegetation; Antarctica; 62.02 S 57.7 W
SRR38834272	PRJNA1469372	SAMN60354927	Antarctica	Polar soil	Polar soil	Antarctica	-62.01	-57.7		needs_metadata_or_OpenLandMap_confirmation	Antarctica representative; Polar soil	PRJNA1469372	Antarctica		confirmed_lat_lon	not_selected_after_project_dedup:candidate	no	external_acidic_soil_project_reads	yes	yes	Deschampsia antarctica; 0-2cm soil under vegetation; Antarctica; 62.01 S 57.7 W
SRR38834273	PRJNA1469372	SAMN60354930	Antarctica	Polar soil	Polar soil	Antarctica	-62.73	-61.23		needs_metadata_or_OpenLandMap_confirmation	Antarctica representative; Polar soil	PRJNA1469372	Antarctica		confirmed_lat_lon	not_selected_after_project_dedup:candidate	no	external_acidic_soil_project_reads	yes	yes	Colobanthus quitensis; 0-2cm soil under vegetation; Antarctica; 62.73 S 61.23 W
SRR38834274	PRJNA1469372	SAMN60354930	Antarctica	Polar soil	Polar soil	Antarctica	-62.73	-61.23		needs_metadata_or_OpenLandMap_confirmation	Antarctica representative; Polar soil	PRJNA1469372	Antarctica		confirmed_lat_lon	not_selected_after_project_dedup:candidate	no	external_acidic_soil_project_reads	yes	yes	Colobanthus quitensis; 0-2cm soil under vegetation; Antarctica; 62.73 S 61.23 W
SRR38834275	PRJNA1469372	SAMN60354930	Antarctica	Polar soil	Polar soil	Antarctica	-62.73	-61.23		needs_metadata_or_OpenLandMap_confirmation	Antarctica representative; Polar soil	PRJNA1469372	Antarctica		confirmed_lat_lon	not_selected_after_project_dedup:candidate	no	external_acidic_soil_project_reads	yes	yes	Colobanthus quitensis; 0-2cm soil under vegetation; Antarctica; 62.73 S 61.23 W
SRR38834276	PRJNA1469372	SAMN60354930	Antarctica	Polar soil	Polar soil	Antarctica	-62.73	-61.23		needs_metadata_or_OpenLandMap_confirmation	Antarctica representative; Polar soil	PRJNA1469372	Antarctica		confirmed_lat_lon	not_selected_after_project_dedup:candidate	no	external_acidic_soil_project_reads	yes	yes	Colobanthus quitensis; 0-2cm soil under vegetation; Antarctica; 62.73 S 61.23 W
SRR38834277	PRJNA1469372	SAMN60354930	Antarctica	Polar soil	Polar soil	Antarctica	-62.73	-61.23		needs_metadata_or_OpenLandMap_confirmation	Antarctica representative; Polar soil	PRJNA1469372	Antarctica		confirmed_lat_lon	not_selected_after_project_dedup:candidate	no	external_acidic_soil_project_reads	yes	yes	Colobanthus quitensis; 0-2cm soil under vegetation; Antarctica; 62.73 S 61.23 W
SRR38834278	PRJNA1469372	SAMN60354929	Antarctica	Polar soil	Polar soil	Antarctica	-63.77	-57.78		needs_metadata_or_OpenLandMap_confirmation	Antarctica representative; Polar soil	PRJNA1469372	Antarctica		confirmed_lat_lon	not_selected_after_project_dedup:candidate	no	external_acidic_soil_project_reads	yes	yes	Bryum argenteum Hedw; 0-2cm soil under vegetation; Antarctica; 63.77 S 57.78 W
SRR38834279	PRJNA1469372	SAMN60354929	Antarctica	Polar soil	Polar soil	Antarctica	-63.77	-57.78		needs_metadata_or_OpenLandMap_confirmation	Antarctica representative; Polar soil	PRJNA1469372	Antarctica		confirmed_lat_lon	not_selected_after_project_dedup:candidate	no	external_acidic_soil_project_reads	yes	yes	Bryum argenteum Hedw; 0-2cm soil under vegetation; Antarctica; 63.77 S 57.78 W
SRR38834280	PRJNA1469372	SAMN60354929	Antarctica	Polar soil	Polar soil	Antarctica	-63.77	-57.78		needs_metadata_or_OpenLandMap_confirmation	Antarctica representative; Polar soil	PRJNA1469372	Antarctica		confirmed_lat_lon	not_selected_after_project_dedup:candidate	no	external_acidic_soil_project_reads	yes	yes	Bryum argenteum Hedw; 0-2cm soil under vegetation; Antarctica; 63.77 S 57.78 W
SRR38834281	PRJNA1469372	SAMN60354929	Antarctica	Polar soil	Polar soil	Antarctica	-63.77	-57.78		needs_metadata_or_OpenLandMap_confirmation	Antarctica representative; Polar soil	PRJNA1469372	Antarctica		confirmed_lat_lon	not_selected_after_project_dedup:candidate	no	external_acidic_soil_project_reads	yes	yes	Bryum argenteum Hedw; 0-2cm soil under vegetation; Antarctica; 63.77 S 57.78 W
SRR38834282	PRJNA1469372	SAMN60354929	Antarctica	Polar soil	Polar soil	Antarctica	-63.77	-57.78		needs_metadata_or_OpenLandMap_confirmation	Antarctica representative; Polar soil	PRJNA1469372	Antarctica		confirmed_lat_lon	not_selected_after_project_dedup:candidate	no	external_acidic_soil_project_reads	yes	yes	Bryum argenteum Hedw; 0-2cm soil under vegetation; Antarctica; 63.77 S 57.78 W
SRR38834283	PRJNA1469372	SAMN60354927	Antarctica	Polar soil	Polar soil	Antarctica	-62.01	-57.7		needs_metadata_or_OpenLandMap_confirmation	Antarctica representative; Polar soil	PRJNA1469372	Antarctica		confirmed_lat_lon	not_selected_after_project_dedup:candidate	no	external_acidic_soil_project_reads	yes	yes	Deschampsia antarctica; 0-2cm soil under vegetation; Antarctica; 62.01 S 57.7 W
SRR38834284	PRJNA1469372	SAMN60354927	Antarctica	Polar soil	Polar soil	Antarctica	-62.01	-57.7		needs_metadata_or_OpenLandMap_confirmation	Antarctica representative; Polar soil	PRJNA1469372	Antarctica		confirmed_lat_lon	not_selected_after_project_dedup:candidate	no	external_acidic_soil_project_reads	yes	yes	Deschampsia antarctica; 0-2cm soil under vegetation; Antarctica; 62.01 S 57.7 W
SRR38492999	PRJNA1464379	SAMN59707094	Antarctica	Polar soil	Polar soil	Antarctica	-62.201	-58.7971		needs_metadata_or_OpenLandMap_confirmation	Antarctica representative; Polar soil	PRJNA1464379	Antarctica		confirmed_lat_lon	not_selected_after_project_dedup:candidate	no	external_acidic_soil_project_reads	yes	yes	Metagenome or environmental sample from soil metagenome; soil; Antarctica; 62.2010 S 58.7971 W
SRR38493000	PRJNA1464379	SAMN59707094	Antarctica	Polar soil	Polar soil	Antarctica	-62.201	-58.7971		needs_metadata_or_OpenLandMap_confirmation	Antarctica representative; Polar soil	PRJNA1464379	Antarctica		confirmed_lat_lon	not_selected_after_project_dedup:candidate	no	external_acidic_soil_project_reads	yes	yes	Metagenome or environmental sample from soil metagenome; soil; Antarctica; 62.2010 S 58.7971 W
SRR38493001	PRJNA1464379	SAMN59707093	Antarctica	Polar soil	Polar soil	Antarctica	-62.2009	-58.7969		needs_metadata_or_OpenLandMap_confirmation	Antarctica representative; Polar soil	PRJNA1464379	Antarctica		confirmed_lat_lon	not_selected_after_project_dedup:candidate	no	external_acidic_soil_project_reads	yes	yes	Metagenome or environmental sample from soil metagenome; soil; Antarctica; 62.2009 S 58.7969 W
SRR38493002	PRJNA1464379	SAMN59707093	Antarctica	Polar soil	Polar soil	Antarctica	-62.2009	-58.7969		needs_metadata_or_OpenLandMap_confirmation	Antarctica representative; Polar soil	PRJNA1464379	Antarctica		confirmed_lat_lon	not_selected_after_project_dedup:candidate	no	external_acidic_soil_project_reads	yes	yes	Metagenome or environmental sample from soil metagenome; soil; Antarctica; 62.2009 S 58.7969 W
SRR38493003	PRJNA1464379	SAMN59707092	Antarctica	Polar soil	Polar soil	Antarctica	-62.2007	-58.7967		needs_metadata_or_OpenLandMap_confirmation	Antarctica representative; Polar soil	PRJNA1464379	Antarctica		confirmed_lat_lon	not_selected_after_project_dedup:candidate	no	external_acidic_soil_project_reads	yes	yes	Metagenome or environmental sample from soil metagenome; soil; Antarctica; 62.2007 S 58.7967 W
SRR38493004	PRJNA1464379	SAMN59707092	Antarctica	Polar soil	Polar soil	Antarctica	-62.2007	-58.7967		needs_metadata_or_OpenLandMap_confirmation	Antarctica representative; Polar soil	PRJNA1464379	Antarctica		confirmed_lat_lon	not_selected_after_project_dedup:candidate	no	external_acidic_soil_project_reads	yes	yes	Metagenome or environmental sample from soil metagenome; soil; Antarctica; 62.2007 S 58.7967 W
SRR38493005	PRJNA1464379	SAMN59707051	Antarctica	Polar soil	Polar soil	Antarctica	-62.2299	-58.7122		needs_metadata_or_OpenLandMap_confirmation	Antarctica representative; Polar soil	PRJNA1464379	Antarctica		confirmed_lat_lon	not_selected_after_project_dedup:candidate	no	external_acidic_soil_project_reads	yes	yes	Metagenome or environmental sample from soil metagenome; soil; Antarctica; 62.2299 S 58.7122 W
SRR38493006	PRJNA1464379	SAMN59707091	Antarctica	Polar soil	Polar soil	Antarctica	-62.2006	-58.7961		needs_metadata_or_OpenLandMap_confirmation	Antarctica representative; Polar soil	PRJNA1464379	Antarctica		confirmed_lat_lon	not_selected_after_project_dedup:candidate	no	external_acidic_soil_project_reads	yes	yes	Metagenome or environmental sample from soil metagenome; soil; Antarctica; 62.2006 S 58.7961 W
SRR38493007	PRJNA1464379	SAMN59707091	Antarctica	Polar soil	Polar soil	Antarctica	-62.2006	-58.7961		needs_metadata_or_OpenLandMap_confirmation	Antarctica representative; Polar soil	PRJNA1464379	Antarctica		confirmed_lat_lon	not_selected_after_project_dedup:candidate	no	external_acidic_soil_project_reads	yes	yes	Metagenome or environmental sample from soil metagenome; soil; Antarctica; 62.2006 S 58.7961 W
SRR38493008	PRJNA1464379	SAMN59707090	Antarctica	Polar soil	Polar soil	Antarctica	-62.2005	-58.7958		needs_metadata_or_OpenLandMap_confirmation	Antarctica representative; Polar soil	PRJNA1464379	Antarctica		confirmed_lat_lon	not_selected_after_project_dedup:candidate	no	external_acidic_soil_project_reads	yes	yes	Metagenome or environmental sample from soil metagenome; soil; Antarctica; 62.2005 S 58.7958 W
SRR38493009	PRJNA1464379	SAMN59707090	Antarctica	Polar soil	Polar soil	Antarctica	-62.2005	-58.7958		needs_metadata_or_OpenLandMap_confirmation	Antarctica representative; Polar soil	PRJNA1464379	Antarctica		confirmed_lat_lon	not_selected_after_project_dedup:candidate	no	external_acidic_soil_project_reads	yes	yes	Metagenome or environmental sample from soil metagenome; soil; Antarctica; 62.2005 S 58.7958 W
SRR38493010	PRJNA1464379	SAMN59707089	Antarctica	Polar soil	Polar soil	Antarctica	-62.2004	-58.7956		needs_metadata_or_OpenLandMap_confirmation	Antarctica representative; Polar soil	PRJNA1464379	Antarctica		confirmed_lat_lon	not_selected_after_project_dedup:candidate	no	external_acidic_soil_project_reads	yes	yes	Metagenome or environmental sample from soil metagenome; soil; Antarctica; 62.2004 S 58.7956 W
SRR38493011	PRJNA1464379	SAMN59707089	Antarctica	Polar soil	Polar soil	Antarctica	-62.2004	-58.7956		needs_metadata_or_OpenLandMap_confirmation	Antarctica representative; Polar soil	PRJNA1464379	Antarctica		confirmed_lat_lon	not_selected_after_project_dedup:candidate	no	external_acidic_soil_project_reads	yes	yes	Metagenome or environmental sample from soil metagenome; soil; Antarctica; 62.2004 S 58.7956 W
SRR38493012	PRJNA1464379	SAMN59707088	Antarctica	Polar soil	Polar soil	Antarctica	-62.2003	-58.7953		needs_metadata_or_OpenLandMap_confirmation	Antarctica representative; Polar soil	PRJNA1464379	Antarctica		confirmed_lat_lon	not_selected_after_project_dedup:candidate	no	external_acidic_soil_project_reads	yes	yes	Metagenome or environmental sample from soil metagenome; soil; Antarctica; 62.2003 S 58.7953 W
SRR38493013	PRJNA1464379	SAMN59707088	Antarctica	Polar soil	Polar soil	Antarctica	-62.2003	-58.7953		needs_metadata_or_OpenLandMap_confirmation	Antarctica representative; Polar soil	PRJNA1464379	Antarctica		confirmed_lat_lon	not_selected_after_project_dedup:candidate	no	external_acidic_soil_project_reads	yes	yes	Metagenome or environmental sample from soil metagenome; soil; Antarctica; 62.2003 S 58.7953 W
SRR38493014	PRJNA1464379	SAMN59707087	Antarctica	Polar soil	Polar soil	Antarctica	-62.2002	-58.7949		needs_metadata_or_OpenLandMap_confirmation	Antarctica representative; Polar soil	PRJNA1464379	Antarctica		confirmed_lat_lon	not_selected_after_project_dedup:candidate	no	external_acidic_soil_project_reads	yes	yes	Metagenome or environmental sample from soil metagenome; soil; Antarctica; 62.2002 S 58.7949 W
SRR38493015	PRJNA1464379	SAMN59707087	Antarctica	Polar soil	Polar soil	Antarctica	-62.2002	-58.7949		needs_metadata_or_OpenLandMap_confirmation	Antarctica representative; Polar soil	PRJNA1464379	Antarctica		confirmed_lat_lon	not_selected_after_project_dedup:candidate	no	external_acidic_soil_project_reads	yes	yes	Metagenome or environmental sample from soil metagenome; soil; Antarctica; 62.2002 S 58.7949 W
SRR38493016	PRJNA1464379	SAMN59707051	Antarctica	Polar soil	Polar soil	Antarctica	-62.2299	-58.7122		needs_metadata_or_OpenLandMap_confirmation	Antarctica representative; Polar soil	PRJNA1464379	Antarctica		confirmed_lat_lon	not_selected_after_project_dedup:candidate	no	external_acidic_soil_project_reads	yes	yes	Metagenome or environmental sample from soil metagenome; soil; Antarctica; 62.2299 S 58.7122 W
SRR38493017	PRJNA1464379	SAMN59707086	Antarctica	Polar soil	Polar soil	Antarctica	-62.2009	-58.7974		needs_metadata_or_OpenLandMap_confirmation	Antarctica representative; Polar soil	PRJNA1464379	Antarctica		confirmed_lat_lon	not_selected_after_project_dedup:candidate	no	external_acidic_soil_project_reads	yes	yes	Metagenome or environmental sample from soil metagenome; soil; Antarctica; 62.2009 S 58.7974 W
SRR38493018	PRJNA1464379	SAMN59707086	Antarctica	Polar soil	Polar soil	Antarctica	-62.2009	-58.7974		needs_metadata_or_OpenLandMap_confirmation	Antarctica representative; Polar soil	PRJNA1464379	Antarctica		confirmed_lat_lon	not_selected_after_project_dedup:candidate	no	external_acidic_soil_project_reads	yes	yes	Metagenome or environmental sample from soil metagenome; soil; Antarctica; 62.2009 S 58.7974 W
SRR38493019	PRJNA1464379	SAMN59707085	Antarctica	Polar soil	Polar soil	Antarctica	-62.2007	-58.7971		needs_metadata_or_OpenLandMap_confirmation	Antarctica representative; Polar soil	PRJNA1464379	Antarctica		confirmed_lat_lon	not_selected_after_project_dedup:candidate	no	external_acidic_soil_project_reads	yes	yes	Metagenome or environmental sample from soil metagenome; soil; Antarctica; 62.2007 S 58.7971 W
SRR38493020	PRJNA1464379	SAMN59707085	Antarctica	Polar soil	Polar soil	Antarctica	-62.2007	-58.7971		needs_metadata_or_OpenLandMap_confirmation	Antarctica representative; Polar soil	PRJNA1464379	Antarctica		confirmed_lat_lon	not_selected_after_project_dedup:candidate	no	external_acidic_soil_project_reads	yes	yes	Metagenome or environmental sample from soil metagenome; soil; Antarctica; 62.2007 S 58.7971 W
SRR38493021	PRJNA1464379	SAMN59707084	Antarctica	Polar soil	Polar soil	Antarctica	-62.2006	-58.7969		needs_metadata_or_OpenLandMap_confirmation	Antarctica representative; Polar soil	PRJNA1464379	Antarctica		confirmed_lat_lon	not_selected_after_project_dedup:candidate	no	external_acidic_soil_project_reads	yes	yes	Metagenome or environmental sample from soil metagenome; soil; Antarctica; 62.2006 S 58.7969 W
SRR38493022	PRJNA1464379	SAMN59707084	Antarctica	Polar soil	Polar soil	Antarctica	-62.2006	-58.7969		needs_metadata_or_OpenLandMap_confirmation	Antarctica representative; Polar soil	PRJNA1464379	Antarctica		confirmed_lat_lon	not_selected_after_project_dedup:candidate	no	external_acidic_soil_project_reads	yes	yes	Metagenome or environmental sample from soil metagenome; soil; Antarctica; 62.2006 S 58.7969 W
SRR38493023	PRJNA1464379	SAMN59707083	Antarctica	Polar soil	Polar soil	Antarctica	-62.2005	-58.7967		needs_metadata_or_OpenLandMap_confirmation	Antarctica representative; Polar soil	PRJNA1464379	Antarctica		confirmed_lat_lon	not_selected_after_project_dedup:candidate	no	external_acidic_soil_project_reads	yes	yes	Metagenome or environmental sample from soil metagenome; soil; Antarctica; 62.2005 S 58.7967 W
SRR38493024	PRJNA1464379	SAMN59707083	Antarctica	Polar soil	Polar soil	Antarctica	-62.2005	-58.7967		needs_metadata_or_OpenLandMap_confirmation	Antarctica representative; Polar soil	PRJNA1464379	Antarctica		confirmed_lat_lon	not_selected_after_project_dedup:candidate	no	external_acidic_soil_project_reads	yes	yes	Metagenome or environmental sample from soil metagenome; soil; Antarctica; 62.2005 S 58.7967 W
SRR38493025	PRJNA1464379	SAMN59707082	Antarctica	Polar soil	Polar soil	Antarctica	-62.2004	-58.7964		needs_metadata_or_OpenLandMap_confirmation	Antarctica representative; Polar soil	PRJNA1464379	Antarctica		confirmed_lat_lon	not_selected_after_project_dedup:candidate	no	external_acidic_soil_project_reads	yes	yes	Metagenome or environmental sample from soil metagenome; soil; Antarctica; 62.2004 S 58.7964 W
SRR38493026	PRJNA1464379	SAMN59707082	Antarctica	Polar soil	Polar soil	Antarctica	-62.2004	-58.7964		needs_metadata_or_OpenLandMap_confirmation	Antarctica representative; Polar soil	PRJNA1464379	Antarctica		confirmed_lat_lon	not_selected_after_project_dedup:candidate	no	external_acidic_soil_project_reads	yes	yes	Metagenome or environmental sample from soil metagenome; soil; Antarctica; 62.2004 S 58.7964 W
SRR38493027	PRJNA1464379	SAMN59707050	Antarctica	Polar soil	Polar soil	Antarctica	-62.2297	-58.7124		needs_metadata_or_OpenLandMap_confirmation	Antarctica representative; Polar soil	PRJNA1464379	Antarctica		confirmed_lat_lon	not_selected_after_project_dedup:candidate	no	external_acidic_soil_project_reads	yes	yes	Metagenome or environmental sample from soil metagenome; soil; Antarctica; 62.2297 S 58.7124 W
SRR38493028	PRJNA1464379	SAMN59707081	Antarctica	Polar soil	Polar soil	Antarctica	-62.2004	-58.7961		needs_metadata_or_OpenLandMap_confirmation	Antarctica representative; Polar soil	PRJNA1464379	Antarctica		confirmed_lat_lon	not_selected_after_project_dedup:candidate	no	external_acidic_soil_project_reads	yes	yes	Metagenome or environmental sample from soil metagenome; soil; Antarctica; 62.2004 S 58.7961 W
SRR38493029	PRJNA1464379	SAMN59707081	Antarctica	Polar soil	Polar soil	Antarctica	-62.2004	-58.7961		needs_metadata_or_OpenLandMap_confirmation	Antarctica representative; Polar soil	PRJNA1464379	Antarctica		confirmed_lat_lon	not_selected_after_project_dedup:candidate	no	external_acidic_soil_project_reads	yes	yes	Metagenome or environmental sample from soil metagenome; soil; Antarctica; 62.2004 S 58.7961 W
SRR38493030	PRJNA1464379	SAMN59707080	Antarctica	Polar soil	Polar soil	Antarctica	-62.2003	-58.7959		needs_metadata_or_OpenLandMap_confirmation	Antarctica representative; Polar soil	PRJNA1464379	Antarctica		confirmed_lat_lon	not_selected_after_project_dedup:candidate	no	external_acidic_soil_project_reads	yes	yes	Metagenome or environmental sample from soil metagenome; soil; Antarctica; 62.2003 S 58.7959 W
SRR38493031	PRJNA1464379	SAMN59707080	Antarctica	Polar soil	Polar soil	Antarctica	-62.2003	-58.7959		needs_metadata_or_OpenLandMap_confirmation	Antarctica representative; Polar soil	PRJNA1464379	Antarctica		confirmed_lat_lon	not_selected_after_project_dedup:candidate	no	external_acidic_soil_project_reads	yes	yes	Metagenome or environmental sample from soil metagenome; soil; Antarctica; 62.2003 S 58.7959 W
SRR38493032	PRJNA1464379	SAMN59707079	Antarctica	Polar soil	Polar soil	Antarctica	-62.2002	-58.7956		needs_metadata_or_OpenLandMap_confirmation	Antarctica representative; Polar soil	PRJNA1464379	Antarctica		confirmed_lat_lon	not_selected_after_project_dedup:candidate	no	external_acidic_soil_project_reads	yes	yes	Metagenome or environmental sample from soil metagenome; soil; Antarctica; 62.2002 S 58.7956 W
SRR38493033	PRJNA1464379	SAMN59707079	Antarctica	Polar soil	Polar soil	Antarctica	-62.2002	-58.7956		needs_metadata_or_OpenLandMap_confirmation	Antarctica representative; Polar soil	PRJNA1464379	Antarctica		confirmed_lat_lon	not_selected_after_project_dedup:candidate	no	external_acidic_soil_project_reads	yes	yes	Metagenome or environmental sample from soil metagenome; soil; Antarctica; 62.2002 S 58.7956 W
SRR38493034	PRJNA1464379	SAMN59707078	Antarctica	Polar soil	Polar soil	Antarctica	-62.2001	-58.7953		needs_metadata_or_OpenLandMap_confirmation	Antarctica representative; Polar soil	PRJNA1464379	Antarctica		confirmed_lat_lon	not_selected_after_project_dedup:candidate	no	external_acidic_soil_project_reads	yes	yes	Metagenome or environmental sample from soil metagenome; soil; Antarctica; 62.2001 S 58.7953 W
SRR38493035	PRJNA1464379	SAMN59707078	Antarctica	Polar soil	Polar soil	Antarctica	-62.2001	-58.7953		needs_metadata_or_OpenLandMap_confirmation	Antarctica representative; Polar soil	PRJNA1464379	Antarctica		confirmed_lat_lon	not_selected_after_project_dedup:candidate	no	external_acidic_soil_project_reads	yes	yes	Metagenome or environmental sample from soil metagenome; soil; Antarctica; 62.2001 S 58.7953 W
SRR38493036	PRJNA1464379	SAMN59707077	Antarctica	Polar soil	Polar soil	Antarctica	-62.2008	-58.7978		needs_metadata_or_OpenLandMap_confirmation	Antarctica representative; Polar soil	PRJNA1464379	Antarctica		confirmed_lat_lon	not_selected_after_project_dedup:candidate	no	external_acidic_soil_project_reads	yes	yes	Metagenome or environmental sample from soil metagenome; soil; Antarctica; 62.2008 S 58.7978 W
SRR38493037	PRJNA1464379	SAMN59707077	Antarctica	Polar soil	Polar soil	Antarctica	-62.2008	-58.7978		needs_metadata_or_OpenLandMap_confirmation	Antarctica representative; Polar soil	PRJNA1464379	Antarctica		confirmed_lat_lon	not_selected_after_project_dedup:candidate	no	external_acidic_soil_project_reads	yes	yes	Metagenome or environmental sample from soil metagenome; soil; Antarctica; 62.2008 S 58.7978 W
SRR38493038	PRJNA1464379	SAMN59707050	Antarctica	Polar soil	Polar soil	Antarctica	-62.2297	-58.7124		needs_metadata_or_OpenLandMap_confirmation	Antarctica representative; Polar soil	PRJNA1464379	Antarctica		confirmed_lat_lon	not_selected_after_project_dedup:candidate	no	external_acidic_soil_project_reads	yes	yes	Metagenome or environmental sample from soil metagenome; soil; Antarctica; 62.2297 S 58.7124 W
SRR38493039	PRJNA1464379	SAMN59707076	Antarctica	Polar soil	Polar soil	Antarctica	-62.2007	-58.7976		needs_metadata_or_OpenLandMap_confirmation	Antarctica representative; Polar soil	PRJNA1464379	Antarctica		confirmed_lat_lon	not_selected_after_project_dedup:candidate	no	external_acidic_soil_project_reads	yes	yes	Metagenome or environmental sample from soil metagenome; soil; Antarctica; 62.2007 S 58.7976 W
SRR38493040	PRJNA1464379	SAMN59707076	Antarctica	Polar soil	Polar soil	Antarctica	-62.2007	-58.7976		needs_metadata_or_OpenLandMap_confirmation	Antarctica representative; Polar soil	PRJNA1464379	Antarctica		confirmed_lat_lon	not_selected_after_project_dedup:candidate	no	external_acidic_soil_project_reads	yes	yes	Metagenome or environmental sample from soil metagenome; soil; Antarctica; 62.2007 S 58.7976 W
SRR38493041	PRJNA1464379	SAMN59707075	Antarctica	Polar soil	Polar soil	Antarctica	-62.2006	-58.7973		needs_metadata_or_OpenLandMap_confirmation	Antarctica representative; Polar soil	PRJNA1464379	Antarctica		confirmed_lat_lon	not_selected_after_project_dedup:candidate	no	external_acidic_soil_project_reads	yes	yes	Metagenome or environmental sample from soil metagenome; soil; Antarctica; 62.2006 S 58.7973 W
SRR38493042	PRJNA1464379	SAMN59707075	Antarctica	Polar soil	Polar soil	Antarctica	-62.2006	-58.7973		needs_metadata_or_OpenLandMap_confirmation	Antarctica representative; Polar soil	PRJNA1464379	Antarctica		confirmed_lat_lon	not_selected_after_project_dedup:candidate	no	external_acidic_soil_project_reads	yes	yes	Metagenome or environmental sample from soil metagenome; soil; Antarctica; 62.2006 S 58.7973 W
SRR38493043	PRJNA1464379	SAMN59707074	Antarctica	Polar soil	Polar soil	Antarctica	-62.2005	-58.7971		needs_metadata_or_OpenLandMap_confirmation	Antarctica representative; Polar soil	PRJNA1464379	Antarctica		confirmed_lat_lon	not_selected_after_project_dedup:candidate	no	external_acidic_soil_project_reads	yes	yes	Metagenome or environmental sample from soil metagenome; soil; Antarctica; 62.2005 S 58.7971 W
SRR38493044	PRJNA1464379	SAMN59707074	Antarctica	Polar soil	Polar soil	Antarctica	-62.2005	-58.7971		needs_metadata_or_OpenLandMap_confirmation	Antarctica representative; Polar soil	PRJNA1464379	Antarctica		confirmed_lat_lon	not_selected_after_project_dedup:candidate	no	external_acidic_soil_project_reads	yes	yes	Metagenome or environmental sample from soil metagenome; soil; Antarctica; 62.2005 S 58.7971 W
SRR38493045	PRJNA1464379	SAMN59707073	Antarctica	Polar soil	Polar soil	Antarctica	-62.2004	-58.7969		needs_metadata_or_OpenLandMap_confirmation	Antarctica representative; Polar soil	PRJNA1464379	Antarctica		confirmed_lat_lon	not_selected_after_project_dedup:candidate	no	external_acidic_soil_project_reads	yes	yes	Metagenome or environmental sample from soil metagenome; soil; Antarctica; 62.2004 S 58.7969 W
SRR38493046	PRJNA1464379	SAMN59707073	Antarctica	Polar soil	Polar soil	Antarctica	-62.2004	-58.7969		needs_metadata_or_OpenLandMap_confirmation	Antarctica representative; Polar soil	PRJNA1464379	Antarctica		confirmed_lat_lon	not_selected_after_project_dedup:candidate	no	external_acidic_soil_project_reads	yes	yes	Metagenome or environmental sample from soil metagenome; soil; Antarctica; 62.2004 S 58.7969 W
SRR38493047	PRJNA1464379	SAMN59707072	Antarctica	Polar soil	Polar soil	Antarctica	-62.2003	-58.7967		needs_metadata_or_OpenLandMap_confirmation	Antarctica representative; Polar soil	PRJNA1464379	Antarctica		confirmed_lat_lon	not_selected_after_project_dedup:candidate	no	external_acidic_soil_project_reads	yes	yes	Metagenome or environmental sample from soil metagenome; soil; Antarctica; 62.2003 S 58.7967 W
SRR38493048	PRJNA1464379	SAMN59707072	Antarctica	Polar soil	Polar soil	Antarctica	-62.2003	-58.7967		needs_metadata_or_OpenLandMap_confirmation	Antarctica representative; Polar soil	PRJNA1464379	Antarctica		confirmed_lat_lon	not_selected_after_project_dedup:candidate	no	external_acidic_soil_project_reads	yes	yes	Metagenome or environmental sample from soil metagenome; soil; Antarctica; 62.2003 S 58.7967 W
SRR38493049	PRJNA1464379	SAMN59707049	Antarctica	Polar soil	Polar soil	Antarctica	-62.2295	-58.7126		needs_metadata_or_OpenLandMap_confirmation	Antarctica representative; Polar soil	PRJNA1464379	Antarctica		confirmed_lat_lon	not_selected_after_project_dedup:candidate	no	external_acidic_soil_project_reads	yes	yes	Metagenome or environmental sample from soil metagenome; soil; Antarctica; 62.2295 S 58.7126 W
SRR38493050	PRJNA1464379	SAMN59707071	Antarctica	Polar soil	Polar soil	Antarctica	-62.2002	-58.7964		needs_metadata_or_OpenLandMap_confirmation	Antarctica representative; Polar soil	PRJNA1464379	Antarctica		confirmed_lat_lon	not_selected_after_project_dedup:candidate	no	external_acidic_soil_project_reads	yes	yes	Metagenome or environmental sample from soil metagenome; soil; Antarctica; 62.2002 S 58.7964 W
SRR38493051	PRJNA1464379	SAMN59707071	Antarctica	Polar soil	Polar soil	Antarctica	-62.2002	-58.7964		needs_metadata_or_OpenLandMap_confirmation	Antarctica representative; Polar soil	PRJNA1464379	Antarctica		confirmed_lat_lon	not_selected_after_project_dedup:candidate	no	external_acidic_soil_project_reads	yes	yes	Metagenome or environmental sample from soil metagenome; soil; Antarctica; 62.2002 S 58.7964 W
SRR38493052	PRJNA1464379	SAMN59707070	Antarctica	Polar soil	Polar soil	Antarctica	-62.2001	-58.7961		needs_metadata_or_OpenLandMap_confirmation	Antarctica representative; Polar soil	PRJNA1464379	Antarctica		confirmed_lat_lon	not_selected_after_project_dedup:candidate	no	external_acidic_soil_project_reads	yes	yes	Metagenome or environmental sample from soil metagenome; soil; Antarctica; 62.2001 S 58.7961 W
SRR38493053	PRJNA1464379	SAMN59707070	Antarctica	Polar soil	Polar soil	Antarctica	-62.2001	-58.7961		needs_metadata_or_OpenLandMap_confirmation	Antarctica representative; Polar soil	PRJNA1464379	Antarctica		confirmed_lat_lon	not_selected_after_project_dedup:candidate	no	external_acidic_soil_project_reads	yes	yes	Metagenome or environmental sample from soil metagenome; soil; Antarctica; 62.2001 S 58.7961 W
SRR38493054	PRJNA1464379	SAMN59707069	Antarctica	Polar soil	Polar soil	Antarctica	-62.2001	-58.7959		needs_metadata_or_OpenLandMap_confirmation	Antarctica representative; Polar soil	PRJNA1464379	Antarctica		confirmed_lat_lon	not_selected_after_project_dedup:candidate	no	external_acidic_soil_project_reads	yes	yes	Metagenome or environmental sample from soil metagenome; soil; Antarctica; 62.2001 S 58.7959 W
SRR38493055	PRJNA1464379	SAMN59707069	Antarctica	Polar soil	Polar soil	Antarctica	-62.2001	-58.7959		needs_metadata_or_OpenLandMap_confirmation	Antarctica representative; Polar soil	PRJNA1464379	Antarctica		confirmed_lat_lon	not_selected_after_project_dedup:candidate	no	external_acidic_soil_project_reads	yes	yes	Metagenome or environmental sample from soil metagenome; soil; Antarctica; 62.2001 S 58.7959 W
SRR38493056	PRJNA1464379	SAMN59707068	Antarctica	Polar soil	Polar soil	Antarctica	-62.2	-58.7956		needs_metadata_or_OpenLandMap_confirmation	Antarctica representative; Polar soil	PRJNA1464379	Antarctica		confirmed_lat_lon	not_selected_after_project_dedup:candidate	no	external_acidic_soil_project_reads	yes	yes	Metagenome or environmental sample from soil metagenome; soil; Antarctica; 62.2000 S 58.7956 W
SRR38493057	PRJNA1464379	SAMN59707068	Antarctica	Polar soil	Polar soil	Antarctica	-62.2	-58.7956		needs_metadata_or_OpenLandMap_confirmation	Antarctica representative; Polar soil	PRJNA1464379	Antarctica		confirmed_lat_lon	not_selected_after_project_dedup:candidate	no	external_acidic_soil_project_reads	yes	yes	Metagenome or environmental sample from soil metagenome; soil; Antarctica; 62.2000 S 58.7956 W
SRR38493058	PRJNA1464379	SAMN59707067	Antarctica	Polar soil	Polar soil	Antarctica	-62.2299	-58.7111		needs_metadata_or_OpenLandMap_confirmation	Antarctica representative; Polar soil	PRJNA1464379	Antarctica		confirmed_lat_lon	not_selected_after_project_dedup:candidate	no	external_acidic_soil_project_reads	yes	yes	Metagenome or environmental sample from soil metagenome; soil; Antarctica; 62.2299 S 58.7111 W
SRR38493059	PRJNA1464379	SAMN59707067	Antarctica	Polar soil	Polar soil	Antarctica	-62.2299	-58.7111		needs_metadata_or_OpenLandMap_confirmation	Antarctica representative; Polar soil	PRJNA1464379	Antarctica		confirmed_lat_lon	not_selected_after_project_dedup:candidate	no	external_acidic_soil_project_reads	yes	yes	Metagenome or environmental sample from soil metagenome; soil; Antarctica; 62.2299 S 58.7111 W
SRR38493060	PRJNA1464379	SAMN59707049	Antarctica	Polar soil	Polar soil	Antarctica	-62.2295	-58.7126		needs_metadata_or_OpenLandMap_confirmation	Antarctica representative; Polar soil	PRJNA1464379	Antarctica		confirmed_lat_lon	not_selected_after_project_dedup:candidate	no	external_acidic_soil_project_reads	yes	yes	Metagenome or environmental sample from soil metagenome; soil; Antarctica; 62.2295 S 58.7126 W
SRR38493061	PRJNA1464379	SAMN59707066	Antarctica	Polar soil	Polar soil	Antarctica	-62.2298	-58.7112		needs_metadata_or_OpenLandMap_confirmation	Antarctica representative; Polar soil	PRJNA1464379	Antarctica		confirmed_lat_lon	not_selected_after_project_dedup:candidate	no	external_acidic_soil_project_reads	yes	yes	Metagenome or environmental sample from soil metagenome; soil; Antarctica; 62.2298 S 58.7112 W
SRR38493062	PRJNA1464379	SAMN59707066	Antarctica	Polar soil	Polar soil	Antarctica	-62.2298	-58.7112		needs_metadata_or_OpenLandMap_confirmation	Antarctica representative; Polar soil	PRJNA1464379	Antarctica		confirmed_lat_lon	not_selected_after_project_dedup:candidate	no	external_acidic_soil_project_reads	yes	yes	Metagenome or environmental sample from soil metagenome; soil; Antarctica; 62.2298 S 58.7112 W
SRR38493063	PRJNA1464379	SAMN59707065	Antarctica	Polar soil	Polar soil	Antarctica	-62.2297	-58.7114		needs_metadata_or_OpenLandMap_confirmation	Antarctica representative; Polar soil	PRJNA1464379	Antarctica		confirmed_lat_lon	not_selected_after_project_dedup:candidate	no	external_acidic_soil_project_reads	yes	yes	Metagenome or environmental sample from soil metagenome; soil; Antarctica; 62.2297 S 58.7114 W
SRR38493064	PRJNA1464379	SAMN59707065	Antarctica	Polar soil	Polar soil	Antarctica	-62.2297	-58.7114		needs_metadata_or_OpenLandMap_confirmation	Antarctica representative; Polar soil	PRJNA1464379	Antarctica		confirmed_lat_lon	not_selected_after_project_dedup:candidate	no	external_acidic_soil_project_reads	yes	yes	Metagenome or environmental sample from soil metagenome; soil; Antarctica; 62.2297 S 58.7114 W
SRR38493065	PRJNA1464379	SAMN59707064	Antarctica	Polar soil	Polar soil	Antarctica	-62.2295	-58.7116		needs_metadata_or_OpenLandMap_confirmation	Antarctica representative; Polar soil	PRJNA1464379	Antarctica		confirmed_lat_lon	not_selected_after_project_dedup:candidate	no	external_acidic_soil_project_reads	yes	yes	Metagenome or environmental sample from soil metagenome; soil; Antarctica; 62.2295 S 58.7116 W
SRR38493066	PRJNA1464379	SAMN59707064	Antarctica	Polar soil	Polar soil	Antarctica	-62.2295	-58.7116		needs_metadata_or_OpenLandMap_confirmation	Antarctica representative; Polar soil	PRJNA1464379	Antarctica		confirmed_lat_lon	not_selected_after_project_dedup:candidate	no	external_acidic_soil_project_reads	yes	yes	Metagenome or environmental sample from soil metagenome; soil; Antarctica; 62.2295 S 58.7116 W
SRR38493067	PRJNA1464379	SAMN59707063	Antarctica	Polar soil	Polar soil	Antarctica	-62.2293	-58.7117		needs_metadata_or_OpenLandMap_confirmation	Antarctica representative; Polar soil	PRJNA1464379	Antarctica		confirmed_lat_lon	not_selected_after_project_dedup:candidate	no	external_acidic_soil_project_reads	yes	yes	Metagenome or environmental sample from soil metagenome; soil; Antarctica; 62.2293 S 58.7117 W
SRR38493068	PRJNA1464379	SAMN59707063	Antarctica	Polar soil	Polar soil	Antarctica	-62.2293	-58.7117		needs_metadata_or_OpenLandMap_confirmation	Antarctica representative; Polar soil	PRJNA1464379	Antarctica		confirmed_lat_lon	not_selected_after_project_dedup:candidate	no	external_acidic_soil_project_reads	yes	yes	Metagenome or environmental sample from soil metagenome; soil; Antarctica; 62.2293 S 58.7117 W
SRR38493069	PRJNA1464379	SAMN59707062	Antarctica	Polar soil	Polar soil	Antarctica	-62.2291	-58.7119		needs_metadata_or_OpenLandMap_confirmation	Antarctica representative; Polar soil	PRJNA1464379	Antarctica		confirmed_lat_lon	not_selected_after_project_dedup:candidate	no	external_acidic_soil_project_reads	yes	yes	Metagenome or environmental sample from soil metagenome; soil; Antarctica; 62.2291 S 58.7119 W
SRR38493070	PRJNA1464379	SAMN59707062	Antarctica	Polar soil	Polar soil	Antarctica	-62.2291	-58.7119		needs_metadata_or_OpenLandMap_confirmation	Antarctica representative; Polar soil	PRJNA1464379	Antarctica		confirmed_lat_lon	not_selected_after_project_dedup:candidate	no	external_acidic_soil_project_reads	yes	yes	Metagenome or environmental sample from soil metagenome; soil; Antarctica; 62.2291 S 58.7119 W
SRR38493071	PRJNA1464379	SAMN59707048	Antarctica	Polar soil	Polar soil	Antarctica	-62.2293	-58.7128		needs_metadata_or_OpenLandMap_confirmation	Antarctica representative; Polar soil	PRJNA1464379	Antarctica		confirmed_lat_lon	not_selected_after_project_dedup:candidate	no	external_acidic_soil_project_reads	yes	yes	Metagenome or environmental sample from soil metagenome; soil; Antarctica; 62.2293 S 58.7128 W
SRR38493072	PRJNA1464379	SAMN59707061	Antarctica	Polar soil	Polar soil	Antarctica	-62.2289	-58.712		needs_metadata_or_OpenLandMap_confirmation	Antarctica representative; Polar soil	PRJNA1464379	Antarctica		confirmed_lat_lon	not_selected_after_project_dedup:candidate	no	external_acidic_soil_project_reads	yes	yes	Metagenome or environmental sample from soil metagenome; soil; Antarctica; 62.2289 S 58.7120 W
SRR38493073	PRJNA1464379	SAMN59707061	Antarctica	Polar soil	Polar soil	Antarctica	-62.2289	-58.712		needs_metadata_or_OpenLandMap_confirmation	Antarctica representative; Polar soil	PRJNA1464379	Antarctica		confirmed_lat_lon	not_selected_after_project_dedup:candidate	no	external_acidic_soil_project_reads	yes	yes	Metagenome or environmental sample from soil metagenome; soil; Antarctica; 62.2289 S 58.7120 W
SRR38493074	PRJNA1464379	SAMN59707060	Antarctica	Polar soil	Polar soil	Antarctica	-62.2301	-58.7114		needs_metadata_or_OpenLandMap_confirmation	Antarctica representative; Polar soil	PRJNA1464379	Antarctica		confirmed_lat_lon	not_selected_after_project_dedup:candidate	no	external_acidic_soil_project_reads	yes	yes	Metagenome or environmental sample from soil metagenome; soil; Antarctica; 62.2301 S 58.7114 W
SRR38493075	PRJNA1464379	SAMN59707060	Antarctica	Polar soil	Polar soil	Antarctica	-62.2301	-58.7114		needs_metadata_or_OpenLandMap_confirmation	Antarctica representative; Polar soil	PRJNA1464379	Antarctica		confirmed_lat_lon	not_selected_after_project_dedup:candidate	no	external_acidic_soil_project_reads	yes	yes	Metagenome or environmental sample from soil metagenome; soil; Antarctica; 62.2301 S 58.7114 W
SRR38493076	PRJNA1464379	SAMN59707059	Antarctica	Polar soil	Polar soil	Antarctica	-62.2299	-58.7116		needs_metadata_or_OpenLandMap_confirmation	Antarctica representative; Polar soil	PRJNA1464379	Antarctica		confirmed_lat_lon	not_selected_after_project_dedup:candidate	no	external_acidic_soil_project_reads	yes	yes	Metagenome or environmental sample from soil metagenome; soil; Antarctica; 62.2299 S 58.7116 W
SRR38493077	PRJNA1464379	SAMN59707059	Antarctica	Polar soil	Polar soil	Antarctica	-62.2299	-58.7116		needs_metadata_or_OpenLandMap_confirmation	Antarctica representative; Polar soil	PRJNA1464379	Antarctica		confirmed_lat_lon	not_selected_after_project_dedup:candidate	no	external_acidic_soil_project_reads	yes	yes	Metagenome or environmental sample from soil metagenome; soil; Antarctica; 62.2299 S 58.7116 W
SRR38493078	PRJNA1464379	SAMN59707058	Antarctica	Polar soil	Polar soil	Antarctica	-62.2298	-58.7118		needs_metadata_or_OpenLandMap_confirmation	Antarctica representative; Polar soil	PRJNA1464379	Antarctica		confirmed_lat_lon	not_selected_after_project_dedup:candidate	no	external_acidic_soil_project_reads	yes	yes	Metagenome or environmental sample from soil metagenome; soil; Antarctica; 62.2298 S 58.7118 W
SRR38493079	PRJNA1464379	SAMN59707058	Antarctica	Polar soil	Polar soil	Antarctica	-62.2298	-58.7118		needs_metadata_or_OpenLandMap_confirmation	Antarctica representative; Polar soil	PRJNA1464379	Antarctica		confirmed_lat_lon	not_selected_after_project_dedup:candidate	no	external_acidic_soil_project_reads	yes	yes	Metagenome or environmental sample from soil metagenome; soil; Antarctica; 62.2298 S 58.7118 W
SRR38493080	PRJNA1464379	SAMN59707057	Antarctica	Polar soil	Polar soil	Antarctica	-62.2296	-58.7119		needs_metadata_or_OpenLandMap_confirmation	Antarctica representative; Polar soil	PRJNA1464379	Antarctica		confirmed_lat_lon	not_selected_after_project_dedup:candidate	no	external_acidic_soil_project_reads	yes	yes	Metagenome or environmental sample from soil metagenome; soil; Antarctica; 62.2296 S 58.7119 W
SRR38493081	PRJNA1464379	SAMN59707057	Antarctica	Polar soil	Polar soil	Antarctica	-62.2296	-58.7119		needs_metadata_or_OpenLandMap_confirmation	Antarctica representative; Polar soil	PRJNA1464379	Antarctica		confirmed_lat_lon	not_selected_after_project_dedup:candidate	no	external_acidic_soil_project_reads	yes	yes	Metagenome or environmental sample from soil metagenome; soil; Antarctica; 62.2296 S 58.7119 W
SRR38493082	PRJNA1464379	SAMN59707048	Antarctica	Polar soil	Polar soil	Antarctica	-62.2293	-58.7128		needs_metadata_or_OpenLandMap_confirmation	Antarctica representative; Polar soil	PRJNA1464379	Antarctica		confirmed_lat_lon	not_selected_after_project_dedup:candidate	no	external_acidic_soil_project_reads	yes	yes	Metagenome or environmental sample from soil metagenome; soil; Antarctica; 62.2293 S 58.7128 W
SRR38493083	PRJNA1464379	SAMN59707056	Antarctica	Polar soil	Polar soil	Antarctica	-62.2294	-58.7121		needs_metadata_or_OpenLandMap_confirmation	Antarctica representative; Polar soil	PRJNA1464379	Antarctica		confirmed_lat_lon	not_selected_after_project_dedup:candidate	no	external_acidic_soil_project_reads	yes	yes	Metagenome or environmental sample from soil metagenome; soil; Antarctica; 62.2294 S 58.7121 W
SRR38493084	PRJNA1464379	SAMN59707056	Antarctica	Polar soil	Polar soil	Antarctica	-62.2294	-58.7121		needs_metadata_or_OpenLandMap_confirmation	Antarctica representative; Polar soil	PRJNA1464379	Antarctica		confirmed_lat_lon	not_selected_after_project_dedup:candidate	no	external_acidic_soil_project_reads	yes	yes	Metagenome or environmental sample from soil metagenome; soil; Antarctica; 62.2294 S 58.7121 W
SRR38493085	PRJNA1464379	SAMN59707055	Antarctica	Polar soil	Polar soil	Antarctica	-62.2293	-58.7123		needs_metadata_or_OpenLandMap_confirmation	Antarctica representative; Polar soil	PRJNA1464379	Antarctica		confirmed_lat_lon	not_selected_after_project_dedup:candidate	no	external_acidic_soil_project_reads	yes	yes	Metagenome or environmental sample from soil metagenome; soil; Antarctica; 62.2293 S 58.7123 W
SRR38493086	PRJNA1464379	SAMN59707055	Antarctica	Polar soil	Polar soil	Antarctica	-62.2293	-58.7123		needs_metadata_or_OpenLandMap_confirmation	Antarctica representative; Polar soil	PRJNA1464379	Antarctica		confirmed_lat_lon	not_selected_after_project_dedup:candidate	no	external_acidic_soil_project_reads	yes	yes	Metagenome or environmental sample from soil metagenome; soil; Antarctica; 62.2293 S 58.7123 W
SRR38493087	PRJNA1464379	SAMN59707054	Antarctica	Polar soil	Polar soil	Antarctica	-62.2291	-58.7125		needs_metadata_or_OpenLandMap_confirmation	Antarctica representative; Polar soil	PRJNA1464379	Antarctica		confirmed_lat_lon	not_selected_after_project_dedup:candidate	no	external_acidic_soil_project_reads	yes	yes	Metagenome or environmental sample from soil metagenome; soil; Antarctica; 62.2291 S 58.7125 W
SRR38493088	PRJNA1464379	SAMN59707054	Antarctica	Polar soil	Polar soil	Antarctica	-62.2291	-58.7125		needs_metadata_or_OpenLandMap_confirmation	Antarctica representative; Polar soil	PRJNA1464379	Antarctica		confirmed_lat_lon	not_selected_after_project_dedup:candidate	no	external_acidic_soil_project_reads	yes	yes	Metagenome or environmental sample from soil metagenome; soil; Antarctica; 62.2291 S 58.7125 W
SRR38493089	PRJNA1464379	SAMN59707053	Antarctica	Polar soil	Polar soil	Antarctica	-62.2301	-58.7118		needs_metadata_or_OpenLandMap_confirmation	Antarctica representative; Polar soil	PRJNA1464379	Antarctica		confirmed_lat_lon	not_selected_after_project_dedup:candidate	no	external_acidic_soil_project_reads	yes	yes	Metagenome or environmental sample from soil metagenome; soil; Antarctica; 62.2301 S 58.7118 W
SRR38493090	PRJNA1464379	SAMN59707053	Antarctica	Polar soil	Polar soil	Antarctica	-62.2301	-58.7118		needs_metadata_or_OpenLandMap_confirmation	Antarctica representative; Polar soil	PRJNA1464379	Antarctica		confirmed_lat_lon	not_selected_after_project_dedup:candidate	no	external_acidic_soil_project_reads	yes	yes	Metagenome or environmental sample from soil metagenome; soil; Antarctica; 62.2301 S 58.7118 W
SRR38493091	PRJNA1464379	SAMN59707052	Antarctica	Polar soil	Polar soil	Antarctica	-62.23	-58.712		needs_metadata_or_OpenLandMap_confirmation	Antarctica representative; Polar soil	PRJNA1464379	Antarctica		confirmed_lat_lon	not_selected_after_project_dedup:candidate	no	external_acidic_soil_project_reads	yes	yes	Metagenome or environmental sample from soil metagenome; soil; Antarctica; 62.2300 S 58.7120 W
SRR38493092	PRJNA1464379	SAMN59707052	Antarctica	Polar soil	Polar soil	Antarctica	-62.23	-58.712		needs_metadata_or_OpenLandMap_confirmation	Antarctica representative; Polar soil	PRJNA1464379	Antarctica		confirmed_lat_lon	not_selected_after_project_dedup:candidate	no	external_acidic_soil_project_reads	yes	yes	Metagenome or environmental sample from soil metagenome; soil; Antarctica; 62.2300 S 58.7120 W
SRR38493093	PRJNA1464379	SAMN59707047	Antarctica	Polar soil	Polar soil	Antarctica	-62.2292	-58.713		needs_metadata_or_OpenLandMap_confirmation	Antarctica representative; Polar soil	PRJNA1464379	Antarctica		confirmed_lat_lon	not_selected_after_project_dedup:candidate	no	external_acidic_soil_project_reads	yes	yes	Metagenome or environmental sample from soil metagenome; soil; Antarctica; 62.2292 S 58.7130 W
SRR38493094	PRJNA1464379	SAMN59707047	Antarctica	Polar soil	Polar soil	Antarctica	-62.2292	-58.713		needs_metadata_or_OpenLandMap_confirmation	Antarctica representative; Polar soil	PRJNA1464379	Antarctica		confirmed_lat_lon	not_selected_after_project_dedup:candidate	no	external_acidic_soil_project_reads	yes	yes	Metagenome or environmental sample from soil metagenome; soil; Antarctica; 62.2292 S 58.7130 W
SRR14916420	PRJNA738680	SAMN19868098	Antarctica	Polar soil	Polar soil	Antarctica	-62.4625	-59.77083333		needs_metadata_or_OpenLandMap_confirmation	Antarctica representative; Polar soil	PRJNA738680	Antarctica		confirmed_lat_lon	exclude_non_soil_or_unclear_source	no	external_acidic_soil_project_reads	no	yes	QUI; not applicable; not applicable; not applicable; Antarctica; 62.4625 S 59.77083333 W; Illumina sequencing was applied to the nine replicates of glacial ice: QUI 16S R1. Purified DNA was quantified and 1ng of input DNA was used in a first PCR of 20 cycles with Q5 Hot Start High-Fidelity DNA Polymerase in the presence of 100nM primers for 16S and 18S amplification. After the first PCR, a second PCR of 15 cycles was performed with Q5 Hot Start High-Fidelity DNA Polymerase in the presence of 400nM of primers of the Access Array Barcode Library for Illumina Sequencers. The finally obtained amplicons were validated and quantified by Bioanalyzer and an equimolecular pool was purified using AMPure beads and titrated by quantitative PCR using the Kapa-SYBR FAST qPCR kit for LightCycler 480 and a reference standard for quantification. The pool of amplicons were denatured prior to be seeded on a flowcell at a density of 10pM, where clusters were formed and sequenced using a MiSeq Reagent Kit v3, in a 2x300 pair-end sequencing run on a MiSeq sequencer to obtain 100000 reads per sample approximately. Genomic data were analyzed with Base Space platform.
SRR14916421	PRJNA738680	SAMN19868099	Antarctica	Polar soil	Polar soil	Antarctica	-62.45	-58.46666666		needs_metadata_or_OpenLandMap_confirmation	Antarctica representative; Polar soil	PRJNA738680	Antarctica		confirmed_lat_lon	exclude_non_soil_or_unclear_source	no	external_acidic_soil_project_reads	no	yes	MPI; not applicable; not applicable; not applicable; Antarctica; 62.45 S 58.46666666 W; Illumina sequencing was applied to the nine replicates of glacial ice: MPI 16S R1. Purified DNA was quantified and 1ng of input DNA was used in a first PCR of 20 cycles with Q5 Hot Start High-Fidelity DNA Polymerase in the presence of 100nM primers for 16S and 18S amplification. After the first PCR, a second PCR of 15 cycles was performed with Q5 Hot Start High-Fidelity DNA Polymerase in the presence of 400nM of primers of the Access Array Barcode Library for Illumina Sequencers. The finally obtained amplicons were validated and quantified by Bioanalyzer and an equimolecular pool was purified using AMPure beads and titrated by quantitative PCR using the Kapa-SYBR FAST qPCR kit for LightCycler 480 and a reference standard for quantification. The pool of amplicons were denatured prior to be seeded on a flowcell at a density of 10pM, where clusters were formed and sequenced using a MiSeq Reagent Kit v3, in a 2x300 pair-end sequencing run on a MiSeq sequencer to obtain 100000 reads per sample approximately. Genomic data were analyzed with Base Space platform.
SRR14916422	PRJNA738680	SAMN19868100	Antarctica	Polar soil	Polar soil	Antarctica	-62.925	-60.54444444		needs_metadata_or_OpenLandMap_confirmation	Antarctica representative; Polar soil	PRJNA738680	Antarctica		confirmed_lat_lon	exclude_non_soil_or_unclear_source	no	external_acidic_soil_project_reads	no	yes	MAC; not applicable; not applicable; not applicable; Antarctica; 62.925 S 60.54444444 W; Illumina sequencing was applied to the nine replicates of glacial ice: MAC 16S R1. Purified DNA was quantified and 1ng of input DNA was used in a first PCR of 20 cycles with Q5 Hot Start High-Fidelity DNA Polymerase in the presence of 100nM primers for 16S and 18S amplification. After the first PCR, a second PCR of 15 cycles was performed with Q5 Hot Start High-Fidelity DNA Polymerase in the presence of 400nM of primers of the Access Array Barcode Library for Illumina Sequencers. The finally obtained amplicons were validated and quantified by Bioanalyzer and an equimolecular pool was purified using AMPure beads and titrated by quantitative PCR using the Kapa-SYBR FAST qPCR kit for LightCycler 480 and a reference standard for quantification. The pool of amplicons were denatured prior to be seeded on a flowcell at a density of 10pM, where clusters were formed and sequenced using a MiSeq Reagent Kit v3, in a 2x300 pair-end sequencing run on a MiSeq sequencer to obtain 100000 reads per sample approximately. Genomic data were analyzed with Base Space platform.
SRR14916423	PRJNA738680	SAMN19868101	Antarctica	Polar soil	Polar soil	Antarctica	-62.6680556	-60.35972222		needs_metadata_or_OpenLandMap_confirmation	Antarctica representative; Polar soil	PRJNA738680	Antarctica		confirmed_lat_lon	exclude_non_soil_or_unclear_source	no	external_acidic_soil_project_reads	no	yes	JOH; not applicable; not applicable; not applicable; Antarctica; 62.6680556 S 60.35972222 W; Illumina sequencing was applied to the nine replicates of glacial ice: JOH 16S R1. Purified DNA was quantified and 1ng of input DNA was used in a first PCR of 20 cycles with Q5 Hot Start High-Fidelity DNA Polymerase in the presence of 100nM primers for 16S and 18S amplification. After the first PCR, a second PCR of 15 cycles was performed with Q5 Hot Start High-Fidelity DNA Polymerase in the presence of 400nM of primers of the Access Array Barcode Library for Illumina Sequencers. The finally obtained amplicons were validated and quantified by Bioanalyzer and an equimolecular pool was purified using AMPure beads and titrated by quantitative PCR using the Kapa-SYBR FAST qPCR kit for LightCycler 480 and a reference standard for quantification. The pool of amplicons were denatured prior to be seeded on a flowcell at a density of 10pM, where clusters were formed and sequenced using a MiSeq Reagent Kit v3, in a 2x300 pair-end sequencing run on a MiSeq sequencer to obtain 100000 reads per sample approximately. Genomic data were analyzed with Base Space platform.
SRR38308589	PRJNA1192582	SAMN45115834	Antarctica	Polar soil	Polar soil	Antarctica: Beaufort Island	-76.973222	166.973222		needs_metadata_or_OpenLandMap_confirmation	Antarctica representative; Polar soil	PRJNA1192582	Antarctica: Beaufort Island		confirmed_lat_lon	exclude_non_soil_or_unclear_source	no	external_acidic_soil_project_reads	no	yes	MIMAG Metagenome-assembled Genome sample from Clostridium sp.; enriched culture from Antartic soil contaminated with penguin feces; guano deposition; Emperor penguin habitat; soil; Antarctica: Beaufort Island; 76.973222 S 166.973222 E
ERR15963632	PRJEB103811	SAMEA120610243	Antarctica	Polar soil	Polar soil					needs_metadata_or_OpenLandMap_confirmation	Antarctica representative; Polar soil	PRJEB103811	SAMEA120610243		missing_location	exclude_non_soil_or_unclear_source	no	external_acidic_soil_project_reads	no	yes	
ERR15963636	PRJEB103811	SAMEA120610246	Antarctica	Polar soil	Polar soil					needs_metadata_or_OpenLandMap_confirmation	Antarctica representative; Polar soil	PRJEB103811	SAMEA120610246		missing_location	exclude_non_soil_or_unclear_source	no	external_acidic_soil_project_reads	no	yes	
ERR15963199	PRJEB103811	SAMEA120609990	Antarctica	Polar soil	Polar soil					needs_metadata_or_OpenLandMap_confirmation	Antarctica representative; Polar soil	PRJEB103811	SAMEA120609990		missing_location	exclude_non_soil_or_unclear_source	no	external_acidic_soil_project_reads	no	yes	
ERR15963633	PRJEB103811	SAMEA120610244	Antarctica	Polar soil	Polar soil					needs_metadata_or_OpenLandMap_confirmation	Antarctica representative; Polar soil	PRJEB103811	SAMEA120610244		missing_location	exclude_non_soil_or_unclear_source	no	external_acidic_soil_project_reads	no	yes	
ERR15963635	PRJEB103811	SAMEA120610247	Antarctica	Polar soil	Polar soil					needs_metadata_or_OpenLandMap_confirmation	Antarctica representative; Polar soil	PRJEB103811	SAMEA120610247		missing_location	exclude_non_soil_or_unclear_source	no	external_acidic_soil_project_reads	no	yes	
ERR15963634	PRJEB103811	SAMEA120610245	Antarctica	Polar soil	Polar soil					needs_metadata_or_OpenLandMap_confirmation	Antarctica representative; Polar soil	PRJEB103811	SAMEA120610245		missing_location	exclude_non_soil_or_unclear_source	no	external_acidic_soil_project_reads	no	yes	
SRR37654831	PRJNA1438373	SAMN56536137	Antarctica	Polar soil	Polar soil	Antarctica: Great Wall Station	-62.2	-58.99389		needs_metadata_or_OpenLandMap_confirmation	Antarctica representative; Polar soil	PRJNA1438373	Antarctica: Great Wall Station		confirmed_lat_lon	not_selected_after_project_dedup:candidate	no	external_acidic_soil_project_reads	yes	yes	bare10; polar biome; tundra; soil; Antarctica: Great Wall Station; 62.20000 S 58.99389 W
SRR37654832	PRJNA1438373	SAMN56536217	Antarctica	Polar soil	Polar soil	Antarctica: Great Wall Station	-62.19722	-58.94639		needs_metadata_or_OpenLandMap_confirmation	Antarctica representative; Polar soil	PRJNA1438373	Antarctica: Great Wall Station		confirmed_lat_lon	not_selected_after_project_dedup:candidate	no	external_acidic_soil_project_reads	yes	yes	vascular plant25; polar biome; tundra; soil; Antarctica: Great Wall Station; 62.19722 S 58.94639 W
SRR37654833	PRJNA1438373	SAMN56536216	Antarctica	Polar soil	Polar soil	Antarctica: Great Wall Station	-62.19722	-58.94639		needs_metadata_or_OpenLandMap_confirmation	Antarctica representative; Polar soil	PRJNA1438373	Antarctica: Great Wall Station		confirmed_lat_lon	not_selected_after_project_dedup:candidate	no	external_acidic_soil_project_reads	yes	yes	vascular plant24; polar biome; tundra; soil; Antarctica: Great Wall Station; 62.19722 S 58.94639 W
SRR37654834	PRJNA1438373	SAMN56536215	Antarctica	Polar soil	Polar soil	Antarctica: Great Wall Station	-62.19722	-58.94639		needs_metadata_or_OpenLandMap_confirmation	Antarctica representative; Polar soil	PRJNA1438373	Antarctica: Great Wall Station		confirmed_lat_lon	not_selected_after_project_dedup:candidate	no	external_acidic_soil_project_reads	yes	yes	vascular plant23; polar biome; tundra; soil; Antarctica: Great Wall Station; 62.19722 S 58.94639 W
SRR37654835	PRJNA1438373	SAMN56536214	Antarctica	Polar soil	Polar soil	Antarctica: Great Wall Station	-62.19722	-58.94639		needs_metadata_or_OpenLandMap_confirmation	Antarctica representative; Polar soil	PRJNA1438373	Antarctica: Great Wall Station		confirmed_lat_lon	not_selected_after_project_dedup:candidate	no	external_acidic_soil_project_reads	yes	yes	vascular plant22; polar biome; tundra; soil; Antarctica: Great Wall Station; 62.19722 S 58.94639 W
SRR37654836	PRJNA1438373	SAMN56536213	Antarctica	Polar soil	Polar soil	Antarctica: Great Wall Station	-62.19722	-58.94639		needs_metadata_or_OpenLandMap_confirmation	Antarctica representative; Polar soil	PRJNA1438373	Antarctica: Great Wall Station		confirmed_lat_lon	not_selected_after_project_dedup:candidate	no	external_acidic_soil_project_reads	yes	yes	vascular plant21; polar biome; tundra; soil; Antarctica: Great Wall Station; 62.19722 S 58.94639 W
SRR37654837	PRJNA1438373	SAMN56536212	Antarctica	Polar soil	Polar soil	Antarctica: Great Wall Station	-62.19639	-58.94111		needs_metadata_or_OpenLandMap_confirmation	Antarctica representative; Polar soil	PRJNA1438373	Antarctica: Great Wall Station		confirmed_lat_lon	not_selected_after_project_dedup:candidate	no	external_acidic_soil_project_reads	yes	yes	vascular plant20; polar biome; tundra; soil; Antarctica: Great Wall Station; 62.19639 S 58.94111 W
SRR37654838	PRJNA1438373	SAMN56536211	Antarctica	Polar soil	Polar soil	Antarctica: Great Wall Station	-62.19639	-58.94111		needs_metadata_or_OpenLandMap_confirmation	Antarctica representative; Polar soil	PRJNA1438373	Antarctica: Great Wall Station		confirmed_lat_lon	not_selected_after_project_dedup:candidate	no	external_acidic_soil_project_reads	yes	yes	vascular plant19; polar biome; tundra; soil; Antarctica: Great Wall Station; 62.19639 S 58.94111 W
SRR37654839	PRJNA1438373	SAMN56536210	Antarctica	Polar soil	Polar soil	Antarctica: Great Wall Station	-62.19639	-58.94111		needs_metadata_or_OpenLandMap_confirmation	Antarctica representative; Polar soil	PRJNA1438373	Antarctica: Great Wall Station		confirmed_lat_lon	not_selected_after_project_dedup:candidate	no	external_acidic_soil_project_reads	yes	yes	vascular plant18; polar biome; tundra; soil; Antarctica: Great Wall Station; 62.19639 S 58.94111 W
SRR37654840	PRJNA1438373	SAMN56536209	Antarctica	Polar soil	Polar soil	Antarctica: Great Wall Station	-62.19639	-58.94111		needs_metadata_or_OpenLandMap_confirmation	Antarctica representative; Polar soil	PRJNA1438373	Antarctica: Great Wall Station		confirmed_lat_lon	not_selected_after_project_dedup:candidate	no	external_acidic_soil_project_reads	yes	yes	vascular plant17; polar biome; tundra; soil; Antarctica: Great Wall Station; 62.19639 S 58.94111 W
SRR37654841	PRJNA1438373	SAMN56536208	Antarctica	Polar soil	Polar soil	Antarctica: Great Wall Station	-62.19639	-58.94111		needs_metadata_or_OpenLandMap_confirmation	Antarctica representative; Polar soil	PRJNA1438373	Antarctica: Great Wall Station		confirmed_lat_lon	not_selected_after_project_dedup:candidate	no	external_acidic_soil_project_reads	yes	yes	vascular plant16; polar biome; tundra; soil; Antarctica: Great Wall Station; 62.19639 S 58.94111 W
SRR37654842	PRJNA1438373	SAMN56536136	Antarctica	Polar soil	Polar soil	Antarctica: Great Wall Station	-62.2	-58.99389		needs_metadata_or_OpenLandMap_confirmation	Antarctica representative; Polar soil	PRJNA1438373	Antarctica: Great Wall Station		confirmed_lat_lon	not_selected_after_project_dedup:candidate	no	external_acidic_soil_project_reads	yes	yes	bare9; polar biome; tundra; soil; Antarctica: Great Wall Station; 62.20000 S 58.99389 W
SRR37654843	PRJNA1438373	SAMN56536207	Antarctica	Polar soil	Polar soil	Antarctica: Great Wall Station	-62.21167	-59.01337		needs_metadata_or_OpenLandMap_confirmation	Antarctica representative; Polar soil	PRJNA1438373	Antarctica: Great Wall Station		confirmed_lat_lon	not_selected_after_project_dedup:candidate	no	external_acidic_soil_project_reads	yes	yes	vascular plant15; polar biome; tundra; soil; Antarctica: Great Wall Station; 62.21167 S 59.01337 W
SRR37654844	PRJNA1438373	SAMN56536206	Antarctica	Polar soil	Polar soil	Antarctica: Great Wall Station	-62.21167	-59.01336		needs_metadata_or_OpenLandMap_confirmation	Antarctica representative; Polar soil	PRJNA1438373	Antarctica: Great Wall Station		confirmed_lat_lon	not_selected_after_project_dedup:candidate	no	external_acidic_soil_project_reads	yes	yes	vascular plant14; polar biome; tundra; soil; Antarctica: Great Wall Station; 62.21167 S 59.01336 W
SRR37654845	PRJNA1438373	SAMN56536205	Antarctica	Polar soil	Polar soil	Antarctica: Great Wall Station	-62.21167	-59.01335		needs_metadata_or_OpenLandMap_confirmation	Antarctica representative; Polar soil	PRJNA1438373	Antarctica: Great Wall Station		confirmed_lat_lon	not_selected_after_project_dedup:candidate	no	external_acidic_soil_project_reads	yes	yes	vascular plant13; polar biome; tundra; soil; Antarctica: Great Wall Station; 62.21167 S 59.01335 W
SRR37654846	PRJNA1438373	SAMN56536204	Antarctica	Polar soil	Polar soil	Antarctica: Great Wall Station	-62.21167	-59.01334		needs_metadata_or_OpenLandMap_confirmation	Antarctica representative; Polar soil	PRJNA1438373	Antarctica: Great Wall Station		confirmed_lat_lon	not_selected_after_project_dedup:candidate	no	external_acidic_soil_project_reads	yes	yes	vascular plant12; polar biome; tundra; soil; Antarctica: Great Wall Station; 62.21167 S 59.01334 W
SRR37654847	PRJNA1438373	SAMN56536203	Antarctica	Polar soil	Polar soil	Antarctica: Great Wall Station	-62.21167	-59.01333		needs_metadata_or_OpenLandMap_confirmation	Antarctica representative; Polar soil	PRJNA1438373	Antarctica: Great Wall Station		confirmed_lat_lon	not_selected_after_project_dedup:candidate	no	external_acidic_soil_project_reads	yes	yes	vascular plant11; polar biome; tundra; soil; Antarctica: Great Wall Station; 62.21167 S 59.01333 W
SRR37654848	PRJNA1438373	SAMN56536202	Antarctica	Polar soil	Polar soil	Antarctica: Great Wall Station	-62.2	-58.99389		needs_metadata_or_OpenLandMap_confirmation	Antarctica representative; Polar soil	PRJNA1438373	Antarctica: Great Wall Station		confirmed_lat_lon	not_selected_after_project_dedup:candidate	no	external_acidic_soil_project_reads	yes	yes	vascular plant10; polar biome; tundra; soil; Antarctica: Great Wall Station; 62.20000 S 58.99389 W
SRR37654849	PRJNA1438373	SAMN56536201	Antarctica	Polar soil	Polar soil	Antarctica: Great Wall Station	-62.2	-58.99389		needs_metadata_or_OpenLandMap_confirmation	Antarctica representative; Polar soil	PRJNA1438373	Antarctica: Great Wall Station		confirmed_lat_lon	not_selected_after_project_dedup:candidate	no	external_acidic_soil_project_reads	yes	yes	vascular plant9; polar biome; tundra; soil; Antarctica: Great Wall Station; 62.20000 S 58.99389 W
SRR37654850	PRJNA1438373	SAMN56536200	Antarctica	Polar soil	Polar soil	Antarctica: Great Wall Station	-62.2	-58.99389		needs_metadata_or_OpenLandMap_confirmation	Antarctica representative; Polar soil	PRJNA1438373	Antarctica: Great Wall Station		confirmed_lat_lon	not_selected_after_project_dedup:candidate	no	external_acidic_soil_project_reads	yes	yes	vascular plant8; polar biome; tundra; soil; Antarctica: Great Wall Station; 62.20000 S 58.99389 W
SRR37654851	PRJNA1438373	SAMN56536199	Antarctica	Polar soil	Polar soil	Antarctica: Great Wall Station	-62.2	-58.99389		needs_metadata_or_OpenLandMap_confirmation	Antarctica representative; Polar soil	PRJNA1438373	Antarctica: Great Wall Station		confirmed_lat_lon	not_selected_after_project_dedup:candidate	no	external_acidic_soil_project_reads	yes	yes	vascular plant7; polar biome; tundra; soil; Antarctica: Great Wall Station; 62.20000 S 58.99389 W
SRR37654852	PRJNA1438373	SAMN56536198	Antarctica	Polar soil	Polar soil	Antarctica: Great Wall Station	-62.2	-58.99389		needs_metadata_or_OpenLandMap_confirmation	Antarctica representative; Polar soil	PRJNA1438373	Antarctica: Great Wall Station		confirmed_lat_lon	not_selected_after_project_dedup:candidate	no	external_acidic_soil_project_reads	yes	yes	vascular plant6; polar biome; tundra; soil; Antarctica: Great Wall Station; 62.20000 S 58.99389 W
SRR37654853	PRJNA1438373	SAMN56536135	Antarctica	Polar soil	Polar soil	Antarctica: Great Wall Station	-62.2	-58.99389		needs_metadata_or_OpenLandMap_confirmation	Antarctica representative; Polar soil	PRJNA1438373	Antarctica: Great Wall Station		confirmed_lat_lon	not_selected_after_project_dedup:candidate	no	external_acidic_soil_project_reads	yes	yes	bare8; polar biome; tundra; soil; Antarctica: Great Wall Station; 62.20000 S 58.99389 W
SRR37654854	PRJNA1438373	SAMN56536197	Antarctica	Polar soil	Polar soil	Antarctica: Great Wall Station	-62.20472	-58.95722		needs_metadata_or_OpenLandMap_confirmation	Antarctica representative; Polar soil	PRJNA1438373	Antarctica: Great Wall Station		confirmed_lat_lon	not_selected_after_project_dedup:candidate	no	external_acidic_soil_project_reads	yes	yes	vascular plant5; polar biome; tundra; soil; Antarctica: Great Wall Station; 62.20472 S 58.95722 W
SRR37654855	PRJNA1438373	SAMN56536196	Antarctica	Polar soil	Polar soil	Antarctica: Great Wall Station	-62.20472	-58.95722		needs_metadata_or_OpenLandMap_confirmation	Antarctica representative; Polar soil	PRJNA1438373	Antarctica: Great Wall Station		confirmed_lat_lon	not_selected_after_project_dedup:candidate	no	external_acidic_soil_project_reads	yes	yes	vascular plant4; polar biome; tundra; soil; Antarctica: Great Wall Station; 62.20472 S 58.95722 W
SRR37654856	PRJNA1438373	SAMN56536195	Antarctica	Polar soil	Polar soil	Antarctica: Great Wall Station	-62.20472	-58.95722		needs_metadata_or_OpenLandMap_confirmation	Antarctica representative; Polar soil	PRJNA1438373	Antarctica: Great Wall Station		confirmed_lat_lon	not_selected_after_project_dedup:candidate	no	external_acidic_soil_project_reads	yes	yes	vascular plant3; polar biome; tundra; soil; Antarctica: Great Wall Station; 62.20472 S 58.95722 W
SRR37654857	PRJNA1438373	SAMN56536194	Antarctica	Polar soil	Polar soil	Antarctica: Great Wall Station	-62.20472	-58.95722		needs_metadata_or_OpenLandMap_confirmation	Antarctica representative; Polar soil	PRJNA1438373	Antarctica: Great Wall Station		confirmed_lat_lon	not_selected_after_project_dedup:candidate	no	external_acidic_soil_project_reads	yes	yes	vascular plant2; polar biome; tundra; soil; Antarctica: Great Wall Station; 62.20472 S 58.95722 W
SRR37654858	PRJNA1438373	SAMN56536193	Antarctica	Polar soil	Polar soil	Antarctica: Great Wall Station	-62.20472	-58.95722		needs_metadata_or_OpenLandMap_confirmation	Antarctica representative; Polar soil	PRJNA1438373	Antarctica: Great Wall Station		confirmed_lat_lon	not_selected_after_project_dedup:candidate	no	external_acidic_soil_project_reads	yes	yes	vascular plant1; polar biome; tundra; soil; Antarctica: Great Wall Station; 62.20472 S 58.95722 W
SRR37654859	PRJNA1438373	SAMN56536192	Antarctica	Polar soil	Polar soil	Antarctica: Great Wall Station	-62.19722	-58.94639		needs_metadata_or_OpenLandMap_confirmation	Antarctica representative; Polar soil	PRJNA1438373	Antarctica: Great Wall Station		confirmed_lat_lon	not_selected_after_project_dedup:candidate	no	external_acidic_soil_project_reads	yes	yes	moss25; polar biome; tundra; soil; Antarctica: Great Wall Station; 62.19722 S 58.94639 W
SRR37654860	PRJNA1438373	SAMN56536191	Antarctica	Polar soil	Polar soil	Antarctica: Great Wall Station	-62.19722	-58.94639		needs_metadata_or_OpenLandMap_confirmation	Antarctica representative; Polar soil	PRJNA1438373	Antarctica: Great Wall Station		confirmed_lat_lon	not_selected_after_project_dedup:candidate	no	external_acidic_soil_project_reads	yes	yes	moss24; polar biome; tundra; soil; Antarctica: Great Wall Station; 62.19722 S 58.94639 W
SRR37654861	PRJNA1438373	SAMN56536190	Antarctica	Polar soil	Polar soil	Antarctica: Great Wall Station	-62.19722	-58.94639		needs_metadata_or_OpenLandMap_confirmation	Antarctica representative; Polar soil	PRJNA1438373	Antarctica: Great Wall Station		confirmed_lat_lon	not_selected_after_project_dedup:candidate	no	external_acidic_soil_project_reads	yes	yes	moss23; polar biome; tundra; soil; Antarctica: Great Wall Station; 62.19722 S 58.94639 W
SRR37654862	PRJNA1438373	SAMN56536189	Antarctica	Polar soil	Polar soil	Antarctica: Great Wall Station	-62.19722	-58.94639		needs_metadata_or_OpenLandMap_confirmation	Antarctica representative; Polar soil	PRJNA1438373	Antarctica: Great Wall Station		confirmed_lat_lon	not_selected_after_project_dedup:candidate	no	external_acidic_soil_project_reads	yes	yes	moss22; polar biome; tundra; soil; Antarctica: Great Wall Station; 62.19722 S 58.94639 W
SRR37654863	PRJNA1438373	SAMN56536188	Antarctica	Polar soil	Polar soil	Antarctica: Great Wall Station	-62.19722	-58.94639		needs_metadata_or_OpenLandMap_confirmation	Antarctica representative; Polar soil	PRJNA1438373	Antarctica: Great Wall Station		confirmed_lat_lon	not_selected_after_project_dedup:candidate	no	external_acidic_soil_project_reads	yes	yes	moss21; polar biome; tundra; soil; Antarctica: Great Wall Station; 62.19722 S 58.94639 W
SRR37654864	PRJNA1438373	SAMN56536134	Antarctica	Polar soil	Polar soil	Antarctica: Great Wall Station	-62.2	-58.99389		needs_metadata_or_OpenLandMap_confirmation	Antarctica representative; Polar soil	PRJNA1438373	Antarctica: Great Wall Station		confirmed_lat_lon	not_selected_after_project_dedup:candidate	no	external_acidic_soil_project_reads	yes	yes	bare7; polar biome; tundra; soil; Antarctica: Great Wall Station; 62.20000 S 58.99389 W
SRR37654865	PRJNA1438373	SAMN56536187	Antarctica	Polar soil	Polar soil	Antarctica: Great Wall Station	-62.19639	-58.94111		needs_metadata_or_OpenLandMap_confirmation	Antarctica representative; Polar soil	PRJNA1438373	Antarctica: Great Wall Station		confirmed_lat_lon	not_selected_after_project_dedup:candidate	no	external_acidic_soil_project_reads	yes	yes	moss20; polar biome; tundra; soil; Antarctica: Great Wall Station; 62.19639 S 58.94111 W
SRR37654866	PRJNA1438373	SAMN56536186	Antarctica	Polar soil	Polar soil	Antarctica: Great Wall Station	-62.19639	-58.94111		needs_metadata_or_OpenLandMap_confirmation	Antarctica representative; Polar soil	PRJNA1438373	Antarctica: Great Wall Station		confirmed_lat_lon	not_selected_after_project_dedup:candidate	no	external_acidic_soil_project_reads	yes	yes	moss19; polar biome; tundra; soil; Antarctica: Great Wall Station; 62.19639 S 58.94111 W
SRR37654867	PRJNA1438373	SAMN56536185	Antarctica	Polar soil	Polar soil	Antarctica: Great Wall Station	-62.19639	-58.94111		needs_metadata_or_OpenLandMap_confirmation	Antarctica representative; Polar soil	PRJNA1438373	Antarctica: Great Wall Station		confirmed_lat_lon	not_selected_after_project_dedup:candidate	no	external_acidic_soil_project_reads	yes	yes	moss18; polar biome; tundra; soil; Antarctica: Great Wall Station; 62.19639 S 58.94111 W
SRR37654868	PRJNA1438373	SAMN56536184	Antarctica	Polar soil	Polar soil	Antarctica: Great Wall Station	-62.19639	-58.94111		needs_metadata_or_OpenLandMap_confirmation	Antarctica representative; Polar soil	PRJNA1438373	Antarctica: Great Wall Station		confirmed_lat_lon	not_selected_after_project_dedup:candidate	no	external_acidic_soil_project_reads	yes	yes	moss17; polar biome; tundra; soil; Antarctica: Great Wall Station; 62.19639 S 58.94111 W
SRR37654869	PRJNA1438373	SAMN56536183	Antarctica	Polar soil	Polar soil	Antarctica: Great Wall Station	-62.19639	-58.94111		needs_metadata_or_OpenLandMap_confirmation	Antarctica representative; Polar soil	PRJNA1438373	Antarctica: Great Wall Station		confirmed_lat_lon	not_selected_after_project_dedup:candidate	no	external_acidic_soil_project_reads	yes	yes	moss16; polar biome; tundra; soil; Antarctica: Great Wall Station; 62.19639 S 58.94111 W
SRR37654870	PRJNA1438373	SAMN56536182	Antarctica	Polar soil	Polar soil	Antarctica: Great Wall Station	-62.21167	-59.01337		needs_metadata_or_OpenLandMap_confirmation	Antarctica representative; Polar soil	PRJNA1438373	Antarctica: Great Wall Station		confirmed_lat_lon	not_selected_after_project_dedup:candidate	no	external_acidic_soil_project_reads	yes	yes	moss15; polar biome; tundra; soil; Antarctica: Great Wall Station; 62.21167 S 59.01337 W
SRR37654871	PRJNA1438373	SAMN56536181	Antarctica	Polar soil	Polar soil	Antarctica: Great Wall Station	-62.21167	-59.01336		needs_metadata_or_OpenLandMap_confirmation	Antarctica representative; Polar soil	PRJNA1438373	Antarctica: Great Wall Station		confirmed_lat_lon	not_selected_after_project_dedup:candidate	no	external_acidic_soil_project_reads	yes	yes	moss14; polar biome; tundra; soil; Antarctica: Great Wall Station; 62.21167 S 59.01336 W
SRR37654872	PRJNA1438373	SAMN56536180	Antarctica	Polar soil	Polar soil	Antarctica: Great Wall Station	-62.21167	-59.01335		needs_metadata_or_OpenLandMap_confirmation	Antarctica representative; Polar soil	PRJNA1438373	Antarctica: Great Wall Station		confirmed_lat_lon	not_selected_after_project_dedup:candidate	no	external_acidic_soil_project_reads	yes	yes	moss13; polar biome; tundra; soil; Antarctica: Great Wall Station; 62.21167 S 59.01335 W
SRR37654873	PRJNA1438373	SAMN56536179	Antarctica	Polar soil	Polar soil	Antarctica: Great Wall Station	-62.21167	-59.01334		needs_metadata_or_OpenLandMap_confirmation	Antarctica representative; Polar soil	PRJNA1438373	Antarctica: Great Wall Station		confirmed_lat_lon	not_selected_after_project_dedup:candidate	no	external_acidic_soil_project_reads	yes	yes	moss12; polar biome; tundra; soil; Antarctica: Great Wall Station; 62.21167 S 59.01334 W
SRR37654874	PRJNA1438373	SAMN56536178	Antarctica	Polar soil	Polar soil	Antarctica: Great Wall Station	-62.21167	-59.01333		needs_metadata_or_OpenLandMap_confirmation	Antarctica representative; Polar soil	PRJNA1438373	Antarctica: Great Wall Station		confirmed_lat_lon	not_selected_after_project_dedup:candidate	no	external_acidic_soil_project_reads	yes	yes	moss11; polar biome; tundra; soil; Antarctica: Great Wall Station; 62.21167 S 59.01333 W
SRR37654875	PRJNA1438373	SAMN56536133	Antarctica	Polar soil	Polar soil	Antarctica: Great Wall Station	-62.2	-58.99389		needs_metadata_or_OpenLandMap_confirmation	Antarctica representative; Polar soil	PRJNA1438373	Antarctica: Great Wall Station		confirmed_lat_lon	not_selected_after_project_dedup:candidate	no	external_acidic_soil_project_reads	yes	yes	bare6; polar biome; tundra; soil; Antarctica: Great Wall Station; 62.20000 S 58.99389 W
SRR37654876	PRJNA1438373	SAMN56536177	Antarctica	Polar soil	Polar soil	Antarctica: Great Wall Station	-62.2	-58.99389		needs_metadata_or_OpenLandMap_confirmation	Antarctica representative; Polar soil	PRJNA1438373	Antarctica: Great Wall Station		confirmed_lat_lon	not_selected_after_project_dedup:candidate	no	external_acidic_soil_project_reads	yes	yes	moss10; polar biome; tundra; soil; Antarctica: Great Wall Station; 62.20000 S 58.99389 W
SRR37654877	PRJNA1438373	SAMN56536176	Antarctica	Polar soil	Polar soil	Antarctica: Great Wall Station	-62.2	-58.99389		needs_metadata_or_OpenLandMap_confirmation	Antarctica representative; Polar soil	PRJNA1438373	Antarctica: Great Wall Station		confirmed_lat_lon	not_selected_after_project_dedup:candidate	no	external_acidic_soil_project_reads	yes	yes	moss9; polar biome; tundra; soil; Antarctica: Great Wall Station; 62.20000 S 58.99389 W
SRR37654878	PRJNA1438373	SAMN56536175	Antarctica	Polar soil	Polar soil	Antarctica: Great Wall Station	-62.2	-58.99389		needs_metadata_or_OpenLandMap_confirmation	Antarctica representative; Polar soil	PRJNA1438373	Antarctica: Great Wall Station		confirmed_lat_lon	not_selected_after_project_dedup:candidate	no	external_acidic_soil_project_reads	yes	yes	moss8; polar biome; tundra; soil; Antarctica: Great Wall Station; 62.20000 S 58.99389 W
SRR37654879	PRJNA1438373	SAMN56536174	Antarctica	Polar soil	Polar soil	Antarctica: Great Wall Station	-62.2	-58.99389		needs_metadata_or_OpenLandMap_confirmation	Antarctica representative; Polar soil	PRJNA1438373	Antarctica: Great Wall Station		confirmed_lat_lon	not_selected_after_project_dedup:candidate	no	external_acidic_soil_project_reads	yes	yes	moss7; polar biome; tundra; soil; Antarctica: Great Wall Station; 62.20000 S 58.99389 W
SRR37654880	PRJNA1438373	SAMN56536173	Antarctica	Polar soil	Polar soil	Antarctica: Great Wall Station	-62.2	-58.99389		needs_metadata_or_OpenLandMap_confirmation	Antarctica representative; Polar soil	PRJNA1438373	Antarctica: Great Wall Station		confirmed_lat_lon	not_selected_after_project_dedup:candidate	no	external_acidic_soil_project_reads	yes	yes	moss6; polar biome; tundra; soil; Antarctica: Great Wall Station; 62.20000 S 58.99389 W
SRR37654881	PRJNA1438373	SAMN56536172	Antarctica	Polar soil	Polar soil	Antarctica: Great Wall Station	-62.20472	-58.95722		needs_metadata_or_OpenLandMap_confirmation	Antarctica representative; Polar soil	PRJNA1438373	Antarctica: Great Wall Station		confirmed_lat_lon	not_selected_after_project_dedup:candidate	no	external_acidic_soil_project_reads	yes	yes	moss5; polar biome; tundra; soil; Antarctica: Great Wall Station; 62.20472 S 58.95722 W
SRR37654882	PRJNA1438373	SAMN56536171	Antarctica	Polar soil	Polar soil	Antarctica: Great Wall Station	-62.20472	-58.95722		needs_metadata_or_OpenLandMap_confirmation	Antarctica representative; Polar soil	PRJNA1438373	Antarctica: Great Wall Station		confirmed_lat_lon	not_selected_after_project_dedup:candidate	no	external_acidic_soil_project_reads	yes	yes	moss4; polar biome; tundra; soil; Antarctica: Great Wall Station; 62.20472 S 58.95722 W
SRR37654883	PRJNA1438373	SAMN56536170	Antarctica	Polar soil	Polar soil	Antarctica: Great Wall Station	-62.20472	-58.95722		needs_metadata_or_OpenLandMap_confirmation	Antarctica representative; Polar soil	PRJNA1438373	Antarctica: Great Wall Station		confirmed_lat_lon	not_selected_after_project_dedup:candidate	no	external_acidic_soil_project_reads	yes	yes	moss3; polar biome; tundra; soil; Antarctica: Great Wall Station; 62.20472 S 58.95722 W
SRR37654884	PRJNA1438373	SAMN56536169	Antarctica	Polar soil	Polar soil	Antarctica: Great Wall Station	-62.20472	-58.95722		needs_metadata_or_OpenLandMap_confirmation	Antarctica representative; Polar soil	PRJNA1438373	Antarctica: Great Wall Station		confirmed_lat_lon	not_selected_after_project_dedup:candidate	no	external_acidic_soil_project_reads	yes	yes	moss2; polar biome; tundra; soil; Antarctica: Great Wall Station; 62.20472 S 58.95722 W
SRR37654885	PRJNA1438373	SAMN56536168	Antarctica	Polar soil	Polar soil	Antarctica: Great Wall Station	-62.20472	-58.95722		needs_metadata_or_OpenLandMap_confirmation	Antarctica representative; Polar soil	PRJNA1438373	Antarctica: Great Wall Station		confirmed_lat_lon	not_selected_after_project_dedup:candidate	no	external_acidic_soil_project_reads	yes	yes	moss1; polar biome; tundra; soil; Antarctica: Great Wall Station; 62.20472 S 58.95722 W
SRR37654886	PRJNA1438373	SAMN56536132	Antarctica	Polar soil	Polar soil	Antarctica: Great Wall Station	-62.20472	-58.95722		needs_metadata_or_OpenLandMap_confirmation	Antarctica representative; Polar soil	PRJNA1438373	Antarctica: Great Wall Station		confirmed_lat_lon	not_selected_after_project_dedup:candidate	no	external_acidic_soil_project_reads	yes	yes	bare5; polar biome; tundra; soil; Antarctica: Great Wall Station; 62.20472 S 58.95722 W
SRR37654887	PRJNA1438373	SAMN56536167	Antarctica	Polar soil	Polar soil	Antarctica: Great Wall Station	-62.21167	-59.01337		needs_metadata_or_OpenLandMap_confirmation	Antarctica representative; Polar soil	PRJNA1438373	Antarctica: Great Wall Station		confirmed_lat_lon	not_selected_after_project_dedup:candidate	no	external_acidic_soil_project_reads	yes	yes	lichen15; polar biome; tundra; soil; Antarctica: Great Wall Station; 62.21167 S 59.01337 W
SRR37654888	PRJNA1438373	SAMN56536166	Antarctica	Polar soil	Polar soil	Antarctica: Great Wall Station	-62.21167	-59.01336		needs_metadata_or_OpenLandMap_confirmation	Antarctica representative; Polar soil	PRJNA1438373	Antarctica: Great Wall Station		confirmed_lat_lon	not_selected_after_project_dedup:candidate	no	external_acidic_soil_project_reads	yes	yes	lichen14; polar biome; tundra; soil; Antarctica: Great Wall Station; 62.21167 S 59.01336 W
SRR37654889	PRJNA1438373	SAMN56536165	Antarctica	Polar soil	Polar soil	Antarctica: Great Wall Station	-62.21167	-59.01335		needs_metadata_or_OpenLandMap_confirmation	Antarctica representative; Polar soil	PRJNA1438373	Antarctica: Great Wall Station		confirmed_lat_lon	not_selected_after_project_dedup:candidate	no	external_acidic_soil_project_reads	yes	yes	lichen13; polar biome; tundra; soil; Antarctica: Great Wall Station; 62.21167 S 59.01335 W
SRR37654890	PRJNA1438373	SAMN56536164	Antarctica	Polar soil	Polar soil	Antarctica: Great Wall Station	-62.21167	-59.01334		needs_metadata_or_OpenLandMap_confirmation	Antarctica representative; Polar soil	PRJNA1438373	Antarctica: Great Wall Station		confirmed_lat_lon	not_selected_after_project_dedup:candidate	no	external_acidic_soil_project_reads	yes	yes	lichen12; polar biome; tundra; soil; Antarctica: Great Wall Station; 62.21167 S 59.01334 W
SRR37654891	PRJNA1438373	SAMN56536163	Antarctica	Polar soil	Polar soil	Antarctica: Great Wall Station	-62.21167	-59.01333		needs_metadata_or_OpenLandMap_confirmation	Antarctica representative; Polar soil	PRJNA1438373	Antarctica: Great Wall Station		confirmed_lat_lon	not_selected_after_project_dedup:candidate	no	external_acidic_soil_project_reads	yes	yes	lichen11; polar biome; tundra; soil; Antarctica: Great Wall Station; 62.21167 S 59.01333 W
SRR37654892	PRJNA1438373	SAMN56536162	Antarctica	Polar soil	Polar soil	Antarctica: Great Wall Station	-62.2	-58.99389		needs_metadata_or_OpenLandMap_confirmation	Antarctica representative; Polar soil	PRJNA1438373	Antarctica: Great Wall Station		confirmed_lat_lon	not_selected_after_project_dedup:candidate	no	external_acidic_soil_project_reads	yes	yes	lichen10; polar biome; tundra; soil; Antarctica: Great Wall Station; 62.20000 S 58.99389 W
SRR37654893	PRJNA1438373	SAMN56536161	Antarctica	Polar soil	Polar soil	Antarctica: Great Wall Station	-62.2	-58.99389		needs_metadata_or_OpenLandMap_confirmation	Antarctica representative; Polar soil	PRJNA1438373	Antarctica: Great Wall Station		confirmed_lat_lon	not_selected_after_project_dedup:candidate	no	external_acidic_soil_project_reads	yes	yes	lichen9; polar biome; tundra; soil; Antarctica: Great Wall Station; 62.20000 S 58.99389 W
SRR37654894	PRJNA1438373	SAMN56536160	Antarctica	Polar soil	Polar soil	Antarctica: Great Wall Station	-62.2	-58.99389		needs_metadata_or_OpenLandMap_confirmation	Antarctica representative; Polar soil	PRJNA1438373	Antarctica: Great Wall Station		confirmed_lat_lon	not_selected_after_project_dedup:candidate	no	external_acidic_soil_project_reads	yes	yes	lichen8; polar biome; tundra; soil; Antarctica: Great Wall Station; 62.20000 S 58.99389 W
SRR37654895	PRJNA1438373	SAMN56536159	Antarctica	Polar soil	Polar soil	Antarctica: Great Wall Station	-62.2	-58.99389		needs_metadata_or_OpenLandMap_confirmation	Antarctica representative; Polar soil	PRJNA1438373	Antarctica: Great Wall Station		confirmed_lat_lon	not_selected_after_project_dedup:candidate	no	external_acidic_soil_project_reads	yes	yes	lichen7; polar biome; tundra; soil; Antarctica: Great Wall Station; 62.20000 S 58.99389 W
SRR37654896	PRJNA1438373	SAMN56536158	Antarctica	Polar soil	Polar soil	Antarctica: Great Wall Station	-62.2	-58.99389		needs_metadata_or_OpenLandMap_confirmation	Antarctica representative; Polar soil	PRJNA1438373	Antarctica: Great Wall Station		confirmed_lat_lon	not_selected_after_project_dedup:candidate	no	external_acidic_soil_project_reads	yes	yes	lichen6; polar biome; tundra; soil; Antarctica: Great Wall Station; 62.20000 S 58.99389 W
SRR37654897	PRJNA1438373	SAMN56536131	Antarctica	Polar soil	Polar soil	Antarctica: Great Wall Station	-62.20472	-58.95722		needs_metadata_or_OpenLandMap_confirmation	Antarctica representative; Polar soil	PRJNA1438373	Antarctica: Great Wall Station		confirmed_lat_lon	not_selected_after_project_dedup:candidate	no	external_acidic_soil_project_reads	yes	yes	bare4; polar biome; tundra; soil; Antarctica: Great Wall Station; 62.20472 S 58.95722 W
SRR37654898	PRJNA1438373	SAMN56536157	Antarctica	Polar soil	Polar soil	Antarctica: Great Wall Station	-62.20472	-58.95722		needs_metadata_or_OpenLandMap_confirmation	Antarctica representative; Polar soil	PRJNA1438373	Antarctica: Great Wall Station		confirmed_lat_lon	not_selected_after_project_dedup:candidate	no	external_acidic_soil_project_reads	yes	yes	lichen5; polar biome; tundra; soil; Antarctica: Great Wall Station; 62.20472 S 58.95722 W
SRR37654899	PRJNA1438373	SAMN56536156	Antarctica	Polar soil	Polar soil	Antarctica: Great Wall Station	-62.20472	-58.95722		needs_metadata_or_OpenLandMap_confirmation	Antarctica representative; Polar soil	PRJNA1438373	Antarctica: Great Wall Station		confirmed_lat_lon	not_selected_after_project_dedup:candidate	no	external_acidic_soil_project_reads	yes	yes	lichen4; polar biome; tundra; soil; Antarctica: Great Wall Station; 62.20472 S 58.95722 W
SRR37654900	PRJNA1438373	SAMN56536155	Antarctica	Polar soil	Polar soil	Antarctica: Great Wall Station	-62.20472	-58.95722		needs_metadata_or_OpenLandMap_confirmation	Antarctica representative; Polar soil	PRJNA1438373	Antarctica: Great Wall Station		confirmed_lat_lon	not_selected_after_project_dedup:candidate	no	external_acidic_soil_project_reads	yes	yes	lichen3; polar biome; tundra; soil; Antarctica: Great Wall Station; 62.20472 S 58.95722 W
SRR37654901	PRJNA1438373	SAMN56536154	Antarctica	Polar soil	Polar soil	Antarctica: Great Wall Station	-62.20472	-58.95722		needs_metadata_or_OpenLandMap_confirmation	Antarctica representative; Polar soil	PRJNA1438373	Antarctica: Great Wall Station		confirmed_lat_lon	not_selected_after_project_dedup:candidate	no	external_acidic_soil_project_reads	yes	yes	lichen2; polar biome; tundra; soil; Antarctica: Great Wall Station; 62.20472 S 58.95722 W
SRR37654902	PRJNA1438373	SAMN56536153	Antarctica	Polar soil	Polar soil	Antarctica: Great Wall Station	-62.20472	-58.95722		needs_metadata_or_OpenLandMap_confirmation	Antarctica representative; Polar soil	PRJNA1438373	Antarctica: Great Wall Station		confirmed_lat_lon	not_selected_after_project_dedup:candidate	no	external_acidic_soil_project_reads	yes	yes	lichen1; polar biome; tundra; soil; Antarctica: Great Wall Station; 62.20472 S 58.95722 W
SRR37654903	PRJNA1438373	SAMN56536152	Antarctica	Polar soil	Polar soil	Antarctica: Great Wall Station	-62.19722	-58.94639		needs_metadata_or_OpenLandMap_confirmation	Antarctica representative; Polar soil	PRJNA1438373	Antarctica: Great Wall Station		confirmed_lat_lon	not_selected_after_project_dedup:candidate	no	external_acidic_soil_project_reads	yes	yes	bare25; polar biome; tundra; soil; Antarctica: Great Wall Station; 62.19722 S 58.94639 W
SRR37654904	PRJNA1438373	SAMN56536151	Antarctica	Polar soil	Polar soil	Antarctica: Great Wall Station	-62.19722	-58.94639		needs_metadata_or_OpenLandMap_confirmation	Antarctica representative; Polar soil	PRJNA1438373	Antarctica: Great Wall Station		confirmed_lat_lon	not_selected_after_project_dedup:candidate	no	external_acidic_soil_project_reads	yes	yes	bare24; polar biome; tundra; soil; Antarctica: Great Wall Station; 62.19722 S 58.94639 W
SRR37654905	PRJNA1438373	SAMN56536150	Antarctica	Polar soil	Polar soil	Antarctica: Great Wall Station	-62.19722	-58.94639		needs_metadata_or_OpenLandMap_confirmation	Antarctica representative; Polar soil	PRJNA1438373	Antarctica: Great Wall Station		confirmed_lat_lon	not_selected_after_project_dedup:candidate	no	external_acidic_soil_project_reads	yes	yes	bare23; polar biome; tundra; soil; Antarctica: Great Wall Station; 62.19722 S 58.94639 W
SRR37654906	PRJNA1438373	SAMN56536149	Antarctica	Polar soil	Polar soil	Antarctica: Great Wall Station	-62.19722	-58.94639		needs_metadata_or_OpenLandMap_confirmation	Antarctica representative; Polar soil	PRJNA1438373	Antarctica: Great Wall Station		confirmed_lat_lon	not_selected_after_project_dedup:candidate	no	external_acidic_soil_project_reads	yes	yes	bare22; polar biome; tundra; soil; Antarctica: Great Wall Station; 62.19722 S 58.94639 W
SRR37654907	PRJNA1438373	SAMN56536148	Antarctica	Polar soil	Polar soil	Antarctica: Great Wall Station	-62.19722	-58.94639		needs_metadata_or_OpenLandMap_confirmation	Antarctica representative; Polar soil	PRJNA1438373	Antarctica: Great Wall Station		confirmed_lat_lon	not_selected_after_project_dedup:candidate	no	external_acidic_soil_project_reads	yes	yes	bare21; polar biome; tundra; soil; Antarctica: Great Wall Station; 62.19722 S 58.94639 W
SRR37654908	PRJNA1438373	SAMN56536130	Antarctica	Polar soil	Polar soil	Antarctica: Great Wall Station	-62.20472	-58.95722		needs_metadata_or_OpenLandMap_confirmation	Antarctica representative; Polar soil	PRJNA1438373	Antarctica: Great Wall Station		confirmed_lat_lon	not_selected_after_project_dedup:candidate	no	external_acidic_soil_project_reads	yes	yes	bare3; polar biome; tundra; soil; Antarctica: Great Wall Station; 62.20472 S 58.95722 W
SRR37654909	PRJNA1438373	SAMN56536147	Antarctica	Polar soil	Polar soil	Antarctica: Great Wall Station	-62.19639	-58.94111		needs_metadata_or_OpenLandMap_confirmation	Antarctica representative; Polar soil	PRJNA1438373	Antarctica: Great Wall Station		confirmed_lat_lon	not_selected_after_project_dedup:candidate	no	external_acidic_soil_project_reads	yes	yes	bare20; polar biome; tundra; soil; Antarctica: Great Wall Station; 62.19639 S 58.94111 W
SRR37654910	PRJNA1438373	SAMN56536146	Antarctica	Polar soil	Polar soil	Antarctica: Great Wall Station	-62.19639	-58.94111		needs_metadata_or_OpenLandMap_confirmation	Antarctica representative; Polar soil	PRJNA1438373	Antarctica: Great Wall Station		confirmed_lat_lon	not_selected_after_project_dedup:candidate	no	external_acidic_soil_project_reads	yes	yes	bare19; polar biome; tundra; soil; Antarctica: Great Wall Station; 62.19639 S 58.94111 W
SRR37654911	PRJNA1438373	SAMN56536145	Antarctica	Polar soil	Polar soil	Antarctica: Great Wall Station	-62.19639	-58.94111		needs_metadata_or_OpenLandMap_confirmation	Antarctica representative; Polar soil	PRJNA1438373	Antarctica: Great Wall Station		confirmed_lat_lon	not_selected_after_project_dedup:candidate	no	external_acidic_soil_project_reads	yes	yes	bare18; polar biome; tundra; soil; Antarctica: Great Wall Station; 62.19639 S 58.94111 W
SRR37654912	PRJNA1438373	SAMN56536144	Antarctica	Polar soil	Polar soil	Antarctica: Great Wall Station	-62.19639	-58.94111		needs_metadata_or_OpenLandMap_confirmation	Antarctica representative; Polar soil	PRJNA1438373	Antarctica: Great Wall Station		confirmed_lat_lon	not_selected_after_project_dedup:candidate	no	external_acidic_soil_project_reads	yes	yes	bare17; polar biome; tundra; soil; Antarctica: Great Wall Station; 62.19639 S 58.94111 W
SRR37654913	PRJNA1438373	SAMN56536143	Antarctica	Polar soil	Polar soil	Antarctica: Great Wall Station	-62.19639	-58.94111		needs_metadata_or_OpenLandMap_confirmation	Antarctica representative; Polar soil	PRJNA1438373	Antarctica: Great Wall Station		confirmed_lat_lon	not_selected_after_project_dedup:candidate	no	external_acidic_soil_project_reads	yes	yes	bare16; polar biome; tundra; soil; Antarctica: Great Wall Station; 62.19639 S 58.94111 W
SRR37654914	PRJNA1438373	SAMN56536142	Antarctica	Polar soil	Polar soil	Antarctica: Great Wall Station	-62.21167	-59.01337		needs_metadata_or_OpenLandMap_confirmation	Antarctica representative; Polar soil	PRJNA1438373	Antarctica: Great Wall Station		confirmed_lat_lon	not_selected_after_project_dedup:candidate	no	external_acidic_soil_project_reads	yes	yes	bare15; polar biome; tundra; soil; Antarctica: Great Wall Station; 62.21167 S 59.01337 W
SRR37654915	PRJNA1438373	SAMN56536141	Antarctica	Polar soil	Polar soil	Antarctica: Great Wall Station	-62.21167	-59.01336		needs_metadata_or_OpenLandMap_confirmation	Antarctica representative; Polar soil	PRJNA1438373	Antarctica: Great Wall Station		confirmed_lat_lon	not_selected_after_project_dedup:candidate	no	external_acidic_soil_project_reads	yes	yes	bare14; polar biome; tundra; soil; Antarctica: Great Wall Station; 62.21167 S 59.01336 W
SRR37654916	PRJNA1438373	SAMN56536140	Antarctica	Polar soil	Polar soil	Antarctica: Great Wall Station	-62.21167	-59.01335		needs_metadata_or_OpenLandMap_confirmation	Antarctica representative; Polar soil	PRJNA1438373	Antarctica: Great Wall Station		confirmed_lat_lon	not_selected_after_project_dedup:candidate	no	external_acidic_soil_project_reads	yes	yes	bare13; polar biome; tundra; soil; Antarctica: Great Wall Station; 62.21167 S 59.01335 W
SRR37654917	PRJNA1438373	SAMN56536139	Antarctica	Polar soil	Polar soil	Antarctica: Great Wall Station	-62.21167	-59.01334		needs_metadata_or_OpenLandMap_confirmation	Antarctica representative; Polar soil	PRJNA1438373	Antarctica: Great Wall Station		confirmed_lat_lon	not_selected_after_project_dedup:candidate	no	external_acidic_soil_project_reads	yes	yes	bare12; polar biome; tundra; soil; Antarctica: Great Wall Station; 62.21167 S 59.01334 W
SRR37654918	PRJNA1438373	SAMN56536138	Antarctica	Polar soil	Polar soil	Antarctica: Great Wall Station	-62.21167	-59.01333		needs_metadata_or_OpenLandMap_confirmation	Antarctica representative; Polar soil	PRJNA1438373	Antarctica: Great Wall Station		confirmed_lat_lon	not_selected_after_project_dedup:candidate	no	external_acidic_soil_project_reads	yes	yes	bare11; polar biome; tundra; soil; Antarctica: Great Wall Station; 62.21167 S 59.01333 W
ERR15419875	PRJEB95143	SAMEA118873285	Antarctica	Polar soil	Polar soil					needs_metadata_or_OpenLandMap_confirmation	Antarctica representative; Polar soil	PRJEB95143	SAMEA118873285		missing_location	exclude_non_soil_or_unclear_source	no	external_acidic_soil_project_reads	no	yes	
ERR15419881	PRJEB95143	SAMEA118873282	Antarctica	Polar soil	Polar soil					needs_metadata_or_OpenLandMap_confirmation	Antarctica representative; Polar soil	PRJEB95143	SAMEA118873282		missing_location	exclude_non_soil_or_unclear_source	no	external_acidic_soil_project_reads	no	yes	
ERR15419901	PRJEB95143	SAMEA118873282	Antarctica	Polar soil	Polar soil					needs_metadata_or_OpenLandMap_confirmation	Antarctica representative; Polar soil	PRJEB95143	SAMEA118873282		missing_location	exclude_non_soil_or_unclear_source	no	external_acidic_soil_project_reads	no	yes	
ERR15419894	PRJEB95143	SAMEA118873282	Antarctica	Polar soil	Polar soil					needs_metadata_or_OpenLandMap_confirmation	Antarctica representative; Polar soil	PRJEB95143	SAMEA118873282		missing_location	exclude_non_soil_or_unclear_source	no	external_acidic_soil_project_reads	no	yes	
ERR15419880	PRJEB95143	SAMEA118873282	Antarctica	Polar soil	Polar soil					needs_metadata_or_OpenLandMap_confirmation	Antarctica representative; Polar soil	PRJEB95143	SAMEA118873282		missing_location	exclude_non_soil_or_unclear_source	no	external_acidic_soil_project_reads	no	yes	
ERR15419871	PRJEB95143	SAMEA118873285	Antarctica	Polar soil	Polar soil					needs_metadata_or_OpenLandMap_confirmation	Antarctica representative; Polar soil	PRJEB95143	SAMEA118873285		missing_location	exclude_non_soil_or_unclear_source	no	external_acidic_soil_project_reads	no	yes	
ERR15419866	PRJEB95143	SAMEA118873284	Antarctica	Polar soil	Polar soil					needs_metadata_or_OpenLandMap_confirmation	Antarctica representative; Polar soil	PRJEB95143	SAMEA118873284		missing_location	exclude_non_soil_or_unclear_source	no	external_acidic_soil_project_reads	no	yes	
ERR15419900	PRJEB95143	SAMEA118873282	Antarctica	Polar soil	Polar soil					needs_metadata_or_OpenLandMap_confirmation	Antarctica representative; Polar soil	PRJEB95143	SAMEA118873282		missing_location	exclude_non_soil_or_unclear_source	no	external_acidic_soil_project_reads	no	yes	
ERR15419893	PRJEB95143	SAMEA118873282	Antarctica	Polar soil	Polar soil					needs_metadata_or_OpenLandMap_confirmation	Antarctica representative; Polar soil	PRJEB95143	SAMEA118873282		missing_location	exclude_non_soil_or_unclear_source	no	external_acidic_soil_project_reads	no	yes	
ERR15419885	PRJEB95143	SAMEA118873282	Antarctica	Polar soil	Polar soil					needs_metadata_or_OpenLandMap_confirmation	Antarctica representative; Polar soil	PRJEB95143	SAMEA118873282		missing_location	exclude_non_soil_or_unclear_source	no	external_acidic_soil_project_reads	no	yes	
ERR15419890	PRJEB95143	SAMEA118873282	Antarctica	Polar soil	Polar soil					needs_metadata_or_OpenLandMap_confirmation	Antarctica representative; Polar soil	PRJEB95143	SAMEA118873282		missing_location	exclude_non_soil_or_unclear_source	no	external_acidic_soil_project_reads	no	yes	
ERR15419872	PRJEB95143	SAMEA118873285	Antarctica	Polar soil	Polar soil					needs_metadata_or_OpenLandMap_confirmation	Antarctica representative; Polar soil	PRJEB95143	SAMEA118873285		missing_location	exclude_non_soil_or_unclear_source	no	external_acidic_soil_project_reads	no	yes	
ERR15419879	PRJEB95143	SAMEA118873282	Antarctica	Polar soil	Polar soil					needs_metadata_or_OpenLandMap_confirmation	Antarctica representative; Polar soil	PRJEB95143	SAMEA118873282		missing_location	exclude_non_soil_or_unclear_source	no	external_acidic_soil_project_reads	no	yes	
ERR15419882	PRJEB95143	SAMEA118873282	Antarctica	Polar soil	Polar soil					needs_metadata_or_OpenLandMap_confirmation	Antarctica representative; Polar soil	PRJEB95143	SAMEA118873282		missing_location	exclude_non_soil_or_unclear_source	no	external_acidic_soil_project_reads	no	yes	
ERR15419903	PRJEB95143	SAMEA118873282	Antarctica	Polar soil	Polar soil					needs_metadata_or_OpenLandMap_confirmation	Antarctica representative; Polar soil	PRJEB95143	SAMEA118873282		missing_location	exclude_non_soil_or_unclear_source	no	external_acidic_soil_project_reads	no	yes	
ERR15419896	PRJEB95143	SAMEA118873282	Antarctica	Polar soil	Polar soil					needs_metadata_or_OpenLandMap_confirmation	Antarctica representative; Polar soil	PRJEB95143	SAMEA118873282		missing_location	exclude_non_soil_or_unclear_source	no	external_acidic_soil_project_reads	no	yes	
ERR15419891	PRJEB95143	SAMEA118873282	Antarctica	Polar soil	Polar soil					needs_metadata_or_OpenLandMap_confirmation	Antarctica representative; Polar soil	PRJEB95143	SAMEA118873282		missing_location	exclude_non_soil_or_unclear_source	no	external_acidic_soil_project_reads	no	yes	
ERR15419889	PRJEB95143	SAMEA118873282	Antarctica	Polar soil	Polar soil					needs_metadata_or_OpenLandMap_confirmation	Antarctica representative; Polar soil	PRJEB95143	SAMEA118873282		missing_location	exclude_non_soil_or_unclear_source	no	external_acidic_soil_project_reads	no	yes	
ERR15419870	PRJEB95143	SAMEA118873285	Antarctica	Polar soil	Polar soil					needs_metadata_or_OpenLandMap_confirmation	Antarctica representative; Polar soil	PRJEB95143	SAMEA118873285		missing_location	exclude_non_soil_or_unclear_source	no	external_acidic_soil_project_reads	no	yes	
ERR15419886	PRJEB95143	SAMEA118873282	Antarctica	Polar soil	Polar soil					needs_metadata_or_OpenLandMap_confirmation	Antarctica representative; Polar soil	PRJEB95143	SAMEA118873282		missing_location	exclude_non_soil_or_unclear_source	no	external_acidic_soil_project_reads	no	yes	
ERR15419904	PRJEB95143	SAMEA118873282	Antarctica	Polar soil	Polar soil					needs_metadata_or_OpenLandMap_confirmation	Antarctica representative; Polar soil	PRJEB95143	SAMEA118873282		missing_location	exclude_non_soil_or_unclear_source	no	external_acidic_soil_project_reads	no	yes	
ERR15419861	PRJEB95143	SAMEA118873283	Antarctica	Polar soil	Polar soil					needs_metadata_or_OpenLandMap_confirmation	Antarctica representative; Polar soil	PRJEB95143	SAMEA118873283		missing_location	exclude_non_soil_or_unclear_source	no	external_acidic_soil_project_reads	no	yes	
ERR15419887	PRJEB95143	SAMEA118873282	Antarctica	Polar soil	Polar soil					needs_metadata_or_OpenLandMap_confirmation	Antarctica representative; Polar soil	PRJEB95143	SAMEA118873282		missing_location	exclude_non_soil_or_unclear_source	no	external_acidic_soil_project_reads	no	yes	
ERR15419865	PRJEB95143	SAMEA118873284	Antarctica	Polar soil	Polar soil					needs_metadata_or_OpenLandMap_confirmation	Antarctica representative; Polar soil	PRJEB95143	SAMEA118873284		missing_location	exclude_non_soil_or_unclear_source	no	external_acidic_soil_project_reads	no	yes	
ERR15419877	PRJEB95143	SAMEA118873282	Antarctica	Polar soil	Polar soil					needs_metadata_or_OpenLandMap_confirmation	Antarctica representative; Polar soil	PRJEB95143	SAMEA118873282		missing_location	exclude_non_soil_or_unclear_source	no	external_acidic_soil_project_reads	no	yes	
ERR15419876	PRJEB95143	SAMEA118873285	Antarctica	Polar soil	Polar soil					needs_metadata_or_OpenLandMap_confirmation	Antarctica representative; Polar soil	PRJEB95143	SAMEA118873285		missing_location	exclude_non_soil_or_unclear_source	no	external_acidic_soil_project_reads	no	yes	
ERR15419905	PRJEB95143	SAMEA118873282	Antarctica	Polar soil	Polar soil					needs_metadata_or_OpenLandMap_confirmation	Antarctica representative; Polar soil	PRJEB95143	SAMEA118873282		missing_location	exclude_non_soil_or_unclear_source	no	external_acidic_soil_project_reads	no	yes	
ERR15419884	PRJEB95143	SAMEA118873282	Antarctica	Polar soil	Polar soil					needs_metadata_or_OpenLandMap_confirmation	Antarctica representative; Polar soil	PRJEB95143	SAMEA118873282		missing_location	exclude_non_soil_or_unclear_source	no	external_acidic_soil_project_reads	no	yes	
ERR15419862	PRJEB95143	SAMEA118873283	Antarctica	Polar soil	Polar soil					needs_metadata_or_OpenLandMap_confirmation	Antarctica representative; Polar soil	PRJEB95143	SAMEA118873283		missing_location	exclude_non_soil_or_unclear_source	no	external_acidic_soil_project_reads	no	yes	
ERR15419869	PRJEB95143	SAMEA118873285	Antarctica	Polar soil	Polar soil					needs_metadata_or_OpenLandMap_confirmation	Antarctica representative; Polar soil	PRJEB95143	SAMEA118873285		missing_location	exclude_non_soil_or_unclear_source	no	external_acidic_soil_project_reads	no	yes	
ERR15419874	PRJEB95143	SAMEA118873285	Antarctica	Polar soil	Polar soil					needs_metadata_or_OpenLandMap_confirmation	Antarctica representative; Polar soil	PRJEB95143	SAMEA118873285		missing_location	exclude_non_soil_or_unclear_source	no	external_acidic_soil_project_reads	no	yes	
ERR15419888	PRJEB95143	SAMEA118873282	Antarctica	Polar soil	Polar soil					needs_metadata_or_OpenLandMap_confirmation	Antarctica representative; Polar soil	PRJEB95143	SAMEA118873282		missing_location	exclude_non_soil_or_unclear_source	no	external_acidic_soil_project_reads	no	yes	
ERR15419898	PRJEB95143	SAMEA118873282	Antarctica	Polar soil	Polar soil					needs_metadata_or_OpenLandMap_confirmation	Antarctica representative; Polar soil	PRJEB95143	SAMEA118873282		missing_location	exclude_non_soil_or_unclear_source	no	external_acidic_soil_project_reads	no	yes	
ERR15419867	PRJEB95143	SAMEA118873284	Antarctica	Polar soil	Polar soil					needs_metadata_or_OpenLandMap_confirmation	Antarctica representative; Polar soil	PRJEB95143	SAMEA118873284		missing_location	exclude_non_soil_or_unclear_source	no	external_acidic_soil_project_reads	no	yes	
ERR15419902	PRJEB95143	SAMEA118873282	Antarctica	Polar soil	Polar soil					needs_metadata_or_OpenLandMap_confirmation	Antarctica representative; Polar soil	PRJEB95143	SAMEA118873282		missing_location	exclude_non_soil_or_unclear_source	no	external_acidic_soil_project_reads	no	yes	
ERR15419864	PRJEB95143	SAMEA118873284	Antarctica	Polar soil	Polar soil					needs_metadata_or_OpenLandMap_confirmation	Antarctica representative; Polar soil	PRJEB95143	SAMEA118873284		missing_location	exclude_non_soil_or_unclear_source	no	external_acidic_soil_project_reads	no	yes	
ERR15419892	PRJEB95143	SAMEA118873282	Antarctica	Polar soil	Polar soil					needs_metadata_or_OpenLandMap_confirmation	Antarctica representative; Polar soil	PRJEB95143	SAMEA118873282		missing_location	exclude_non_soil_or_unclear_source	no	external_acidic_soil_project_reads	no	yes	
ERR15419878	PRJEB95143	SAMEA118873282	Antarctica	Polar soil	Polar soil					needs_metadata_or_OpenLandMap_confirmation	Antarctica representative; Polar soil	PRJEB95143	SAMEA118873282		missing_location	exclude_non_soil_or_unclear_source	no	external_acidic_soil_project_reads	no	yes	
ERR15419873	PRJEB95143	SAMEA118873285	Antarctica	Polar soil	Polar soil					needs_metadata_or_OpenLandMap_confirmation	Antarctica representative; Polar soil	PRJEB95143	SAMEA118873285		missing_location	exclude_non_soil_or_unclear_source	no	external_acidic_soil_project_reads	no	yes	
ERR15419863	PRJEB95143	SAMEA118873283	Antarctica	Polar soil	Polar soil					needs_metadata_or_OpenLandMap_confirmation	Antarctica representative; Polar soil	PRJEB95143	SAMEA118873283		missing_location	exclude_non_soil_or_unclear_source	no	external_acidic_soil_project_reads	no	yes	
ERR15419897	PRJEB95143	SAMEA118873282	Antarctica	Polar soil	Polar soil					needs_metadata_or_OpenLandMap_confirmation	Antarctica representative; Polar soil	PRJEB95143	SAMEA118873282		missing_location	exclude_non_soil_or_unclear_source	no	external_acidic_soil_project_reads	no	yes	
ERR15419868	PRJEB95143	SAMEA118873285	Antarctica	Polar soil	Polar soil					needs_metadata_or_OpenLandMap_confirmation	Antarctica representative; Polar soil	PRJEB95143	SAMEA118873285		missing_location	exclude_non_soil_or_unclear_source	no	external_acidic_soil_project_reads	no	yes	
ERR15419895	PRJEB95143	SAMEA118873282	Antarctica	Polar soil	Polar soil					needs_metadata_or_OpenLandMap_confirmation	Antarctica representative; Polar soil	PRJEB95143	SAMEA118873282		missing_location	exclude_non_soil_or_unclear_source	no	external_acidic_soil_project_reads	no	yes	
ERR15419883	PRJEB95143	SAMEA118873282	Antarctica	Polar soil	Polar soil					needs_metadata_or_OpenLandMap_confirmation	Antarctica representative; Polar soil	PRJEB95143	SAMEA118873282		missing_location	exclude_non_soil_or_unclear_source	no	external_acidic_soil_project_reads	no	yes	
ERR15419899	PRJEB95143	SAMEA118873282	Antarctica	Polar soil	Polar soil					needs_metadata_or_OpenLandMap_confirmation	Antarctica representative; Polar soil	PRJEB95143	SAMEA118873282		missing_location	exclude_non_soil_or_unclear_source	no	external_acidic_soil_project_reads	no	yes	
SRR34672363	PRJNA1294992	SAMN50146286	Antarctica	Polar soil	Polar soil	Antarctica	-62.47966	-59.66361	8.5	metadata_pH_available	Antarctica representative; Polar soil	PRJNA1294992	Antarctica		confirmed_lat_lon	not_selected_after_project_dedup:candidate	no	external_acidic_soil_project_reads	yes	yes	Greenwich Island-sitePRT-7.1; soil [ENVO:00001998] | biome [ENVO:00000428]; Antarctica [SNOMED:223499005]; surface soil [ENVO:02000059]; Antarctica; 62.47966 S 59.66361 W
SRR34672364	PRJNA1294992	SAMN50146285	Antarctica	Polar soil	Polar soil	Antarctica	-62.47941	-59.66311	8.1	metadata_pH_available	Antarctica representative; Polar soil	PRJNA1294992	Antarctica		confirmed_lat_lon	not_selected_after_project_dedup:candidate	no	external_acidic_soil_project_reads	yes	yes	Greenwich Island-sitePRT-6.3_2; soil [ENVO:00001998] | biome [ENVO:00000428]; Antarctica [SNOMED:223499005]; surface soil [ENVO:02000059]; Antarctica; 62.47941 S 59.66311 W
SRR34672365	PRJNA1294992	SAMN50146284	Antarctica	Polar soil	Polar soil	Antarctica	-62.47941	-59.66311	7.4	metadata_pH_available	Antarctica representative; Polar soil	PRJNA1294992	Antarctica		confirmed_lat_lon	not_selected_after_project_dedup:candidate	no	external_acidic_soil_project_reads	yes	yes	Greenwich Island-sitePRT-6.3; soil [ENVO:00001998] | biome [ENVO:00000428]; Antarctica [SNOMED:223499005]; surface soil [ENVO:02000059]; Antarctica; 62.47941 S 59.66311 W
SRR34672366	PRJNA1294992	SAMN50146283	Antarctica	Polar soil	Polar soil	Antarctica	-62.47941	-59.66311	8.1	metadata_pH_available	Antarctica representative; Polar soil	PRJNA1294992	Antarctica		confirmed_lat_lon	not_selected_after_project_dedup:candidate	no	external_acidic_soil_project_reads	yes	yes	Greenwich Island-sitePRT-6.2_2; soil [ENVO:00001998] | biome [ENVO:00000428]; Antarctica [SNOMED:223499005]; surface soil [ENVO:02000059]; Antarctica; 62.47941 S 59.66311 W
SRR34672367	PRJNA1294992	SAMN50146282	Antarctica	Polar soil	Polar soil	Antarctica	-62.47941	-59.66311	7.4	metadata_pH_available	Antarctica representative; Polar soil	PRJNA1294992	Antarctica		confirmed_lat_lon	not_selected_after_project_dedup:candidate	no	external_acidic_soil_project_reads	yes	yes	Greenwich Island-sitePRT-6.2; soil [ENVO:00001998] | biome [ENVO:00000428]; Antarctica [SNOMED:223499005]; surface soil [ENVO:02000059]; Antarctica; 62.47941 S 59.66311 W
SRR34672368	PRJNA1294992	SAMN50146281	Antarctica	Polar soil	Polar soil	Antarctica	-62.47941	-59.66311	8.1	metadata_pH_available	Antarctica representative; Polar soil	PRJNA1294992	Antarctica		confirmed_lat_lon	not_selected_after_project_dedup:candidate	no	external_acidic_soil_project_reads	yes	yes	Greenwich Island-sitePRT-6.1_2; soil [ENVO:00001998] | biome [ENVO:00000428]; Antarctica [SNOMED:223499005]; surface soil [ENVO:02000059]; Antarctica; 62.47941 S 59.66311 W
SRR34672369	PRJNA1294992	SAMN50146280	Antarctica	Polar soil	Polar soil	Antarctica	-62.47941	-59.66311	7.4	metadata_pH_available	Antarctica representative; Polar soil	PRJNA1294992	Antarctica		confirmed_lat_lon	not_selected_after_project_dedup:candidate	no	external_acidic_soil_project_reads	yes	yes	Greenwich Island-sitePRT-6.1; soil [ENVO:00001998] | biome [ENVO:00000428]; Antarctica [SNOMED:223499005]; surface soil [ENVO:02000059]; Antarctica; 62.47941 S 59.66311 W
SRR34672370	PRJNA1294992	SAMN50146279	Antarctica	Polar soil	Polar soil	Antarctica	-62.47941	-59.66303	6.7	metadata_pH_available	Antarctica representative; Polar soil	PRJNA1294992	Antarctica		confirmed_lat_lon	not_selected_after_project_dedup:candidate	no	external_acidic_soil_project_reads	yes	yes	Greenwich Island-sitePRT-5.3_2; soil [ENVO:00001998] | biome [ENVO:00000428]; Antarctica [SNOMED:223499005]; surface soil [ENVO:02000059]; Antarctica; 62.47941 S 59.66303 W
SRR34672371	PRJNA1294992	SAMN50146278	Antarctica	Polar soil	Polar soil	Antarctica	-62.47941	-59.66303	8.3	metadata_pH_available	Antarctica representative; Polar soil	PRJNA1294992	Antarctica		confirmed_lat_lon	not_selected_after_project_dedup:candidate	no	external_acidic_soil_project_reads	yes	yes	Greenwich Island-sitePRT-5.3; soil [ENVO:00001998] | biome [ENVO:00000428]; Antarctica [SNOMED:223499005]; surface soil [ENVO:02000059]; Antarctica; 62.47941 S 59.66303 W
SRR34672372	PRJNA1294992	SAMN50146277	Antarctica	Polar soil	Polar soil	Antarctica	-62.47941	-59.66303	6.7	metadata_pH_available	Antarctica representative; Polar soil	PRJNA1294992	Antarctica		confirmed_lat_lon	not_selected_after_project_dedup:candidate	no	external_acidic_soil_project_reads	yes	yes	Greenwich Island-sitePRT-5.2_2; soil [ENVO:00001998] | biome [ENVO:00000428]; Antarctica [SNOMED:223499005]; surface soil [ENVO:02000059]; Antarctica; 62.47941 S 59.66303 W
SRR34672373	PRJNA1294992	SAMN50146196	Antarctica	Polar soil	Polar soil	Antarctica	-62.18945	-58.9291	6.8	metadata_pH_available	Antarctica representative; Polar soil	PRJNA1294992	Antarctica		confirmed_lat_lon	not_selected_after_project_dedup:candidate	no	external_acidic_soil_project_reads	yes	yes	Kige George Island-siteIRJ-2.3; soil [ENVO:00001998] | biome [ENVO:00000428]; Antarctica [SNOMED:223499005]; surface soil [ENVO:02000059]; Antarctica; 62.18945 S 58.9291 W
SRR34672374	PRJNA1294992	SAMN50146276	Antarctica	Polar soil	Polar soil	Antarctica	-62.47941	-59.66303	8.3	metadata_pH_available	Antarctica representative; Polar soil	PRJNA1294992	Antarctica		confirmed_lat_lon	not_selected_after_project_dedup:candidate	no	external_acidic_soil_project_reads	yes	yes	Greenwich Island-sitePRT-5.2; soil [ENVO:00001998] | biome [ENVO:00000428]; Antarctica [SNOMED:223499005]; surface soil [ENVO:02000059]; Antarctica; 62.47941 S 59.66303 W
SRR34672375	PRJNA1294992	SAMN50146275	Antarctica	Polar soil	Polar soil	Antarctica	-62.47941	-59.66303	6.7	metadata_pH_available	Antarctica representative; Polar soil	PRJNA1294992	Antarctica		confirmed_lat_lon	not_selected_after_project_dedup:candidate	no	external_acidic_soil_project_reads	yes	yes	Greenwich Island-sitePRT-5.1_2; soil [ENVO:00001998] | biome [ENVO:00000428]; Antarctica [SNOMED:223499005]; surface soil [ENVO:02000059]; Antarctica; 62.47941 S 59.66303 W
SRR34672376	PRJNA1294992	SAMN50146274	Antarctica	Polar soil	Polar soil	Antarctica	-62.47941	-59.66303	8.3	metadata_pH_available	Antarctica representative; Polar soil	PRJNA1294992	Antarctica		confirmed_lat_lon	not_selected_after_project_dedup:candidate	no	external_acidic_soil_project_reads	yes	yes	Greenwich Island-sitePRT-5.1; soil [ENVO:00001998] | biome [ENVO:00000428]; Antarctica [SNOMED:223499005]; surface soil [ENVO:02000059]; Antarctica; 62.47941 S 59.66303 W
SRR34672377	PRJNA1294992	SAMN50146273	Antarctica	Polar soil	Polar soil	Antarctica	-62.48147	-59.66756	6.9	metadata_pH_available	Antarctica representative; Polar soil	PRJNA1294992	Antarctica		confirmed_lat_lon	not_selected_after_project_dedup:candidate	no	external_acidic_soil_project_reads	yes	yes	Greenwich Island-sitePRT-4.3_2; soil [ENVO:00001998] | biome [ENVO:00000428]; Antarctica [SNOMED:223499005]; surface soil [ENVO:02000059]; Antarctica; 62.48147 S 59.66756 W
SRR34672378	PRJNA1294992	SAMN50146272	Antarctica	Polar soil	Polar soil	Antarctica	-62.48147	-59.66756	7.1	metadata_pH_available	Antarctica representative; Polar soil	PRJNA1294992	Antarctica		confirmed_lat_lon	not_selected_after_project_dedup:candidate	no	external_acidic_soil_project_reads	yes	yes	Greenwich Island-sitePRT-4.3; soil [ENVO:00001998] | biome [ENVO:00000428]; Antarctica [SNOMED:223499005]; surface soil [ENVO:02000059]; Antarctica; 62.48147 S 59.66756 W
SRR34672379	PRJNA1294992	SAMN50146271	Antarctica	Polar soil	Polar soil	Antarctica	-62.48147	-59.66756	6.9	metadata_pH_available	Antarctica representative; Polar soil	PRJNA1294992	Antarctica		confirmed_lat_lon	not_selected_after_project_dedup:candidate	no	external_acidic_soil_project_reads	yes	yes	Greenwich Island-sitePRT-4.2_2; soil [ENVO:00001998] | biome [ENVO:00000428]; Antarctica [SNOMED:223499005]; surface soil [ENVO:02000059]; Antarctica; 62.48147 S 59.66756 W
SRR34672380	PRJNA1294992	SAMN50146270	Antarctica	Polar soil	Polar soil	Antarctica	-62.48147	-59.66756	7.1	metadata_pH_available	Antarctica representative; Polar soil	PRJNA1294992	Antarctica		confirmed_lat_lon	not_selected_after_project_dedup:candidate	no	external_acidic_soil_project_reads	yes	yes	Greenwich Island-sitePRT-4.2; soil [ENVO:00001998] | biome [ENVO:00000428]; Antarctica [SNOMED:223499005]; surface soil [ENVO:02000059]; Antarctica; 62.48147 S 59.66756 W
SRR34672381	PRJNA1294992	SAMN50146269	Antarctica	Polar soil	Polar soil	Antarctica	-62.48147	-59.66756	6.9	metadata_pH_available	Antarctica representative; Polar soil	PRJNA1294992	Antarctica		confirmed_lat_lon	not_selected_after_project_dedup:candidate	no	external_acidic_soil_project_reads	yes	yes	Greenwich Island-sitePRT-4.1_2; soil [ENVO:00001998] | biome [ENVO:00000428]; Antarctica [SNOMED:223499005]; surface soil [ENVO:02000059]; Antarctica; 62.48147 S 59.66756 W
SRR34672382	PRJNA1294992	SAMN50146268	Antarctica	Polar soil	Polar soil	Antarctica	-62.48147	-59.66756	7.1	metadata_pH_available	Antarctica representative; Polar soil	PRJNA1294992	Antarctica		confirmed_lat_lon	not_selected_after_project_dedup:candidate	no	external_acidic_soil_project_reads	yes	yes	Greenwich Island-sitePRT-4.1; soil [ENVO:00001998] | biome [ENVO:00000428]; Antarctica [SNOMED:223499005]; surface soil [ENVO:02000059]; Antarctica; 62.48147 S 59.66756 W
SRR34672383	PRJNA1294992	SAMN50146267	Antarctica	Polar soil	Polar soil	Antarctica	-62.48163	-59.66369	7.5	metadata_pH_available	Antarctica representative; Polar soil	PRJNA1294992	Antarctica		confirmed_lat_lon	not_selected_after_project_dedup:candidate	no	external_acidic_soil_project_reads	yes	yes	Greenwich Island-sitePRT-3.3; soil [ENVO:00001998] | biome [ENVO:00000428]; Antarctica [SNOMED:223499005]; surface soil [ENVO:02000059]; Antarctica; 62.48163 S 59.66369 W
SRR34672384	PRJNA1294992	SAMN50146195	Antarctica	Polar soil	Polar soil	Antarctica	-62.18945	-58.9291	6.4	metadata_pH_available	Antarctica representative; Polar soil	PRJNA1294992	Antarctica		confirmed_lat_lon	not_selected_after_project_dedup:candidate	no	external_acidic_soil_project_reads	yes	yes	Kige George Island-siteIRJ-2.2_2; soil [ENVO:00001998] | biome [ENVO:00000428]; Antarctica [SNOMED:223499005]; surface soil [ENVO:02000059]; Antarctica; 62.18945 S 58.9291 W
SRR34672385	PRJNA1294992	SAMN50146266	Antarctica	Polar soil	Polar soil	Antarctica	-62.48163	-59.66369	7.3	metadata_pH_available	Antarctica representative; Polar soil	PRJNA1294992	Antarctica		confirmed_lat_lon	not_selected_after_project_dedup:candidate	no	external_acidic_soil_project_reads	yes	yes	Greenwich Island-sitePRT-3.2_2; soil [ENVO:00001998] | biome [ENVO:00000428]; Antarctica [SNOMED:223499005]; surface soil [ENVO:02000059]; Antarctica; 62.48163 S 59.66369 W
SRR34672386	PRJNA1294992	SAMN50146265	Antarctica	Polar soil	Polar soil	Antarctica	-62.48163	-59.66369	7.5	metadata_pH_available	Antarctica representative; Polar soil	PRJNA1294992	Antarctica		confirmed_lat_lon	not_selected_after_project_dedup:candidate	no	external_acidic_soil_project_reads	yes	yes	Greenwich Island-sitePRT-3.2; soil [ENVO:00001998] | biome [ENVO:00000428]; Antarctica [SNOMED:223499005]; surface soil [ENVO:02000059]; Antarctica; 62.48163 S 59.66369 W
SRR34672387	PRJNA1294992	SAMN50146264	Antarctica	Polar soil	Polar soil	Antarctica	-62.48163	-59.66369	7.3	metadata_pH_available	Antarctica representative; Polar soil	PRJNA1294992	Antarctica		confirmed_lat_lon	not_selected_after_project_dedup:candidate	no	external_acidic_soil_project_reads	yes	yes	Greenwich Island-sitePRT-3.1_2; soil [ENVO:00001998] | biome [ENVO:00000428]; Antarctica [SNOMED:223499005]; surface soil [ENVO:02000059]; Antarctica; 62.48163 S 59.66369 W
SRR34672388	PRJNA1294992	SAMN50146263	Antarctica	Polar soil	Polar soil	Antarctica	-62.48163	-59.66369	7.5	metadata_pH_available	Antarctica representative; Polar soil	PRJNA1294992	Antarctica		confirmed_lat_lon	not_selected_after_project_dedup:candidate	no	external_acidic_soil_project_reads	yes	yes	Greenwich Island-sitePRT-3.1; soil [ENVO:00001998] | biome [ENVO:00000428]; Antarctica [SNOMED:223499005]; surface soil [ENVO:02000059]; Antarctica; 62.48163 S 59.66369 W
SRR34672389	PRJNA1294992	SAMN50146262	Antarctica	Polar soil	Polar soil	Antarctica	-62.48058	-59.66372	7.8	metadata_pH_available	Antarctica representative; Polar soil	PRJNA1294992	Antarctica		confirmed_lat_lon	not_selected_after_project_dedup:candidate	no	external_acidic_soil_project_reads	yes	yes	Greenwich Island-sitePRT-2.3; soil [ENVO:00001998] | biome [ENVO:00000428]; Antarctica [SNOMED:223499005]; surface soil [ENVO:02000059]; Antarctica; 62.48058 S 59.66372 W
SRR34672390	PRJNA1294992	SAMN50146261	Antarctica	Polar soil	Polar soil	Antarctica	-62.48058	-59.66372	7.8	metadata_pH_available	Antarctica representative; Polar soil	PRJNA1294992	Antarctica		confirmed_lat_lon	not_selected_after_project_dedup:candidate	no	external_acidic_soil_project_reads	yes	yes	Greenwich Island-sitePRT-2.2; soil [ENVO:00001998] | biome [ENVO:00000428]; Antarctica [SNOMED:223499005]; surface soil [ENVO:02000059]; Antarctica; 62.48058 S 59.66372 W
SRR34672391	PRJNA1294992	SAMN50146260	Antarctica	Polar soil	Polar soil	Antarctica	-62.48058	-59.66372	7.8	metadata_pH_available	Antarctica representative; Polar soil	PRJNA1294992	Antarctica		confirmed_lat_lon	not_selected_after_project_dedup:candidate	no	external_acidic_soil_project_reads	yes	yes	Greenwich Island-sitePRT-2.1; soil [ENVO:00001998] | biome [ENVO:00000428]; Antarctica [SNOMED:223499005]; surface soil [ENVO:02000059]; Antarctica; 62.48058 S 59.66372 W
SRR34672392	PRJNA1294992	SAMN50146259	Antarctica	Polar soil	Polar soil	Antarctica	-62.47869	-59.65867	7.9	metadata_pH_available	Antarctica representative; Polar soil	PRJNA1294992	Antarctica		confirmed_lat_lon	not_selected_after_project_dedup:candidate	no	external_acidic_soil_project_reads	yes	yes	Greenwich Island-sitePRT-1.3_2; soil [ENVO:00001998] | biome [ENVO:00000428]; Antarctica [SNOMED:223499005]; surface soil [ENVO:02000059]; Antarctica; 62.47869 S 59.65867 W
SRR34672393	PRJNA1294992	SAMN50146258	Antarctica	Polar soil	Polar soil	Antarctica	-62.47869	-59.65867	8.1	metadata_pH_available	Antarctica representative; Polar soil	PRJNA1294992	Antarctica		confirmed_lat_lon	not_selected_after_project_dedup:candidate	no	external_acidic_soil_project_reads	yes	yes	Greenwich Island-sitePRT-1.3; soil [ENVO:00001998] | biome [ENVO:00000428]; Antarctica [SNOMED:223499005]; surface soil [ENVO:02000059]; Antarctica; 62.47869 S 59.65867 W
SRR34672394	PRJNA1294992	SAMN50146257	Antarctica	Polar soil	Polar soil	Antarctica	-62.47869	-59.65867	8.1	metadata_pH_available	Antarctica representative; Polar soil	PRJNA1294992	Antarctica		confirmed_lat_lon	not_selected_after_project_dedup:candidate	no	external_acidic_soil_project_reads	yes	yes	Greenwich Island-sitePRT-1.2; soil [ENVO:00001998] | biome [ENVO:00000428]; Antarctica [SNOMED:223499005]; surface soil [ENVO:02000059]; Antarctica; 62.47869 S 59.65867 W
SRR34672395	PRJNA1294992	SAMN50146194	Antarctica	Polar soil	Polar soil	Antarctica	-62.18945	-58.9291	6.8	metadata_pH_available	Antarctica representative; Polar soil	PRJNA1294992	Antarctica		confirmed_lat_lon	not_selected_after_project_dedup:candidate	no	external_acidic_soil_project_reads	yes	yes	Kige George Island-siteIRJ-2.2; soil [ENVO:00001998] | biome [ENVO:00000428]; Antarctica [SNOMED:223499005]; surface soil [ENVO:02000059]; Antarctica; 62.18945 S 58.9291 W
SRR34672396	PRJNA1294992	SAMN50146256	Antarctica	Polar soil	Polar soil	Antarctica	-62.47869	-59.65867	7.9	metadata_pH_available	Antarctica representative; Polar soil	PRJNA1294992	Antarctica		confirmed_lat_lon	not_selected_after_project_dedup:candidate	no	external_acidic_soil_project_reads	yes	yes	Greenwich Island-sitePRT-1.1_2; soil [ENVO:00001998] | biome [ENVO:00000428]; Antarctica [SNOMED:223499005]; surface soil [ENVO:02000059]; Antarctica; 62.47869 S 59.65867 W
SRR34672397	PRJNA1294992	SAMN50146255	Antarctica	Polar soil	Polar soil	Antarctica	-62.47869	-59.65867	8.1	metadata_pH_available	Antarctica representative; Polar soil	PRJNA1294992	Antarctica		confirmed_lat_lon	not_selected_after_project_dedup:candidate	no	external_acidic_soil_project_reads	yes	yes	Greenwich Island-sitePRT-1.1; soil [ENVO:00001998] | biome [ENVO:00000428]; Antarctica [SNOMED:223499005]; surface soil [ENVO:02000059]; Antarctica; 62.47869 S 59.65867 W
SRR34672398	PRJNA1294992	SAMN50146254	Antarctica	Polar soil	Polar soil	Antarctica	-63.32226	-57.89895	7.2	metadata_pH_available	Antarctica representative; Polar soil	PRJNA1294992	Antarctica		confirmed_lat_lon	not_selected_after_project_dedup:candidate	no	external_acidic_soil_project_reads	yes	yes	Antarctic Peninsula-siteOHG-7.3; soil [ENVO:00001998] | biome [ENVO:00000428]; Antarctica [SNOMED:223499005]; surface soil [ENVO:02000059]; Antarctica; 63.32226 S 57.89895 W
SRR34672399	PRJNA1294992	SAMN50146253	Antarctica	Polar soil	Polar soil	Antarctica	-63.32226	-57.89895	7.2	metadata_pH_available	Antarctica representative; Polar soil	PRJNA1294992	Antarctica		confirmed_lat_lon	not_selected_after_project_dedup:candidate	no	external_acidic_soil_project_reads	yes	yes	Antarctic Peninsula-siteOHG-7.2; soil [ENVO:00001998] | biome [ENVO:00000428]; Antarctica [SNOMED:223499005]; surface soil [ENVO:02000059]; Antarctica; 63.32226 S 57.89895 W
SRR34672400	PRJNA1294992	SAMN50146252	Antarctica	Polar soil	Polar soil	Antarctica	-63.32226	-57.89895	7.2	metadata_pH_available	Antarctica representative; Polar soil	PRJNA1294992	Antarctica		confirmed_lat_lon	not_selected_after_project_dedup:candidate	no	external_acidic_soil_project_reads	yes	yes	Antarctic Peninsula-siteOHG-7.1; soil [ENVO:00001998] | biome [ENVO:00000428]; Antarctica [SNOMED:223499005]; surface soil [ENVO:02000059]; Antarctica; 63.32226 S 57.89895 W
SRR34672401	PRJNA1294992	SAMN50146251	Antarctica	Polar soil	Polar soil	Antarctica	-63.32102	-57.89813	8.1	metadata_pH_available	Antarctica representative; Polar soil	PRJNA1294992	Antarctica		confirmed_lat_lon	not_selected_after_project_dedup:candidate	no	external_acidic_soil_project_reads	yes	yes	Antarctic Peninsula-siteOHG-6.3; soil [ENVO:00001998] | biome [ENVO:00000428]; Antarctica [SNOMED:223499005]; surface soil [ENVO:02000059]; Antarctica; 63.32102 S 57.89813 W
SRR34672402	PRJNA1294992	SAMN50146250	Antarctica	Polar soil	Polar soil	Antarctica	-63.32102	-57.89813	7.3	metadata_pH_available	Antarctica representative; Polar soil	PRJNA1294992	Antarctica		confirmed_lat_lon	not_selected_after_project_dedup:candidate	no	external_acidic_soil_project_reads	yes	yes	Antarctic Peninsula-siteOHG-6.2_2; soil [ENVO:00001998] | biome [ENVO:00000428]; Antarctica [SNOMED:223499005]; surface soil [ENVO:02000059]; Antarctica; 63.32102 S 57.89813 W
SRR34672403	PRJNA1294992	SAMN50146249	Antarctica	Polar soil	Polar soil	Antarctica	-63.32102	-57.89813	8.1	metadata_pH_available	Antarctica representative; Polar soil	PRJNA1294992	Antarctica		confirmed_lat_lon	not_selected_after_project_dedup:candidate	no	external_acidic_soil_project_reads	yes	yes	Antarctic Peninsula-siteOHG-6.2; soil [ENVO:00001998] | biome [ENVO:00000428]; Antarctica [SNOMED:223499005]; surface soil [ENVO:02000059]; Antarctica; 63.32102 S 57.89813 W
SRR34672404	PRJNA1294992	SAMN50146248	Antarctica	Polar soil	Polar soil	Antarctica	-63.32102	-57.89813	7.3	metadata_pH_available	Antarctica representative; Polar soil	PRJNA1294992	Antarctica		confirmed_lat_lon	not_selected_after_project_dedup:candidate	no	external_acidic_soil_project_reads	yes	yes	Antarctic Peninsula-siteOHG-6.1_2; soil [ENVO:00001998] | biome [ENVO:00000428]; Antarctica [SNOMED:223499005]; surface soil [ENVO:02000059]; Antarctica; 63.32102 S 57.89813 W
SRR34672405	PRJNA1294992	SAMN50146247	Antarctica	Polar soil	Polar soil	Antarctica	-63.32102	-57.89813	8.1	metadata_pH_available	Antarctica representative; Polar soil	PRJNA1294992	Antarctica		confirmed_lat_lon	not_selected_after_project_dedup:candidate	no	external_acidic_soil_project_reads	yes	yes	Antarctic Peninsula-siteOHG-6.1; soil [ENVO:00001998] | biome [ENVO:00000428]; Antarctica [SNOMED:223499005]; surface soil [ENVO:02000059]; Antarctica; 63.32102 S 57.89813 W
SRR34672407	PRJNA1294992	SAMN50146246	Antarctica	Polar soil	Polar soil	Antarctica	-63.32126	-57.90018	7.8	metadata_pH_available	Antarctica representative; Polar soil	PRJNA1294992	Antarctica		confirmed_lat_lon	not_selected_after_project_dedup:candidate	no	external_acidic_soil_project_reads	yes	yes	Antarctic Peninsula-siteOHG-4.3; soil [ENVO:00001998] | biome [ENVO:00000428]; Antarctica [SNOMED:223499005]; surface soil [ENVO:02000059]; Antarctica; 63.32126 S 57.90018 W
SRR34672408	PRJNA1294992	SAMN50146245	Antarctica	Polar soil	Polar soil	Antarctica	-63.32126	-57.90018	7.8	metadata_pH_available	Antarctica representative; Polar soil	PRJNA1294992	Antarctica		confirmed_lat_lon	not_selected_after_project_dedup:candidate	no	external_acidic_soil_project_reads	yes	yes	Antarctic Peninsula-siteOHG-4.2; soil [ENVO:00001998] | biome [ENVO:00000428]; Antarctica [SNOMED:223499005]; surface soil [ENVO:02000059]; Antarctica; 63.32126 S 57.90018 W
SRR34672409	PRJNA1294992	SAMN50146244	Antarctica	Polar soil	Polar soil	Antarctica	-63.32126	-57.90018	7.8	metadata_pH_available	Antarctica representative; Polar soil	PRJNA1294992	Antarctica		confirmed_lat_lon	not_selected_after_project_dedup:candidate	no	external_acidic_soil_project_reads	yes	yes	Antarctic Peninsula-siteOHG-4.1; soil [ENVO:00001998] | biome [ENVO:00000428]; Antarctica [SNOMED:223499005]; surface soil [ENVO:02000059]; Antarctica; 63.32126 S 57.90018 W
SRR34672410	PRJNA1294992	SAMN50146243	Antarctica	Polar soil	Polar soil	Antarctica	-63.32122	-57.89863	7.9	metadata_pH_available	Antarctica representative; Polar soil	PRJNA1294992	Antarctica		confirmed_lat_lon	not_selected_after_project_dedup:candidate	no	external_acidic_soil_project_reads	yes	yes	Antarctic Peninsula-siteOHG-3.3_2; soil [ENVO:00001998] | biome [ENVO:00000428]; Antarctica [SNOMED:223499005]; surface soil [ENVO:02000059]; Antarctica; 63.32122 S 57.89863 W
SRR34672411	PRJNA1294992	SAMN50146242	Antarctica	Polar soil	Polar soil	Antarctica	-63.32122	-57.89863	7.5	metadata_pH_available	Antarctica representative; Polar soil	PRJNA1294992	Antarctica		confirmed_lat_lon	not_selected_after_project_dedup:candidate	no	external_acidic_soil_project_reads	yes	yes	Antarctic Peninsula-siteOHG-3.3; soil [ENVO:00001998] | biome [ENVO:00000428]; Antarctica [SNOMED:223499005]; surface soil [ENVO:02000059]; Antarctica; 63.32122 S 57.89863 W
SRR34672412	PRJNA1294992	SAMN50146241	Antarctica	Polar soil	Polar soil	Antarctica	-63.32122	-57.89863	7.5	metadata_pH_available	Antarctica representative; Polar soil	PRJNA1294992	Antarctica		confirmed_lat_lon	not_selected_after_project_dedup:candidate	no	external_acidic_soil_project_reads	yes	yes	Antarctic Peninsula-siteOHG-3.2; soil [ENVO:00001998] | biome [ENVO:00000428]; Antarctica [SNOMED:223499005]; surface soil [ENVO:02000059]; Antarctica; 63.32122 S 57.89863 W
SRR34672413	PRJNA1294992	SAMN50146240	Antarctica	Polar soil	Polar soil	Antarctica	-63.32122	-57.89863	7.9	metadata_pH_available	Antarctica representative; Polar soil	PRJNA1294992	Antarctica		confirmed_lat_lon	not_selected_after_project_dedup:candidate	no	external_acidic_soil_project_reads	yes	yes	Antarctic Peninsula-siteOHG-3.1_2; soil [ENVO:00001998] | biome [ENVO:00000428]; Antarctica [SNOMED:223499005]; surface soil [ENVO:02000059]; Antarctica; 63.32122 S 57.89863 W
SRR34672414	PRJNA1294992	SAMN50146239	Antarctica	Polar soil	Polar soil	Antarctica	-63.32122	-57.89863	7.5	metadata_pH_available	Antarctica representative; Polar soil	PRJNA1294992	Antarctica		confirmed_lat_lon	not_selected_after_project_dedup:candidate	no	external_acidic_soil_project_reads	yes	yes	Antarctic Peninsula-siteOHG-3.1; soil [ENVO:00001998] | biome [ENVO:00000428]; Antarctica [SNOMED:223499005]; surface soil [ENVO:02000059]; Antarctica; 63.32122 S 57.89863 W
SRR34672415	PRJNA1294992	SAMN50146238	Antarctica	Polar soil	Polar soil	Antarctica	-63.32119	-57.89898	8.3	metadata_pH_available	Antarctica representative; Polar soil	PRJNA1294992	Antarctica		confirmed_lat_lon	not_selected_after_project_dedup:candidate	no	external_acidic_soil_project_reads	yes	yes	Antarctic Peninsula-siteOHG-2.3; soil [ENVO:00001998] | biome [ENVO:00000428]; Antarctica [SNOMED:223499005]; surface soil [ENVO:02000059]; Antarctica; 63.32119 S 57.89898 W
SRR34672416	PRJNA1294992	SAMN50146237	Antarctica	Polar soil	Polar soil	Antarctica	-63.32119	-57.89898	8.3	metadata_pH_available	Antarctica representative; Polar soil	PRJNA1294992	Antarctica		confirmed_lat_lon	not_selected_after_project_dedup:candidate	no	external_acidic_soil_project_reads	yes	yes	Antarctic Peninsula-siteOHG-2.2; soil [ENVO:00001998] | biome [ENVO:00000428]; Antarctica [SNOMED:223499005]; surface soil [ENVO:02000059]; Antarctica; 63.32119 S 57.89898 W
SRR34672418	PRJNA1294992	SAMN50146236	Antarctica	Polar soil	Polar soil	Antarctica	-63.32119	-57.89898	8.3	metadata_pH_available	Antarctica representative; Polar soil	PRJNA1294992	Antarctica		confirmed_lat_lon	not_selected_after_project_dedup:candidate	no	external_acidic_soil_project_reads	yes	yes	Antarctic Peninsula-siteOHG-2.1; soil [ENVO:00001998] | biome [ENVO:00000428]; Antarctica [SNOMED:223499005]; surface soil [ENVO:02000059]; Antarctica; 63.32119 S 57.89898 W
SRR34672419	PRJNA1294992	SAMN50146235	Antarctica	Polar soil	Polar soil	Antarctica	-63.32131	-57.89923	8.2	metadata_pH_available	Antarctica representative; Polar soil	PRJNA1294992	Antarctica		confirmed_lat_lon	not_selected_after_project_dedup:candidate	no	external_acidic_soil_project_reads	yes	yes	Antarctic Peninsula-siteOHG-1.2; soil [ENVO:00001998] | biome [ENVO:00000428]; Antarctica [SNOMED:223499005]; surface soil [ENVO:02000059]; Antarctica; 63.32131 S 57.89923 W
SRR34672420	PRJNA1294992	SAMN50146234	Antarctica	Polar soil	Polar soil	Antarctica	-63.32131	-57.89923	8.2	metadata_pH_available	Antarctica representative; Polar soil	PRJNA1294992	Antarctica		confirmed_lat_lon	not_selected_after_project_dedup:candidate	no	external_acidic_soil_project_reads	yes	yes	Antarctic Peninsula-siteOHG-1.1; soil [ENVO:00001998] | biome [ENVO:00000428]; Antarctica [SNOMED:223499005]; surface soil [ENVO:02000059]; Antarctica; 63.32131 S 57.89923 W
SRR34672421	PRJNA1294992	SAMN50146233	Antarctica	Polar soil	Polar soil	Antarctica	-62.19981	-58.95933	6.5	metadata_pH_available	Antarctica representative; Polar soil	PRJNA1294992	Antarctica		confirmed_lat_lon	not_selected_after_project_dedup:candidate	no	external_acidic_soil_project_reads	yes	yes	Kige George Island-siteIRJ-9.3_2; soil [ENVO:00001998] | biome [ENVO:00000428]; Antarctica [SNOMED:223499005]; surface soil [ENVO:02000059]; Antarctica; 62.19981 S 58.95933 W
SRR34672422	PRJNA1294992	SAMN50146232	Antarctica	Polar soil	Polar soil	Antarctica	-62.19981	-58.95933	9.5	metadata_pH_available	Antarctica representative; Polar soil	PRJNA1294992	Antarctica		confirmed_lat_lon	not_selected_after_project_dedup:candidate	no	external_acidic_soil_project_reads	yes	yes	Kige George Island-siteIRJ-9.3; soil [ENVO:00001998] | biome [ENVO:00000428]; Antarctica [SNOMED:223499005]; surface soil [ENVO:02000059]; Antarctica; 62.19981 S 58.95933 W
SRR34672423	PRJNA1294992	SAMN50146231	Antarctica	Polar soil	Polar soil	Antarctica	-62.19981	-58.95933	6.5	metadata_pH_available	Antarctica representative; Polar soil	PRJNA1294992	Antarctica		confirmed_lat_lon	not_selected_after_project_dedup:candidate	no	external_acidic_soil_project_reads	yes	yes	Kige George Island-siteIRJ-9.2_2; soil [ENVO:00001998] | biome [ENVO:00000428]; Antarctica [SNOMED:223499005]; surface soil [ENVO:02000059]; Antarctica; 62.19981 S 58.95933 W
SRR34672424	PRJNA1294992	SAMN50146230	Antarctica	Polar soil	Polar soil	Antarctica	-62.19981	-58.95933	9.5	metadata_pH_available	Antarctica representative; Polar soil	PRJNA1294992	Antarctica		confirmed_lat_lon	not_selected_after_project_dedup:candidate	no	external_acidic_soil_project_reads	yes	yes	Kige George Island-siteIRJ-9.2; soil [ENVO:00001998] | biome [ENVO:00000428]; Antarctica [SNOMED:223499005]; surface soil [ENVO:02000059]; Antarctica; 62.19981 S 58.95933 W
SRR34672425	PRJNA1294992	SAMN50146229	Antarctica	Polar soil	Polar soil	Antarctica	-62.19981	-58.95933	6.5	metadata_pH_available	Antarctica representative; Polar soil	PRJNA1294992	Antarctica		confirmed_lat_lon	not_selected_after_project_dedup:candidate	no	external_acidic_soil_project_reads	yes	yes	Kige George Island-siteIRJ-9.1_2; soil [ENVO:00001998] | biome [ENVO:00000428]; Antarctica [SNOMED:223499005]; surface soil [ENVO:02000059]; Antarctica; 62.19981 S 58.95933 W
SRR34672426	PRJNA1294992	SAMN50146228	Antarctica	Polar soil	Polar soil	Antarctica	-62.19981	-58.95933	9.5	metadata_pH_available	Antarctica representative; Polar soil	PRJNA1294992	Antarctica		confirmed_lat_lon	not_selected_after_project_dedup:candidate	no	external_acidic_soil_project_reads	yes	yes	Kige George Island-siteIRJ-9.1; soil [ENVO:00001998] | biome [ENVO:00000428]; Antarctica [SNOMED:223499005]; surface soil [ENVO:02000059]; Antarctica; 62.19981 S 58.95933 W
SRR34672427	PRJNA1294992	SAMN50146227	Antarctica	Polar soil	Polar soil	Antarctica	-62.19978	-58.95931	8.6	metadata_pH_available	Antarctica representative; Polar soil	PRJNA1294992	Antarctica		confirmed_lat_lon	not_selected_after_project_dedup:candidate	no	external_acidic_soil_project_reads	yes	yes	Kige George Island-siteIRJ-8.3_2; soil [ENVO:00001998] | biome [ENVO:00000428]; Antarctica [SNOMED:223499005]; surface soil [ENVO:02000059]; Antarctica; 62.19978 S 58.95931 W
